order_id,is_prepaid,city_tier,past_cod_rejections,order_value,item_category,address_text,address_completeness,order_hour,is_weekend,rejected
ORD00001,0,2,1,460.0,home,"H.No. 8, Nehru Nagar, Guwahati, 628514",90,22,0,0
ORD00002,1,3,1,760.0,fashion,"Ashok Vihar, Mumbai, 604370",63,21,0,0
ORD00003,1,3,0,1060.0,home,"Door No. 5, Park Street, Pune, 517846",90,21,1,1
ORD00004,1,1,3,430.0,fashion,"Flat 4B, Park Street, Opposite Petrol Pump, Ranchi, 225874",100,8,0,0
ORD00005,0,1,1,1060.0,fashion,"23, Lake View Lane, Near Water Tank, Indore",77,14,1,0
ORD00006,0,1,0,690.0,fashion,"H.No. 8, Station Road, Near Water Tank, Kanpur",77,5,1,0
ORD00007,0,2,2,1250.0,home,"Flat 4B, Church Street, Near Govt School, Bhopal, 656286",100,15,1,1
ORD00008,1,2,0,590.0,fashion,"Plot No. 17, Lake View Lane, Near City Hospital, Lucknow, 192186",100,6,1,1
ORD00009,1,2,1,840.0,electronics,"H.No. 8, Station Road, Near Water Tank, Mirzapur, 644764",100,14,0,0
ORD00010,1,1,0,650.0,accessories,"23, Lake View Lane, Near City Hospital, Patna, 571389",100,22,0,0
ORD00011,0,1,2,630.0,beauty,"23, Nehru Nagar, Behind Central Mall, Kanpur, 226639",100,1,0,0
ORD00012,1,2,0,780.0,fashion,"Flat 4B, Sector 12, Near Govt School, Mumbai, 319200",100,7,0,0
ORD00013,1,2,1,920.0,fashion,"H.No. 8, Model Colony, Opposite SBI Bank, Jaipur",77,11,0,0
ORD00014,0,1,0,310.0,beauty,"Door No. 5, Station Road, Mumbai, 157369",90,10,0,0
ORD00015,0,2,1,1570.0,accessories,"Door No. 5, Sector 12, Opposite SBI Bank, Mumbai, 260104",100,5,0,0
ORD00016,0,1,2,220.0,fashion,"Door No. 5, MG Road, Near City Hospital, Patna, 557220",100,19,0,0
ORD00017,0,3,0,440.0,grocery,"Plot No. 17, Park Street, Bhopal",67,12,0,0
ORD00018,0,3,1,630.0,home,"Door No. 5, Ashok Vihar, Opposite SBI Bank, Guwahati, 400476",100,22,0,1
ORD00019,0,1,0,850.0,home,"Plot No. 17, Lake View Lane, Patna, 564554",90,15,0,0
ORD00020,0,1,3,1710.0,accessories,"Flat 4B, Lake View Lane, Near City Hospital, Guwahati, 163256",100,7,0,0
ORD00021,1,2,0,220.0,beauty,"Gandhi Marg, Near City Hospital, Indore",50,16,0,0
ORD00022,0,1,2,490.0,accessories,"Door No. 5, Park Street, Nagpur, 585282",90,12,1,0
ORD00023,0,2,2,200.0,electronics,"23, Station Road, Near Govt School, Kanpur, 334721",100,3,0,0
ORD00024,0,3,0,680.0,home,"Flat 4B, Model Colony, Behind Central Mall, Jaipur, 738644",100,19,1,0
ORD00025,0,2,0,780.0,beauty,"Door No. 5, Nehru Nagar, Opposite SBI Bank, Pune, 509228",100,9,0,0
ORD00026,1,3,0,1730.0,electronics,"Plot No. 17, Lake View Lane, Lucknow, 137506",90,21,0,0
ORD00027,0,2,2,720.0,home,"Flat 4B, Gandhi Marg, Patna, 130548",90,19,0,1
ORD00028,0,1,0,1240.0,fashion,"Plot No. 17, Church Street, Indore",67,15,0,0
ORD00029,1,2,0,940.0,fashion,"Plot No. 17, Model Colony, Guwahati",67,16,0,0
ORD00030,0,2,2,510.0,electronics,"Flat 4B, Church Street, Mirzapur, 610685",90,7,1,1
ORD00031,1,2,0,290.0,beauty,"Ashok Vihar, Opposite SBI Bank, Guwahati, 332084",73,10,1,0
ORD00032,0,1,1,780.0,accessories,"Plot No. 17, Ashok Vihar, Near Water Tank, Patna, 478971",100,4,1,0
ORD00033,0,1,0,270.0,electronics,"Plot No. 17, MG Road, Bhopal, 624703",90,20,0,0
ORD00034,1,3,0,1450.0,beauty,"H.No. 8, Park Street, Guwahati",67,15,0,1
ORD00035,1,1,2,600.0,fashion,"23, Church Street, Near City Hospital, Mirzapur",77,23,0,0
ORD00036,1,3,0,1360.0,accessories,"Church Street, Ranchi",40,7,0,0
ORD00037,0,3,0,500.0,home,"23, Gandhi Marg, Behind Central Mall, Lucknow, 202550",100,20,1,0
ORD00038,0,3,2,780.0,grocery,"23, Ashok Vihar, Near Water Tank, Pune, 315003",100,15,0,0
ORD00039,1,2,0,750.0,grocery,"H.No. 8, Ashok Vihar, Opposite Petrol Pump, Jaipur",77,3,1,0
ORD00040,0,2,4,650.0,fashion,"Door No. 5, Nehru Nagar, Bhopal",67,5,0,0
ORD00041,0,3,4,510.0,home,"23, Lake View Lane, Mumbai",67,20,0,1
ORD00042,0,1,0,840.0,accessories,"Plot No. 17, Nehru Nagar, Indore, 642461",90,7,1,0
ORD00043,0,2,0,380.0,fashion,"Plot No. 17, Gandhi Marg, Mirzapur, 845079",90,8,1,0
ORD00044,1,2,1,320.0,beauty,"Door No. 5, Church Street, Near Govt School, Indore, 723520",100,12,0,0
ORD00045,0,2,0,1400.0,accessories,"Door No. 5, Church Street, Mumbai",67,16,0,0
ORD00046,1,2,0,1030.0,electronics,"Door No. 5, Gandhi Marg, Indore, 351623",90,8,0,0
ORD00047,0,2,1,690.0,accessories,"Gandhi Marg, Opposite Petrol Pump, Mumbai",50,12,0,1
ORD00048,0,2,0,1810.0,accessories,"Plot No. 17, Gandhi Marg, Pune, 213533",90,8,1,0
ORD00049,0,3,3,570.0,beauty,"Door No. 5, Church Street, Bhopal, 228288",90,5,0,1
ORD00050,0,1,0,1470.0,fashion,"Nehru Nagar, Near City Hospital, Guwahati, 770556",73,9,0,0
ORD00051,1,3,0,740.0,electronics,"Flat 4B, Station Road, Bhopal",67,4,0,0
ORD00052,1,2,0,360.0,fashion,"Lake View Lane, Jaipur, 598235",63,6,0,0
ORD00053,1,3,4,2020.0,grocery,"Plot No. 17, Gandhi Marg, Bhopal, 216153",90,10,0,0
ORD00054,1,2,1,1210.0,grocery,"Flat 4B, Gandhi Marg, Opposite SBI Bank, Patna",77,23,1,0
ORD00055,1,3,2,620.0,beauty,"H.No. 8, Lake View Lane, Ranchi",67,8,0,0
ORD00056,1,1,0,1030.0,electronics,"H.No. 8, Lake View Lane, Kanpur, 188221",90,9,1,0
ORD00057,0,3,0,520.0,fashion,"23, Ashok Vihar, Indore, 213726",90,10,0,0
ORD00058,0,1,0,1090.0,grocery,"Plot No. 17, MG Road, Nagpur",67,2,1,0
ORD00059,0,3,0,200.0,beauty,"Flat 4B, MG Road, Bhopal",67,7,1,1
ORD00060,0,3,1,360.0,accessories,"23, Model Colony, Opposite SBI Bank, Pune",77,16,0,0
ORD00061,0,1,1,1200.0,beauty,"Door No. 5, Nehru Nagar, Near Water Tank, Guwahati, 226076",100,6,0,1
ORD00062,0,1,0,570.0,grocery,"23, Model Colony, Behind Central Mall, Pune",77,11,0,0
ORD00063,1,3,4,750.0,beauty,"Door No. 5, MG Road, Pune, 224400",90,15,0,0
ORD00064,0,1,0,300.0,beauty,"Flat 4B, Model Colony, Lucknow, 509032",90,14,1,0
ORD00065,0,3,4,2020.0,electronics,"23, Park Street, Near Govt School, Patna, 437306",100,20,0,1
ORD00066,0,1,0,1360.0,accessories,"Plot No. 17, Model Colony, Behind Central Mall, Nagpur, 705876",100,12,0,0
ORD00067,0,1,0,590.0,beauty,"Plot No. 17, Church Street, Opposite Petrol Pump, Nagpur, 802665",100,17,0,0
ORD00068,1,3,0,520.0,electronics,"Nehru Nagar, Pune, 726952",63,17,0,0
ORD00069,0,2,0,1230.0,fashion,"Plot No. 17, Ashok Vihar, Nagpur, 780014",90,23,0,0
ORD00070,1,3,1,2190.0,fashion,"Plot No. 17, Park Street, Opposite SBI Bank, Guwahati, 565653",100,4,0,0
ORD00071,1,2,0,1180.0,home,"Flat 4B, Model Colony, Near Govt School, Ranchi, 608831",100,13,1,0
ORD00072,0,2,0,2450.0,fashion,"Flat 4B, MG Road, Opposite Petrol Pump, Mumbai, 773030",100,10,0,0
ORD00073,0,2,1,380.0,fashion,"Plot No. 17, MG Road, Behind Central Mall, Guwahati, 685757",100,2,0,1
ORD00074,1,2,1,410.0,home,"Flat 4B, Church Street, Near Water Tank, Nagpur, 177197",100,16,1,1
ORD00075,1,2,2,330.0,fashion,"H.No. 8, MG Road, Near Govt School, Pune, 729356",100,22,0,1
ORD00076,1,2,0,870.0,grocery,"Door No. 5, Station Road, Indore",67,11,1,0
ORD00077,1,2,1,740.0,electronics,"Door No. 5, Lake View Lane, Opposite SBI Bank, Guwahati",77,2,1,0
ORD00078,0,1,1,610.0,home,"Plot No. 17, Station Road, Pune",67,22,1,0
ORD00079,0,3,0,1080.0,fashion,"23, Sector 12, Mumbai, 281765",90,1,0,1
ORD00080,0,1,0,1390.0,electronics,"Flat 4B, Ashok Vihar, Opposite SBI Bank, Nagpur",77,3,1,0
ORD00081,1,2,0,270.0,electronics,"H.No. 8, Station Road, Opposite SBI Bank, Nagpur, 567478",100,17,1,0
ORD00082,1,1,0,460.0,grocery,"23, Church Street, Opposite Petrol Pump, Guwahati, 422736",100,19,1,0
ORD00083,0,2,0,1090.0,grocery,"Lake View Lane, Indore, 227285",63,20,0,0
ORD00084,0,2,0,500.0,fashion,"Plot No. 17, Lake View Lane, Guwahati, 532854",90,13,0,0
ORD00085,0,1,1,410.0,beauty,"Station Road, Opposite Petrol Pump, Kanpur, 406627",73,7,0,1
ORD00086,0,1,1,1230.0,fashion,"H.No. 8, Nehru Nagar, Near City Hospital, Kanpur, 847891",100,1,0,0
ORD00087,1,1,4,310.0,accessories,"Church Street, Ranchi",40,18,0,1
ORD00088,1,2,1,560.0,accessories,"Flat 4B, Sector 12, Near Govt School, Pune, 147024",100,9,0,0
ORD00089,1,3,0,810.0,home,"H.No. 8, Gandhi Marg, Near Water Tank, Ranchi",77,4,1,0
ORD00090,0,1,3,470.0,beauty,"Flat 4B, Sector 12, Pune, 309092",90,10,1,1
ORD00091,0,2,2,1060.0,grocery,"23, Model Colony, Bhopal",67,8,1,0
ORD00092,1,2,0,470.0,beauty,"23, Park Street, Ranchi, 137981",90,15,1,0
ORD00093,1,2,1,1550.0,beauty,"H.No. 8, MG Road, Mumbai, 464545",90,4,1,0
ORD00094,1,3,4,620.0,accessories,"MG Road, Bhopal, 496179",63,14,1,0
ORD00095,1,2,0,1000.0,home,"H.No. 8, MG Road, Kanpur, 165369",90,13,0,0
ORD00096,0,2,3,1040.0,beauty,"Nehru Nagar, Ranchi, 830632",63,8,0,1
ORD00097,0,1,0,460.0,grocery,"Plot No. 17, Station Road, Mirzapur, 848994",90,19,0,0
ORD00098,0,1,0,200.0,beauty,"23, MG Road, Mumbai, 383120",90,4,0,0
ORD00099,0,1,0,830.0,beauty,"H.No. 8, Station Road, Opposite Petrol Pump, Bhopal, 593530",100,14,1,1
ORD00100,0,1,1,690.0,fashion,"23, Lake View Lane, Near City Hospital, Bhopal",77,8,0,0
ORD00101,0,2,2,930.0,electronics,"23, Station Road, Kanpur, 158332",90,3,0,0
ORD00102,1,2,5,580.0,fashion,"Plot No. 17, Church Street, Kanpur",67,20,0,0
ORD00103,0,2,0,510.0,home,"H.No. 8, Gandhi Marg, Bhopal, 428675",90,20,0,0
ORD00104,0,1,0,2220.0,electronics,"Door No. 5, Sector 12, Near City Hospital, Nagpur, 347650",100,3,0,0
ORD00105,1,1,2,270.0,accessories,"H.No. 8, MG Road, Near City Hospital, Kanpur, 153437",100,19,1,1
ORD00106,0,2,1,1030.0,beauty,"Plot No. 17, Nehru Nagar, Near Water Tank, Kanpur, 297262",100,20,0,0
ORD00107,0,3,0,470.0,grocery,"Plot No. 17, Sector 12, Opposite Petrol Pump, Pune, 264594",100,21,0,0
ORD00108,1,1,0,540.0,electronics,"Flat 4B, Lake View Lane, Behind Central Mall, Jaipur, 384184",100,6,1,0
ORD00109,0,3,1,550.0,grocery,"Flat 4B, Nehru Nagar, Indore, 350021",90,14,1,0
ORD00110,0,2,2,410.0,beauty,"23, Gandhi Marg, Opposite SBI Bank, Pune, 789245",100,21,0,0
ORD00111,0,2,0,940.0,beauty,"Door No. 5, Lake View Lane, Near Govt School, Patna, 151290",100,16,0,1
ORD00112,0,2,0,1530.0,fashion,"Door No. 5, Model Colony, Patna, 471975",90,17,0,0
ORD00113,1,1,4,880.0,home,"Plot No. 17, Gandhi Marg, Kanpur",67,6,1,0
ORD00114,1,1,1,710.0,beauty,"Plot No. 17, Lake View Lane, Indore",67,18,0,0
ORD00115,1,2,0,370.0,home,"Plot No. 17, Park Street, Nagpur, 370741",90,9,0,0
ORD00116,1,2,0,910.0,accessories,"Plot No. 17, Sector 12, Near City Hospital, Jaipur, 797664",100,12,0,0
ORD00117,1,3,1,2430.0,accessories,"Plot No. 17, MG Road, Near Govt School, Mirzapur, 387717",100,1,1,0
ORD00118,0,2,0,530.0,accessories,"Sector 12, Jaipur, 447051",63,21,0,0
ORD00119,1,1,0,530.0,beauty,"Plot No. 17, MG Road, Jaipur, 763867",90,19,0,0
ORD00120,0,2,0,480.0,accessories,"Plot No. 17, Park Street, Opposite SBI Bank, Kanpur, 743596",100,10,0,0
ORD00121,1,1,0,500.0,grocery,"H.No. 8, Gandhi Marg, Indore, 778446",90,4,0,0
ORD00122,1,2,1,200.0,fashion,"Plot No. 17, Station Road, Nagpur, 188784",90,5,0,0
ORD00123,0,2,0,850.0,electronics,"Door No. 5, Lake View Lane, Mumbai, 531953",90,2,0,0
ORD00124,0,3,1,400.0,fashion,"H.No. 8, Lake View Lane, Opposite Petrol Pump, Mirzapur, 159094",100,0,0,1
ORD00125,0,3,0,250.0,fashion,"23, Park Street, Opposite SBI Bank, Patna, 500493",100,2,1,0
ORD00126,0,2,0,1050.0,fashion,"Door No. 5, Sector 12, Lucknow, 517796",90,2,0,1
ORD00127,1,2,0,350.0,fashion,"Lake View Lane, Indore, 777934",63,21,1,0
ORD00128,1,3,3,540.0,beauty,"H.No. 8, Nehru Nagar, Indore, 620921",90,3,0,0
ORD00129,0,1,2,1600.0,electronics,"23, Nehru Nagar, Jaipur, 596660",90,6,0,0
ORD00130,0,1,0,290.0,electronics,"MG Road, Behind Central Mall, Jaipur, 812324",73,14,0,0
ORD00131,0,1,2,270.0,grocery,"23, Church Street, Mirzapur",67,10,0,0
ORD00132,0,1,1,780.0,grocery,"Door No. 5, Lake View Lane, Patna, 689287",90,17,0,0
ORD00133,0,2,4,1330.0,accessories,"H.No. 8, Ashok Vihar, Near Water Tank, Indore, 482664",100,11,0,1
ORD00134,0,2,0,260.0,beauty,"Flat 4B, Gandhi Marg, Patna",67,3,1,1
ORD00135,1,2,1,850.0,electronics,"H.No. 8, Lake View Lane, Opposite SBI Bank, Bhopal, 537722",100,23,1,0
ORD00136,0,1,0,940.0,electronics,"H.No. 8, Ashok Vihar, Lucknow, 317802",90,10,0,0
ORD00137,0,2,0,200.0,fashion,"Ashok Vihar, Kanpur",40,5,0,0
ORD00138,1,2,4,1070.0,fashion,"23, Sector 12, Opposite Petrol Pump, Pune, 721358",100,18,0,0
ORD00139,0,2,0,1130.0,electronics,"23, Ashok Vihar, Ranchi, 842718",90,17,1,0
ORD00140,1,2,0,550.0,accessories,"Door No. 5, Nehru Nagar, Bhopal",67,14,0,0
ORD00141,1,2,0,1410.0,fashion,"Station Road, Mirzapur, 814898",63,2,0,0
ORD00142,0,1,1,1320.0,fashion,"Flat 4B, Model Colony, Lucknow, 164601",90,16,0,0
ORD00143,0,1,1,710.0,fashion,"Flat 4B, Park Street, Opposite Petrol Pump, Mumbai, 139153",100,0,0,0
ORD00144,0,3,0,510.0,beauty,"Plot No. 17, Ashok Vihar, Bhopal, 643021",90,1,0,0
ORD00145,0,3,4,370.0,electronics,"H.No. 8, Lake View Lane, Ranchi, 760571",90,18,0,1
ORD00146,0,2,0,650.0,electronics,"Plot No. 17, Gandhi Marg, Opposite Petrol Pump, Pune",77,8,0,0
ORD00147,1,1,0,940.0,fashion,"MG Road, Nagpur",40,7,0,0
ORD00148,0,2,3,550.0,electronics,"Plot No. 17, Park Street, Near City Hospital, Lucknow, 710081",100,11,0,0
ORD00149,0,2,0,200.0,fashion,"H.No. 8, Sector 12, Bhopal, 568669",90,14,0,0
ORD00150,0,3,0,1420.0,home,"23, Ashok Vihar, Lucknow, 174712",90,22,0,1
ORD00151,1,1,0,750.0,fashion,"23, Lake View Lane, Pune, 495262",90,6,0,0
ORD00152,0,1,2,530.0,grocery,"Door No. 5, Gandhi Marg, Lucknow, 464831",90,20,0,1
ORD00153,0,2,0,1110.0,home,"Door No. 5, Lake View Lane, Nagpur, 576674",90,15,0,0
ORD00154,0,2,4,1660.0,beauty,"Flat 4B, Park Street, Lucknow, 782299",90,6,1,0
ORD00155,1,1,2,200.0,electronics,"Door No. 5, Gandhi Marg, Near Govt School, Bhopal",77,19,1,0
ORD00156,0,1,0,860.0,electronics,"Plot No. 17, Model Colony, Bhopal, 622907",90,20,0,0
ORD00157,1,2,1,280.0,fashion,"23, Nehru Nagar, Bhopal, 278786",90,11,0,0
ORD00158,1,3,0,900.0,home,"Door No. 5, Model Colony, Pune",67,16,1,0
ORD00159,0,3,0,720.0,home,"Sector 12, Indore",40,10,0,0
ORD00160,1,2,2,970.0,electronics,"Door No. 5, Nehru Nagar, Jaipur, 440570",90,3,0,0
ORD00161,0,2,4,490.0,beauty,"Nehru Nagar, Pune, 377657",63,18,1,0
ORD00162,1,1,0,220.0,grocery,"23, Lake View Lane, Behind Central Mall, Mumbai, 799757",100,1,0,0
ORD00163,1,2,0,510.0,grocery,"Door No. 5, MG Road, Ranchi, 264592",90,1,0,0
ORD00164,0,2,0,850.0,fashion,"H.No. 8, Model Colony, Mirzapur",67,23,0,0
ORD00165,0,2,0,1220.0,beauty,"Sector 12, Mirzapur, 153675",63,16,0,0
ORD00166,1,2,0,330.0,fashion,"Door No. 5, Lake View Lane, Guwahati, 283292",90,23,0,1
ORD00167,0,1,0,1230.0,beauty,"Gandhi Marg, Near Govt School, Lucknow, 306178",73,8,0,0
ORD00168,0,1,1,450.0,electronics,"MG Road, Indore, 607418",63,21,0,0
ORD00169,0,2,0,830.0,fashion,"23, Gandhi Marg, Nagpur",67,0,0,0
ORD00170,1,1,0,490.0,accessories,"Door No. 5, Nehru Nagar, Mirzapur, 374057",90,9,0,0
ORD00171,1,1,2,740.0,beauty,"Flat 4B, Church Street, Opposite Petrol Pump, Mumbai, 836224",100,22,0,0
ORD00172,0,3,2,1140.0,electronics,"Flat 4B, Nehru Nagar, Jaipur, 334438",90,14,0,0
ORD00173,0,2,0,320.0,fashion,"Plot No. 17, Model Colony, Near Water Tank, Indore, 772893",100,20,0,0
ORD00174,0,2,0,440.0,home,"Plot No. 17, Ashok Vihar, Lucknow, 305895",90,14,0,0
ORD00175,1,3,1,740.0,accessories,"23, Gandhi Marg, Patna",67,22,0,0
ORD00176,0,3,0,2810.0,home,"Plot No. 17, Ashok Vihar, Near City Hospital, Kanpur, 169228",100,20,0,0
ORD00177,1,2,0,400.0,accessories,"23, Lake View Lane, Pune, 186057",90,1,0,0
ORD00178,0,3,1,2260.0,fashion,"H.No. 8, Gandhi Marg, Mirzapur",67,13,0,1
ORD00179,1,2,0,2210.0,home,"23, Lake View Lane, Mumbai, 166515",90,3,0,0
ORD00180,0,2,0,630.0,grocery,"Plot No. 17, MG Road, Ranchi",67,17,0,1
ORD00181,0,2,0,560.0,home,"Plot No. 17, Park Street, Nagpur",67,8,0,0
ORD00182,0,2,0,440.0,fashion,"23, Station Road, Mirzapur",67,1,1,0
ORD00183,1,2,0,640.0,home,"H.No. 8, Park Street, Pune, 255373",90,1,0,0
ORD00184,1,2,5,290.0,beauty,"Door No. 5, Lake View Lane, Kanpur",67,17,0,1
ORD00185,0,1,0,640.0,beauty,"Flat 4B, MG Road, Opposite Petrol Pump, Nagpur, 650962",100,16,1,0
ORD00186,1,2,0,1630.0,grocery,"23, Church Street, Nagpur, 722997",90,8,0,0
ORD00187,1,1,0,460.0,grocery,"H.No. 8, Sector 12, Guwahati, 274512",90,7,1,0
ORD00188,1,2,3,580.0,beauty,"23, Ashok Vihar, Opposite SBI Bank, Guwahati",77,1,1,0
ORD00189,0,2,0,240.0,fashion,"H.No. 8, Church Street, Nagpur, 586450",90,1,0,0
ORD00190,0,2,0,830.0,electronics,"Plot No. 17, Sector 12, Near City Hospital, Indore, 508620",100,4,1,1
ORD00191,0,3,3,780.0,grocery,"Flat 4B, Park Street, Opposite SBI Bank, Patna, 548759",100,11,1,1
ORD00192,1,3,0,690.0,accessories,"Door No. 5, Nehru Nagar, Opposite SBI Bank, Ranchi",77,15,1,0
ORD00193,1,2,0,580.0,fashion,"Flat 4B, Ashok Vihar, Nagpur",67,13,0,0
ORD00194,1,2,0,560.0,home,"Door No. 5, Gandhi Marg, Near Water Tank, Nagpur, 590264",100,19,0,0
ORD00195,0,2,0,900.0,electronics,"Ashok Vihar, Near City Hospital, Lucknow, 218762",73,1,0,0
ORD00196,0,1,0,650.0,fashion,"Flat 4B, Station Road, Opposite Petrol Pump, Bhopal",77,23,0,0
ORD00197,1,1,1,800.0,home,"Plot No. 17, MG Road, Patna, 830938",90,7,0,0
ORD00198,1,1,0,760.0,beauty,"Park Street, Near Water Tank, Guwahati, 792241",73,3,0,0
ORD00199,1,2,1,1310.0,fashion,"Model Colony, Near Govt School, Patna, 814046",73,19,1,0
ORD00200,1,2,0,1000.0,grocery,"Plot No. 17, Ashok Vihar, Nagpur, 680357",90,8,0,0
ORD00201,1,3,0,750.0,grocery,"Nehru Nagar, Near Water Tank, Mumbai, 291510",73,19,1,0
ORD00202,0,1,0,1650.0,accessories,"Gandhi Marg, Pune, 427302",63,18,0,0
ORD00203,0,1,3,860.0,fashion,"H.No. 8, Lake View Lane, Behind Central Mall, Nagpur, 562676",100,1,0,0
ORD00204,1,3,0,1460.0,home,"Ashok Vihar, Near City Hospital, Lucknow, 394641",73,15,0,0
ORD00205,1,1,1,960.0,electronics,"Model Colony, Mirzapur, 453938",63,10,0,0
ORD00206,0,2,0,220.0,electronics,"H.No. 8, Sector 12, Opposite SBI Bank, Indore, 479377",100,7,1,1
ORD00207,0,2,0,1460.0,home,"Door No. 5, Park Street, Near Water Tank, Mumbai, 342756",100,11,0,0
ORD00208,1,2,0,720.0,grocery,"Plot No. 17, Ashok Vihar, Lucknow, 635595",90,2,0,0
ORD00209,0,1,0,640.0,fashion,"23, Sector 12, Lucknow, 449347",90,12,0,0
ORD00210,0,1,0,790.0,accessories,"Flat 4B, Park Street, Behind Central Mall, Jaipur",77,1,0,0
ORD00211,0,1,0,540.0,grocery,"23, MG Road, Mumbai",67,12,0,0
ORD00212,1,2,2,760.0,grocery,"Sector 12, Patna, 151534",63,7,0,0
ORD00213,1,2,0,470.0,grocery,"Nehru Nagar, Behind Central Mall, Guwahati, 757190",73,14,0,0
ORD00214,0,1,1,1430.0,electronics,"Plot No. 17, Model Colony, Opposite SBI Bank, Mirzapur, 222623",100,23,0,0
ORD00215,1,2,0,620.0,grocery,"23, Sector 12, Indore, 239174",90,20,0,0
ORD00216,0,3,0,530.0,electronics,"Door No. 5, Park Street, Indore, 336222",90,8,1,1
ORD00217,0,1,1,380.0,accessories,"Flat 4B, Model Colony, Opposite SBI Bank, Ranchi",77,10,0,0
ORD00218,1,2,0,780.0,fashion,"Flat 4B, Lake View Lane, Opposite Petrol Pump, Patna, 354709",100,21,0,0
ORD00219,1,2,0,740.0,fashion,"Church Street, Near City Hospital, Kanpur, 517471",73,20,0,0
ORD00220,1,1,1,840.0,home,"Flat 4B, Gandhi Marg, Nagpur",67,2,1,0
ORD00221,1,2,3,360.0,electronics,"Plot No. 17, Park Street, Pune",67,6,1,0
ORD00222,1,2,0,250.0,electronics,"Door No. 5, Ashok Vihar, Mumbai",67,13,1,0
ORD00223,0,3,0,970.0,electronics,"Flat 4B, Model Colony, Near City Hospital, Indore, 617802",100,14,0,0
ORD00224,0,3,3,1620.0,accessories,"23, Gandhi Marg, Patna, 443799",90,8,0,0
ORD00225,0,2,0,360.0,home,"Plot No. 17, Ashok Vihar, Opposite SBI Bank, Indore, 794195",100,19,0,0
ORD00226,0,2,1,1730.0,electronics,"Flat 4B, Model Colony, Nagpur, 828765",90,10,1,0
ORD00227,1,2,0,790.0,fashion,"Plot No. 17, Church Street, Near Water Tank, Mirzapur, 170965",100,6,0,0
ORD00228,0,2,0,660.0,electronics,"Plot No. 17, Church Street, Bhopal, 552976",90,11,0,0
ORD00229,1,2,1,520.0,home,"23, Park Street, Opposite Petrol Pump, Jaipur, 204266",100,18,1,0
ORD00230,1,1,0,290.0,beauty,"Sector 12, Near Govt School, Kanpur, 466757",73,17,0,0
ORD00231,1,2,0,1200.0,fashion,"Plot No. 17, Sector 12, Opposite Petrol Pump, Nagpur, 741167",100,12,0,0
ORD00232,0,2,0,420.0,fashion,"Plot No. 17, MG Road, Near Water Tank, Lucknow, 177819",100,10,0,0
ORD00233,1,2,2,420.0,electronics,"Plot No. 17, Station Road, Indore, 675469",90,0,0,0
ORD00234,0,3,1,1210.0,electronics,"Plot No. 17, MG Road, Bhopal, 303329",90,5,0,0
ORD00235,0,1,0,210.0,electronics,"23, Lake View Lane, Mirzapur",67,20,0,0
ORD00236,1,2,0,270.0,grocery,"Park Street, Kanpur",40,1,1,0
ORD00237,0,1,1,660.0,electronics,"H.No. 8, Lake View Lane, Jaipur",67,12,1,1
ORD00238,0,3,2,790.0,home,"Door No. 5, Church Street, Near Water Tank, Jaipur",77,12,0,0
ORD00239,1,2,1,890.0,beauty,"Plot No. 17, Sector 12, Behind Central Mall, Nagpur, 339109",100,18,0,0
ORD00240,0,2,0,550.0,fashion,"23, MG Road, Indore, 823685",90,8,0,0
ORD00241,1,2,1,3040.0,beauty,"Flat 4B, Station Road, Behind Central Mall, Guwahati",77,18,0,1
ORD00242,1,2,1,580.0,home,"Plot No. 17, Park Street, Patna, 617055",90,22,0,0
ORD00243,1,3,0,580.0,electronics,"Park Street, Opposite Petrol Pump, Ranchi, 534313",73,0,0,0
ORD00244,0,2,0,410.0,grocery,"Nehru Nagar, Patna",40,22,1,0
ORD00245,0,2,0,720.0,fashion,"Church Street, Mumbai, 598546",63,7,1,0
ORD00246,1,3,1,960.0,accessories,"H.No. 8, Church Street, Nagpur, 181410",90,22,0,0
ORD00247,0,1,0,1370.0,home,"23, Lake View Lane, Near Water Tank, Indore, 249491",100,13,0,0
ORD00248,1,1,1,270.0,beauty,"Plot No. 17, Lake View Lane, Behind Central Mall, Pune, 428473",100,23,0,0
ORD00249,1,2,3,570.0,accessories,"Door No. 5, Station Road, Nagpur, 558055",90,15,0,0
ORD00250,1,3,2,870.0,grocery,"H.No. 8, Station Road, Mirzapur, 657043",90,3,0,0
ORD00251,0,2,3,950.0,beauty,"Door No. 5, MG Road, Near Govt School, Pune, 282646",100,17,1,1
ORD00252,0,1,4,670.0,grocery,"Door No. 5, Model Colony, Kanpur, 607452",90,13,1,1
ORD00253,1,2,0,920.0,electronics,"H.No. 8, Sector 12, Near City Hospital, Ranchi, 776238",100,8,0,0
ORD00254,0,2,1,410.0,home,"Flat 4B, Park Street, Mumbai, 697329",90,14,0,0
ORD00255,0,1,0,1690.0,fashion,"Door No. 5, MG Road, Near Water Tank, Lucknow, 134401",100,2,1,0
ORD00256,1,2,2,1210.0,fashion,"23, Park Street, Patna, 760036",90,3,1,0
ORD00257,1,3,0,300.0,grocery,"23, Church Street, Patna, 206867",90,22,0,0
ORD00258,1,2,5,350.0,fashion,"23, Station Road, Pune, 460794",90,17,0,0
ORD00259,1,2,1,350.0,fashion,"H.No. 8, Gandhi Marg, Opposite SBI Bank, Guwahati, 351918",100,13,1,0
ORD00260,0,2,2,1000.0,grocery,"Plot No. 17, Sector 12, Nagpur",67,14,0,1
ORD00261,1,1,0,310.0,fashion,"Plot No. 17, Park Street, Near City Hospital, Bhopal, 253535",100,7,0,0
ORD00262,1,3,0,550.0,fashion,"H.No. 8, Park Street, Nagpur, 300798",90,9,0,0
ORD00263,0,2,2,870.0,home,"23, Park Street, Lucknow, 543691",90,23,1,1
ORD00264,0,2,0,640.0,home,"Plot No. 17, Model Colony, Opposite Petrol Pump, Jaipur",77,11,0,0
ORD00265,1,2,2,780.0,grocery,"Flat 4B, Gandhi Marg, Pune",67,20,0,0
ORD00266,1,2,0,350.0,home,"Plot No. 17, Lake View Lane, Opposite SBI Bank, Bhopal, 214169",100,8,1,0
ORD00267,1,2,1,950.0,home,"23, Model Colony, Opposite SBI Bank, Lucknow, 185387",100,7,1,0
ORD00268,1,1,0,460.0,beauty,"23, Ashok Vihar, Behind Central Mall, Nagpur",77,16,1,0
ORD00269,0,3,1,550.0,electronics,"Plot No. 17, Nehru Nagar, Kanpur, 809049",90,8,0,1
ORD00270,0,3,1,770.0,beauty,"Flat 4B, MG Road, Behind Central Mall, Pune, 211664",100,12,0,1
ORD00271,1,2,0,710.0,accessories,"Door No. 5, Sector 12, Near Govt School, Indore",77,13,0,0
ORD00272,1,3,0,670.0,electronics,"H.No. 8, Nehru Nagar, Opposite SBI Bank, Mumbai",77,4,0,0
ORD00273,1,1,0,420.0,electronics,"Flat 4B, Ashok Vihar, Near City Hospital, Bhopal, 286745",100,8,1,0
ORD00274,1,2,1,560.0,fashion,"Flat 4B, Nehru Nagar, Mumbai, 530464",90,15,1,0
ORD00275,0,2,0,670.0,beauty,"Flat 4B, Station Road, Opposite SBI Bank, Bhopal",77,18,0,1
ORD00276,0,2,1,290.0,fashion,"H.No. 8, Sector 12, Mirzapur, 134430",90,23,0,1
ORD00277,1,2,0,500.0,home,"H.No. 8, Ashok Vihar, Mumbai, 721038",90,22,0,0
ORD00278,1,2,0,840.0,grocery,"H.No. 8, Station Road, Opposite Petrol Pump, Mumbai",77,6,0,0
ORD00279,1,1,0,310.0,home,"Door No. 5, Ashok Vihar, Opposite Petrol Pump, Guwahati, 384686",100,11,0,0
ORD00280,1,2,0,1330.0,fashion,"Flat 4B, Ashok Vihar, Near Govt School, Mumbai, 503839",100,1,0,0
ORD00281,1,1,0,1420.0,grocery,"H.No. 8, Station Road, Behind Central Mall, Guwahati, 215334",100,17,0,0
ORD00282,0,2,4,320.0,fashion,"Plot No. 17, Sector 12, Lucknow, 593807",90,17,1,1
ORD00283,0,1,3,1500.0,beauty,"Door No. 5, Park Street, Patna, 592370",90,15,0,1
ORD00284,0,1,0,610.0,beauty,"Plot No. 17, Sector 12, Pune, 608064",90,10,0,0
ORD00285,1,2,1,860.0,fashion,"23, Nehru Nagar, Nagpur, 555453",90,1,1,0
ORD00286,0,2,2,490.0,accessories,"Flat 4B, Church Street, Indore, 137092",90,13,0,0
ORD00287,0,3,0,1160.0,fashion,"Door No. 5, Park Street, Opposite SBI Bank, Kanpur",77,3,0,0
ORD00288,0,2,0,850.0,accessories,"Door No. 5, Model Colony, Lucknow, 260913",90,6,0,0
ORD00289,0,2,0,410.0,fashion,"H.No. 8, Nehru Nagar, Bhopal",67,1,1,1
ORD00290,1,3,0,330.0,fashion,"H.No. 8, Nehru Nagar, Lucknow, 278842",90,20,1,0
ORD00291,0,2,4,280.0,fashion,"23, Church Street, Behind Central Mall, Indore, 323845",100,13,1,1
ORD00292,0,1,1,740.0,fashion,"H.No. 8, Ashok Vihar, Patna, 224507",90,6,0,0
ORD00293,1,2,0,940.0,beauty,"Plot No. 17, Nehru Nagar, Ranchi, 316384",90,8,1,0
ORD00294,0,3,0,980.0,beauty,"23, Gandhi Marg, Jaipur, 605727",90,7,0,1
ORD00295,0,2,2,620.0,grocery,"23, Park Street, Bhopal, 276888",90,8,0,1
ORD00296,0,1,2,330.0,fashion,"Flat 4B, Lake View Lane, Near Govt School, Lucknow",77,6,1,0
ORD00297,1,1,1,440.0,electronics,"MG Road, Near Water Tank, Lucknow, 442144",73,18,0,0
ORD00298,0,1,1,1330.0,beauty,"Plot No. 17, Model Colony, Bhopal, 691017",90,16,1,0
ORD00299,1,2,0,500.0,electronics,"23, Church Street, Near Water Tank, Bhopal, 522478",100,22,1,0
ORD00300,0,2,2,720.0,beauty,"Door No. 5, Park Street, Patna, 855909",90,12,0,1
ORD00301,0,1,2,350.0,beauty,"23, Park Street, Mumbai, 727252",90,10,0,1
ORD00302,0,3,0,810.0,fashion,"Door No. 5, MG Road, Near Water Tank, Mumbai, 854374",100,21,0,0
ORD00303,0,3,1,510.0,grocery,"Door No. 5, Lake View Lane, Opposite Petrol Pump, Jaipur, 678742",100,17,1,1
ORD00304,1,2,0,1250.0,beauty,"Plot No. 17, Model Colony, Bhopal",67,16,0,0
ORD00305,1,3,0,1060.0,beauty,"Lake View Lane, Near City Hospital, Nagpur, 260393",73,15,1,0
ORD00306,1,1,0,490.0,fashion,"Plot No. 17, Nehru Nagar, Ranchi, 414817",90,9,0,0
ORD00307,0,2,0,620.0,fashion,"H.No. 8, Model Colony, Near Govt School, Jaipur, 507781",100,3,0,0
ORD00308,0,2,0,480.0,electronics,"23, Lake View Lane, Opposite SBI Bank, Kanpur, 527537",100,3,0,0
ORD00309,1,3,0,280.0,fashion,"H.No. 8, Church Street, Lucknow",67,21,0,0
ORD00310,0,3,0,400.0,fashion,"Ashok Vihar, Lucknow, 369800",63,10,1,0
ORD00311,0,1,0,750.0,grocery,"Plot No. 17, Model Colony, Near Water Tank, Pune, 371918",100,20,0,0
ORD00312,0,3,0,810.0,beauty,"Door No. 5, Station Road, Near City Hospital, Indore, 766206",100,7,0,0
ORD00313,0,1,0,730.0,home,"H.No. 8, Church Street, Near Water Tank, Bhopal, 174801",100,8,0,0
ORD00314,1,3,1,550.0,fashion,"Plot No. 17, Model Colony, Near Govt School, Nagpur, 474517",100,15,0,0
ORD00315,1,3,0,1160.0,accessories,"Door No. 5, Station Road, Kanpur, 396175",90,9,0,0
ORD00316,1,1,0,690.0,fashion,"Door No. 5, Church Street, Opposite Petrol Pump, Mumbai",77,22,1,0
ORD00317,0,2,2,1010.0,grocery,"H.No. 8, Gandhi Marg, Nagpur, 627734",90,8,0,0
ORD00318,0,1,1,230.0,accessories,"Flat 4B, Park Street, Mirzapur, 264697",90,2,0,0
ORD00319,0,2,2,200.0,beauty,"MG Road, Near Water Tank, Guwahati, 273897",73,1,0,0
ORD00320,0,2,0,790.0,accessories,"Door No. 5, Church Street, Guwahati, 826192",90,8,0,1
ORD00321,0,2,0,280.0,beauty,"Plot No. 17, Ashok Vihar, Kanpur, 685070",90,12,0,0
ORD00322,1,3,1,590.0,fashion,"H.No. 8, Station Road, Opposite Petrol Pump, Lucknow, 180672",100,5,0,0
ORD00323,1,2,0,550.0,fashion,"Flat 4B, Station Road, Mumbai, 557267",90,3,0,0
ORD00324,0,2,0,1720.0,electronics,"23, Sector 12, Near City Hospital, Ranchi, 150353",100,13,0,1
ORD00325,1,3,0,850.0,fashion,"Flat 4B, Gandhi Marg, Nagpur, 181157",90,10,0,0
ORD00326,1,3,2,730.0,beauty,"Flat 4B, Nehru Nagar, Kanpur, 424169",90,1,1,0
ORD00327,1,1,0,1100.0,fashion,"Flat 4B, Nehru Nagar, Bhopal, 459916",90,2,0,0
ORD00328,1,3,3,830.0,grocery,"Door No. 5, MG Road, Pune, 621183",90,4,0,0
ORD00329,0,1,2,510.0,electronics,"H.No. 8, MG Road, Opposite Petrol Pump, Mumbai",77,6,0,0
ORD00330,0,3,0,1270.0,electronics,"23, Model Colony, Indore",67,10,1,0
ORD00331,0,1,1,340.0,accessories,"H.No. 8, Station Road, Pune, 250510",90,11,1,0
ORD00332,1,1,1,810.0,fashion,"Door No. 5, Sector 12, Mirzapur, 827288",90,10,0,0
ORD00333,0,2,2,260.0,beauty,"Door No. 5, Lake View Lane, Opposite SBI Bank, Pune, 770245",100,18,0,1
ORD00334,0,2,0,750.0,grocery,"Door No. 5, Lake View Lane, Lucknow, 756195",90,12,1,0
ORD00335,0,2,2,750.0,fashion,"MG Road, Near Water Tank, Patna, 437865",73,3,0,0
ORD00336,0,1,0,1820.0,home,"Flat 4B, Model Colony, Opposite Petrol Pump, Indore, 743232",100,13,1,0
ORD00337,1,2,4,260.0,electronics,"H.No. 8, Gandhi Marg, Mumbai",67,11,0,0
ORD00338,1,3,0,460.0,grocery,"H.No. 8, Lake View Lane, Opposite Petrol Pump, Nagpur, 700458",100,1,0,0
ORD00339,0,2,0,1090.0,beauty,"Flat 4B, Sector 12, Near Water Tank, Mirzapur",77,7,0,0
ORD00340,0,1,2,810.0,electronics,"Door No. 5, MG Road, Indore, 483289",90,21,0,0
ORD00341,0,2,2,740.0,grocery,"Door No. 5, Ashok Vihar, Near Water Tank, Lucknow, 199506",100,18,1,1
ORD00342,0,1,1,370.0,fashion,"Plot No. 17, Park Street, Near Govt School, Lucknow, 334006",100,12,1,0
ORD00343,0,3,0,470.0,grocery,"Plot No. 17, Gandhi Marg, Near Govt School, Pune, 265398",100,20,0,0
ORD00344,0,3,0,1400.0,accessories,"23, Station Road, Ranchi, 676985",90,20,0,1
ORD00345,0,2,4,640.0,accessories,"Sector 12, Opposite SBI Bank, Indore, 388293",73,0,1,1
ORD00346,1,2,2,830.0,grocery,"23, Sector 12, Mirzapur, 367519",90,4,0,0
ORD00347,1,3,2,620.0,electronics,"23, Sector 12, Jaipur, 625562",90,21,0,1
ORD00348,0,2,0,330.0,accessories,"MG Road, Opposite SBI Bank, Lucknow, 384291",73,10,0,0
ORD00349,0,3,0,1160.0,electronics,"H.No. 8, Gandhi Marg, Near Govt School, Indore, 590649",100,10,0,0
ORD00350,1,2,1,900.0,beauty,"23, Lake View Lane, Behind Central Mall, Guwahati",77,12,1,0
ORD00351,0,3,2,2650.0,fashion,"Plot No. 17, Park Street, Behind Central Mall, Lucknow, 778657",100,1,0,1
ORD00352,1,2,0,360.0,accessories,"H.No. 8, Church Street, Near City Hospital, Mirzapur, 689637",100,18,0,0
ORD00353,1,2,2,1090.0,beauty,"Door No. 5, Model Colony, Near City Hospital, Mumbai, 540697",100,15,1,0
ORD00354,0,3,0,300.0,grocery,"Flat 4B, MG Road, Lucknow, 720598",90,4,0,1
ORD00355,0,2,0,730.0,fashion,"Plot No. 17, Ashok Vihar, Nagpur, 461274",90,13,0,0
ORD00356,1,2,0,1200.0,grocery,"Station Road, Opposite SBI Bank, Mumbai, 371760",73,18,1,0
ORD00357,0,1,0,200.0,grocery,"Plot No. 17, Model Colony, Bhopal, 138594",90,4,0,0
ORD00358,1,2,0,590.0,beauty,"Door No. 5, Park Street, Lucknow, 482107",90,20,0,0
ORD00359,1,2,0,470.0,fashion,"Plot No. 17, Model Colony, Near Water Tank, Lucknow, 740379",100,23,0,0
ORD00360,1,1,0,440.0,electronics,"H.No. 8, Park Street, Opposite SBI Bank, Jaipur",77,8,1,0
ORD00361,0,1,2,840.0,fashion,"H.No. 8, Ashok Vihar, Indore, 605437",90,23,0,1
ORD00362,1,2,0,1300.0,electronics,"H.No. 8, Model Colony, Behind Central Mall, Indore",77,11,0,0
ORD00363,0,3,0,610.0,fashion,"Plot No. 17, Gandhi Marg, Nagpur, 239849",90,15,0,0
ORD00364,0,2,0,750.0,electronics,"H.No. 8, Station Road, Indore, 590789",90,18,1,1
ORD00365,1,1,0,710.0,fashion,"Door No. 5, Model Colony, Ranchi, 222747",90,14,0,0
ORD00366,0,2,2,670.0,fashion,"H.No. 8, Park Street, Guwahati",67,16,1,0
ORD00367,1,1,0,350.0,fashion,"Plot No. 17, Gandhi Marg, Kanpur, 225933",90,14,0,0
ORD00368,1,2,2,1290.0,accessories,"23, Nehru Nagar, Pune, 386408",90,2,0,0
ORD00369,0,1,1,790.0,home,"H.No. 8, Ashok Vihar, Near City Hospital, Ranchi, 488617",100,16,1,0
ORD00370,0,1,0,840.0,electronics,"Flat 4B, Ashok Vihar, Near City Hospital, Mirzapur, 478468",100,12,0,1
ORD00371,0,1,0,410.0,home,"Plot No. 17, Sector 12, Bhopal, 157172",90,8,0,0
ORD00372,0,2,0,500.0,beauty,"Plot No. 17, Ashok Vihar, Patna, 240704",90,12,0,0
ORD00373,0,1,0,600.0,accessories,"H.No. 8, Nehru Nagar, Guwahati",67,15,0,1
ORD00374,1,2,1,260.0,fashion,"Plot No. 17, Lake View Lane, Near Water Tank, Lucknow",77,18,0,0
ORD00375,0,2,1,240.0,fashion,"H.No. 8, Park Street, Nagpur",67,13,1,1
ORD00376,0,2,0,460.0,accessories,"Door No. 5, Station Road, Near Water Tank, Guwahati, 420717",100,7,1,0
ORD00377,1,2,0,910.0,electronics,"H.No. 8, Church Street, Bhopal",67,21,0,0
ORD00378,0,3,0,450.0,fashion,"H.No. 8, Ashok Vihar, Behind Central Mall, Indore, 248275",100,18,1,0
ORD00379,1,1,1,360.0,fashion,"Model Colony, Nagpur, 218025",63,23,0,0
ORD00380,0,2,0,410.0,fashion,"H.No. 8, Park Street, Opposite Petrol Pump, Mirzapur, 116687",100,2,0,0
ORD00381,0,1,0,510.0,accessories,"H.No. 8, Ashok Vihar, Near Water Tank, Nagpur, 630906",100,22,0,0
ORD00382,1,1,0,540.0,fashion,"Model Colony, Near Govt School, Jaipur",50,20,0,0
ORD00383,1,2,1,2440.0,accessories,"H.No. 8, Church Street, Near Govt School, Nagpur, 511685",100,17,0,0
ORD00384,1,2,2,1250.0,accessories,"Park Street, Near Water Tank, Kanpur",50,15,1,0
ORD00385,1,3,0,1230.0,home,"Station Road, Opposite Petrol Pump, Bhopal, 750566",73,13,1,0
ORD00386,1,2,0,1340.0,fashion,"Flat 4B, Nehru Nagar, Opposite Petrol Pump, Lucknow, 463642",100,15,0,0
ORD00387,0,3,4,370.0,fashion,"23, Church Street, Patna, 484168",90,23,0,1
ORD00388,0,1,0,320.0,electronics,"23, Model Colony, Lucknow, 693240",90,16,0,0
ORD00389,1,1,1,340.0,electronics,"Ashok Vihar, Bhopal, 301330",63,19,1,0
ORD00390,1,1,0,1480.0,beauty,"MG Road, Opposite SBI Bank, Ranchi",50,10,0,0
ORD00391,1,1,1,480.0,electronics,"23, Sector 12, Kanpur, 306630",90,12,0,0
ORD00392,0,2,0,310.0,accessories,"H.No. 8, Gandhi Marg, Opposite Petrol Pump, Guwahati, 710098",100,10,1,0
ORD00393,0,2,4,510.0,home,"Model Colony, Jaipur, 362644",63,3,0,1
ORD00394,1,1,1,580.0,beauty,"23, Nehru Nagar, Guwahati",67,13,0,0
ORD00395,0,3,2,780.0,accessories,"Door No. 5, Gandhi Marg, Bhopal, 636665",90,4,0,1
ORD00396,1,3,1,770.0,fashion,"Plot No. 17, MG Road, Kanpur, 161267",90,3,0,0
ORD00397,1,1,1,400.0,fashion,"H.No. 8, MG Road, Behind Central Mall, Indore, 850198",100,0,0,0
ORD00398,0,1,0,1000.0,fashion,"Sector 12, Lucknow, 659734",63,13,0,0
ORD00399,1,1,2,450.0,fashion,"Door No. 5, Ashok Vihar, Ranchi, 840777",90,6,0,0
ORD00400,1,1,4,610.0,home,"Door No. 5, Gandhi Marg, Near City Hospital, Lucknow, 249761",100,9,0,0
ORD00401,0,1,0,1000.0,electronics,"Flat 4B, MG Road, Pune",67,1,0,0
ORD00402,1,2,3,450.0,electronics,"Flat 4B, Ashok Vihar, Lucknow, 362372",90,9,0,1
ORD00403,0,1,1,470.0,accessories,"Plot No. 17, Nehru Nagar, Behind Central Mall, Jaipur, 497182",100,2,0,0
ORD00404,1,2,0,950.0,fashion,"H.No. 8, Gandhi Marg, Kanpur, 384055",90,20,1,0
ORD00405,0,3,0,400.0,home,"MG Road, Bhopal, 423547",63,7,0,0
ORD00406,1,2,0,530.0,fashion,"Door No. 5, Nehru Nagar, Bhopal, 133473",90,9,0,0
ORD00407,0,3,0,930.0,electronics,"23, Lake View Lane, Guwahati, 135608",90,7,0,0
ORD00408,0,1,0,2280.0,home,"Door No. 5, MG Road, Indore, 478979",90,13,0,0
ORD00409,1,2,0,960.0,accessories,"Door No. 5, Ashok Vihar, Mumbai, 282822",90,17,0,0
ORD00410,0,2,0,880.0,electronics,"Flat 4B, Gandhi Marg, Bhopal",67,8,1,0
ORD00411,0,1,0,910.0,fashion,"23, Park Street, Kanpur, 294631",90,21,0,0
ORD00412,1,1,5,350.0,electronics,"Flat 4B, MG Road, Pune, 445621",90,8,1,0
ORD00413,1,2,0,710.0,fashion,"Church Street, Nagpur, 418160",63,3,0,0
ORD00414,1,2,0,650.0,fashion,"Door No. 5, Ashok Vihar, Kanpur, 569290",90,2,0,0
ORD00415,1,2,0,810.0,beauty,"Flat 4B, Lake View Lane, Ranchi",67,13,1,0
ORD00416,0,2,0,710.0,fashion,"Plot No. 17, Model Colony, Near Water Tank, Nagpur",77,13,0,1
ORD00417,0,2,2,840.0,electronics,"23, Park Street, Near Govt School, Guwahati",77,20,0,1
ORD00418,0,1,1,550.0,beauty,"Door No. 5, Nehru Nagar, Opposite SBI Bank, Guwahati, 852892",100,15,0,0
ORD00419,1,2,2,690.0,electronics,"Door No. 5, Park Street, Opposite Petrol Pump, Kanpur, 396552",100,4,0,1
ORD00420,1,1,0,320.0,fashion,"Door No. 5, Gandhi Marg, Behind Central Mall, Pune, 521404",100,19,0,0
ORD00421,1,1,1,550.0,accessories,"Model Colony, Indore, 237757",63,22,1,0
ORD00422,1,3,0,1530.0,electronics,"Flat 4B, Nehru Nagar, Pune",67,23,0,0
ORD00423,0,2,0,810.0,grocery,"Flat 4B, Church Street, Mumbai, 781162",90,14,1,0
ORD00424,0,2,0,660.0,electronics,"Plot No. 17, Sector 12, Jaipur, 689629",90,20,0,0
ORD00425,0,2,0,2070.0,electronics,"Flat 4B, Church Street, Guwahati",67,8,0,0
ORD00426,0,2,0,290.0,electronics,"Park Street, Near Water Tank, Bhopal, 120900",73,6,0,0
ORD00427,0,1,0,340.0,electronics,"Flat 4B, Lake View Lane, Behind Central Mall, Indore, 568838",100,12,0,0
ORD00428,1,1,5,1860.0,fashion,"23, Park Street, Patna, 810536",90,22,0,0
ORD00429,0,1,0,680.0,electronics,"H.No. 8, Station Road, Near Water Tank, Indore",77,7,0,0
ORD00430,0,3,0,580.0,accessories,"23, Lake View Lane, Patna, 382581",90,11,1,0
ORD00431,0,2,0,320.0,beauty,"H.No. 8, Lake View Lane, Opposite SBI Bank, Indore",77,3,1,0
ORD00432,1,2,1,870.0,fashion,"23, Nehru Nagar, Near City Hospital, Patna, 826815",100,15,1,0
ORD00433,1,2,0,920.0,home,"H.No. 8, Station Road, Bhopal, 451619",90,5,0,0
ORD00434,0,3,2,340.0,accessories,"H.No. 8, Lake View Lane, Near Govt School, Ranchi, 328012",100,4,1,1
ORD00435,0,1,4,610.0,beauty,"Door No. 5, Sector 12, Behind Central Mall, Indore, 815447",100,0,0,1
ORD00436,1,1,0,540.0,fashion,"23, Church Street, Mirzapur, 373452",90,13,1,0
ORD00437,0,2,0,780.0,accessories,"Ashok Vihar, Guwahati",40,8,0,1
ORD00438,1,3,0,340.0,electronics,"Church Street, Near Govt School, Ranchi, 128289",73,17,0,0
ORD00439,1,3,1,1410.0,electronics,"23, Gandhi Marg, Opposite SBI Bank, Mumbai",77,5,1,0
ORD00440,0,1,0,1150.0,home,"Door No. 5, Model Colony, Near Water Tank, Patna",77,14,0,0
ORD00441,0,3,0,530.0,accessories,"Flat 4B, Lake View Lane, Lucknow, 473450",90,15,1,0
ORD00442,1,3,0,580.0,accessories,"Flat 4B, Church Street, Indore",67,7,0,0
ORD00443,0,1,1,610.0,accessories,"H.No. 8, Park Street, Near Water Tank, Nagpur, 771871",100,18,0,0
ORD00444,0,2,0,420.0,fashion,"Door No. 5, Model Colony, Nagpur, 483758",90,4,1,0
ORD00445,1,2,0,510.0,accessories,"23, Station Road, Pune, 718721",90,13,0,0
ORD00446,1,3,1,570.0,fashion,"Church Street, Nagpur, 745470",63,6,1,0
ORD00447,1,1,1,1750.0,fashion,"H.No. 8, MG Road, Guwahati",67,3,0,0
ORD00448,1,3,2,1170.0,home,"23, Ashok Vihar, Ranchi, 680256",90,20,0,0
ORD00449,0,2,0,1170.0,electronics,"Flat 4B, Sector 12, Bhopal",67,0,0,0
ORD00450,0,2,2,830.0,beauty,"Flat 4B, Sector 12, Mirzapur, 759474",90,3,0,0
ORD00451,1,2,1,340.0,electronics,"23, Nehru Nagar, Near City Hospital, Pune",77,13,1,0
ORD00452,1,2,0,650.0,accessories,"Door No. 5, MG Road, Indore, 635568",90,22,0,0
ORD00453,0,3,1,1190.0,fashion,"Door No. 5, Gandhi Marg, Nagpur, 339897",90,15,0,1
ORD00454,1,3,0,310.0,fashion,"23, Model Colony, Behind Central Mall, Mirzapur, 652273",100,6,1,0
ORD00455,0,3,4,970.0,accessories,"Gandhi Marg, Mirzapur",40,9,0,1
ORD00456,0,1,0,2680.0,fashion,"23, Station Road, Nagpur, 746776",90,9,1,0
ORD00457,0,2,1,1260.0,beauty,"Plot No. 17, Nehru Nagar, Patna, 267853",90,3,1,0
ORD00458,0,1,0,1550.0,beauty,"Door No. 5, Church Street, Opposite Petrol Pump, Kanpur",77,11,0,0
ORD00459,0,2,4,760.0,home,"Church Street, Near Govt School, Bhopal",50,5,0,1
ORD00460,0,2,0,1190.0,beauty,"Plot No. 17, Sector 12, Nagpur",67,12,0,0
ORD00461,0,2,4,430.0,fashion,"Plot No. 17, Ashok Vihar, Opposite SBI Bank, Jaipur, 446438",100,20,1,1
ORD00462,1,2,3,1070.0,accessories,"23, MG Road, Opposite Petrol Pump, Guwahati, 595334",100,0,0,0
ORD00463,1,3,0,980.0,fashion,"Door No. 5, Lake View Lane, Guwahati, 114756",90,7,1,1
ORD00464,1,1,2,790.0,electronics,"Lake View Lane, Near City Hospital, Patna, 425627",73,22,0,0
ORD00465,1,2,5,1460.0,fashion,"23, Church Street, Ranchi",67,15,1,1
ORD00466,0,2,0,480.0,home,"Door No. 5, Nehru Nagar, Pune, 497215",90,4,1,0
ORD00467,0,1,0,590.0,beauty,"Door No. 5, Model Colony, Patna",67,6,1,0
ORD00468,1,1,0,700.0,accessories,"H.No. 8, Lake View Lane, Near Govt School, Jaipur, 475492",100,2,0,0
ORD00469,0,3,0,360.0,beauty,"Plot No. 17, Gandhi Marg, Opposite SBI Bank, Nagpur, 279225",100,23,0,0
ORD00470,1,3,0,760.0,home,"23, Church Street, Opposite Petrol Pump, Pune",77,20,0,0
ORD00471,0,3,0,240.0,accessories,"Flat 4B, Gandhi Marg, Pune, 221023",90,1,0,1
ORD00472,1,3,0,1250.0,electronics,"H.No. 8, MG Road, Kanpur, 166183",90,1,0,0
ORD00473,0,1,0,680.0,home,"MG Road, Behind Central Mall, Indore, 638714",73,19,1,0
ORD00474,1,2,0,490.0,home,"23, Church Street, Kanpur, 346864",90,22,1,0
ORD00475,0,2,3,400.0,electronics,"H.No. 8, Ashok Vihar, Ranchi, 761565",90,9,0,1
ORD00476,1,2,1,580.0,grocery,"Plot No. 17, Station Road, Lucknow, 226854",90,19,1,0
ORD00477,0,2,0,1010.0,fashion,"23, Church Street, Lucknow, 646934",90,8,0,0
ORD00478,1,2,1,920.0,home,"H.No. 8, Ashok Vihar, Indore, 586861",90,17,0,0
ORD00479,1,2,1,440.0,beauty,"Door No. 5, Church Street, Opposite Petrol Pump, Lucknow, 195332",100,5,1,0
ORD00480,0,2,4,400.0,accessories,"Plot No. 17, Model Colony, Jaipur, 423689",90,19,1,1
ORD00481,1,1,0,990.0,accessories,"H.No. 8, Model Colony, Opposite Petrol Pump, Kanpur",77,5,0,0
ORD00482,1,2,0,430.0,home,"MG Road, Ranchi, 755224",63,9,1,0
ORD00483,0,2,3,690.0,beauty,"H.No. 8, Church Street, Behind Central Mall, Pune, 707942",100,8,1,0
ORD00484,1,2,3,720.0,electronics,"23, Nehru Nagar, Lucknow, 260531",90,8,0,0
ORD00485,1,1,1,800.0,electronics,"H.No. 8, Sector 12, Opposite Petrol Pump, Patna, 382683",100,2,0,1
ORD00486,1,2,2,1110.0,accessories,"Plot No. 17, Nehru Nagar, Mumbai, 156436",90,11,1,0
ORD00487,0,1,0,310.0,accessories,"H.No. 8, Ashok Vihar, Opposite SBI Bank, Patna",77,10,1,0
ORD00488,0,2,0,210.0,accessories,"23, Nehru Nagar, Patna, 419087",90,13,0,0
ORD00489,1,3,0,470.0,fashion,"Door No. 5, Gandhi Marg, Opposite Petrol Pump, Lucknow, 294240",100,18,0,0
ORD00490,1,2,0,1960.0,accessories,"MG Road, Kanpur, 321090",63,9,0,0
ORD00491,0,1,2,2240.0,accessories,"H.No. 8, Gandhi Marg, Bhopal, 582511",90,18,1,0
ORD00492,1,2,0,2000.0,electronics,"23, MG Road, Lucknow",67,4,0,0
ORD00493,0,2,0,590.0,home,"23, Lake View Lane, Near Govt School, Pune, 570780",100,21,0,0
ORD00494,0,3,3,230.0,grocery,"Door No. 5, Station Road, Indore, 729406",90,8,1,0
ORD00495,0,2,0,200.0,home,"Plot No. 17, Station Road, Opposite SBI Bank, Bhopal, 117574",100,0,0,0
ORD00496,0,2,4,460.0,accessories,"Plot No. 17, Lake View Lane, Opposite SBI Bank, Nagpur, 597292",100,14,1,0
ORD00497,1,2,5,590.0,electronics,"23, Model Colony, Ranchi, 371263",90,23,1,0
ORD00498,0,1,1,1450.0,beauty,"Plot No. 17, Model Colony, Near Water Tank, Mumbai, 495130",100,3,1,0
ORD00499,1,1,0,1120.0,grocery,"Nehru Nagar, Lucknow, 794806",63,6,1,0
ORD00500,1,2,0,760.0,electronics,"Door No. 5, Church Street, Near Water Tank, Bhopal, 750226",100,5,1,0
ORD00501,1,2,0,390.0,accessories,"Flat 4B, Ashok Vihar, Near City Hospital, Guwahati, 407985",100,14,0,0
ORD00502,0,2,0,370.0,home,"23, Park Street, Opposite SBI Bank, Bhopal, 757248",100,5,1,0
ORD00503,0,1,0,770.0,electronics,"Plot No. 17, Church Street, Guwahati, 541498",90,6,0,0
ORD00504,1,1,4,1010.0,fashion,"Door No. 5, Sector 12, Opposite SBI Bank, Mumbai",77,19,0,0
ORD00505,1,2,0,840.0,electronics,"H.No. 8, Sector 12, Guwahati, 423958",90,21,0,0
ORD00506,0,1,1,360.0,beauty,"23, Nehru Nagar, Guwahati",67,2,0,0
ORD00507,1,2,0,980.0,accessories,"H.No. 8, Park Street, Ranchi, 669028",90,20,0,0
ORD00508,1,1,1,860.0,fashion,"23, Gandhi Marg, Nagpur",67,12,0,0
ORD00509,1,2,3,350.0,electronics,"23, Gandhi Marg, Near City Hospital, Pune, 203425",100,1,0,0
ORD00510,1,3,0,420.0,fashion,"MG Road, Mumbai, 417266",63,2,1,0
ORD00511,1,1,0,1010.0,beauty,"23, Park Street, Behind Central Mall, Guwahati, 853009",100,12,0,0
ORD00512,0,2,1,580.0,accessories,"Door No. 5, MG Road, Opposite Petrol Pump, Indore, 853161",100,8,0,0
ORD00513,1,1,1,1730.0,beauty,"23, Gandhi Marg, Opposite Petrol Pump, Patna",77,21,0,0
ORD00514,1,2,1,900.0,beauty,"Plot No. 17, Ashok Vihar, Behind Central Mall, Mirzapur",77,18,0,0
ORD00515,0,2,0,500.0,home,"Flat 4B, Model Colony, Near City Hospital, Jaipur, 803973",100,17,1,0
ORD00516,0,2,0,660.0,fashion,"Plot No. 17, Church Street, Indore",67,4,0,0
ORD00517,0,2,4,690.0,beauty,"23, Lake View Lane, Pune, 375894",90,9,0,0
ORD00518,1,3,3,430.0,beauty,"Door No. 5, Station Road, Mirzapur, 229294",90,13,1,0
ORD00519,1,1,0,380.0,beauty,"Park Street, Pune, 258342",63,20,0,0
ORD00520,0,1,2,1010.0,accessories,"Flat 4B, Ashok Vihar, Indore",67,16,1,0
ORD00521,1,3,0,1100.0,grocery,"Gandhi Marg, Behind Central Mall, Lucknow, 215306",73,2,0,0
ORD00522,0,2,0,960.0,grocery,"Park Street, Nagpur, 639815",63,6,0,0
ORD00523,1,3,0,1650.0,accessories,"H.No. 8, Nehru Nagar, Jaipur, 527157",90,8,0,0
ORD00524,1,2,0,480.0,accessories,"Door No. 5, Gandhi Marg, Jaipur",67,4,0,0
ORD00525,1,3,0,1820.0,home,"Door No. 5, Church Street, Indore, 550163",90,3,0,0
ORD00526,0,2,0,390.0,fashion,"Door No. 5, Model Colony, Opposite Petrol Pump, Indore, 629790",100,2,0,0
ORD00527,0,2,0,360.0,electronics,"Model Colony, Opposite SBI Bank, Kanpur, 177692",73,12,1,0
ORD00528,0,3,2,230.0,grocery,"23, MG Road, Near Govt School, Patna, 158128",100,8,1,0
ORD00529,0,2,1,510.0,fashion,"23, Sector 12, Lucknow, 444572",90,22,0,0
ORD00530,1,1,1,490.0,fashion,"Plot No. 17, Model Colony, Mumbai",67,6,0,0
ORD00531,1,1,3,910.0,fashion,"23, Station Road, Indore",67,7,1,0
ORD00532,1,1,0,770.0,beauty,"Nehru Nagar, Opposite SBI Bank, Bhopal, 800500",73,9,0,0
ORD00533,1,1,1,330.0,home,"Door No. 5, Nehru Nagar, Mumbai, 801162",90,0,0,0
ORD00534,1,2,2,530.0,electronics,"H.No. 8, Ashok Vihar, Ranchi, 822686",90,19,0,0
ORD00535,1,2,0,530.0,fashion,"Park Street, Patna, 215664",63,20,1,0
ORD00536,1,2,0,230.0,beauty,"23, MG Road, Kanpur, 586093",90,20,0,0
ORD00537,1,2,0,370.0,electronics,"H.No. 8, Model Colony, Pune, 413197",90,0,1,0
ORD00538,0,2,3,420.0,fashion,"Flat 4B, Station Road, Behind Central Mall, Indore, 760244",100,18,0,0
ORD00539,0,1,0,1570.0,beauty,"Flat 4B, Church Street, Near Water Tank, Indore, 798939",100,1,0,0
ORD00540,0,1,3,750.0,home,"MG Road, Guwahati, 394235",63,11,0,1
ORD00541,1,1,1,990.0,electronics,"Flat 4B, Ashok Vihar, Lucknow, 816032",90,22,0,1
ORD00542,1,2,1,270.0,beauty,"Flat 4B, Sector 12, Nagpur",67,12,0,0
ORD00543,0,1,2,1360.0,fashion,"23, Park Street, Near Water Tank, Patna, 499329",100,13,1,1
ORD00544,1,1,1,1450.0,grocery,"Flat 4B, Ashok Vihar, Near City Hospital, Jaipur, 435225",100,4,0,0
ORD00545,1,2,0,200.0,fashion,"H.No. 8, Lake View Lane, Opposite SBI Bank, Mirzapur, 116734",100,2,1,0
ORD00546,0,3,0,440.0,fashion,"Ashok Vihar, Lucknow",40,23,0,0
ORD00547,0,1,2,900.0,grocery,"23, Park Street, Opposite SBI Bank, Patna",77,16,0,0
ORD00548,1,2,0,980.0,beauty,"Flat 4B, Station Road, Opposite SBI Bank, Jaipur, 757728",100,0,0,0
ORD00549,0,2,0,440.0,fashion,"Flat 4B, Church Street, Opposite Petrol Pump, Mumbai, 172341",100,13,0,0
ORD00550,1,3,0,550.0,fashion,"H.No. 8, Sector 12, Indore, 340093",90,5,0,1
ORD00551,0,3,3,460.0,grocery,"Plot No. 17, Ashok Vihar, Near Govt School, Indore, 247400",100,16,1,1
ORD00552,1,1,0,710.0,grocery,"Model Colony, Behind Central Mall, Indore",50,3,0,0
ORD00553,1,1,1,1360.0,electronics,"23, Station Road, Pune, 189973",90,5,0,0
ORD00554,1,3,0,420.0,beauty,"23, Station Road, Mumbai, 361577",90,0,0,0
ORD00555,1,2,0,1210.0,fashion,"H.No. 8, Park Street, Opposite SBI Bank, Bhopal, 661905",100,8,1,0
ORD00556,0,2,1,420.0,home,"Plot No. 17, Gandhi Marg, Near Water Tank, Pune",77,3,1,0
ORD00557,0,2,0,400.0,fashion,"Flat 4B, Model Colony, Near Govt School, Ranchi, 233959",100,8,0,1
ORD00558,0,2,1,1090.0,electronics,"23, MG Road, Ranchi, 672794",90,8,0,0
ORD00559,1,3,2,1160.0,fashion,"23, Park Street, Near Govt School, Mirzapur, 789917",100,21,1,0
ORD00560,1,3,2,1110.0,electronics,"Door No. 5, MG Road, Guwahati, 323835",90,12,1,0
ORD00561,1,2,0,300.0,electronics,"Flat 4B, Sector 12, Near Govt School, Mumbai, 437580",100,22,0,0
ORD00562,0,1,3,500.0,electronics,"Ashok Vihar, Mirzapur, 436685",63,16,0,0
ORD00563,0,3,1,1090.0,fashion,"H.No. 8, MG Road, Indore, 461453",90,20,1,1
ORD00564,0,1,3,680.0,electronics,"H.No. 8, Park Street, Lucknow, 741743",90,2,0,0
ORD00565,0,1,0,350.0,grocery,"Door No. 5, Sector 12, Opposite SBI Bank, Pune, 305320",100,5,0,0
ORD00566,1,3,0,880.0,electronics,"H.No. 8, Model Colony, Ranchi, 569439",90,19,0,0
ORD00567,0,1,3,430.0,beauty,"Plot No. 17, Park Street, Opposite Petrol Pump, Patna, 422151",100,14,0,0
ORD00568,0,1,3,1950.0,electronics,"Door No. 5, Church Street, Bhopal, 781333",90,13,1,1
ORD00569,1,1,0,1680.0,electronics,"Door No. 5, Ashok Vihar, Mirzapur, 428109",90,12,0,0
ORD00570,0,3,0,960.0,home,"H.No. 8, Park Street, Mumbai",67,8,1,0
ORD00571,0,2,0,1510.0,accessories,"23, Model Colony, Mirzapur, 463985",90,22,0,0
ORD00572,1,2,0,690.0,fashion,"Door No. 5, Station Road, Lucknow",67,14,1,0
ORD00573,0,1,0,1050.0,fashion,"Sector 12, Opposite Petrol Pump, Lucknow, 460507",73,13,0,0
ORD00574,1,3,0,1610.0,beauty,"Sector 12, Patna",40,3,0,0
ORD00575,1,3,2,770.0,accessories,"Plot No. 17, Nehru Nagar, Indore",67,10,1,0
ORD00576,1,2,0,570.0,accessories,"Plot No. 17, Sector 12, Ranchi, 420143",90,21,0,0
ORD00577,0,2,1,240.0,electronics,"Door No. 5, Nehru Nagar, Mirzapur, 701312",90,1,0,0
ORD00578,1,1,0,630.0,electronics,"23, Church Street, Kanpur, 223584",90,15,0,0
ORD00579,0,3,0,1090.0,beauty,"MG Road, Opposite SBI Bank, Nagpur",50,18,0,0
ORD00580,0,2,0,1170.0,home,"Flat 4B, Model Colony, Lucknow, 594827",90,15,0,0
ORD00581,0,3,0,900.0,beauty,"Plot No. 17, Station Road, Near Govt School, Ranchi, 451571",100,6,1,0
ORD00582,1,2,2,480.0,accessories,"Door No. 5, Nehru Nagar, Behind Central Mall, Jaipur, 325906",100,10,0,0
ORD00583,0,3,3,200.0,beauty,"23, Gandhi Marg, Mirzapur, 276460",90,11,0,0
ORD00584,0,3,0,490.0,electronics,"Flat 4B, Church Street, Near Govt School, Pune",77,3,0,1
ORD00585,1,2,0,550.0,electronics,"Plot No. 17, Sector 12, Patna, 138443",90,15,0,0
ORD00586,0,3,0,550.0,beauty,"Flat 4B, Model Colony, Jaipur, 691553",90,15,1,0
ORD00587,0,2,3,960.0,electronics,"Door No. 5, Lake View Lane, Near Water Tank, Lucknow, 179003",100,6,1,1
ORD00588,0,1,2,2190.0,electronics,"Flat 4B, Model Colony, Opposite Petrol Pump, Lucknow, 282652",100,12,0,0
ORD00589,0,2,0,720.0,fashion,"H.No. 8, Ashok Vihar, Near Water Tank, Jaipur, 692259",100,4,0,0
ORD00590,0,2,1,580.0,fashion,"Plot No. 17, Sector 12, Opposite SBI Bank, Patna, 825370",100,0,0,1
ORD00591,0,2,2,570.0,electronics,"Door No. 5, Station Road, Guwahati, 222548",90,4,0,0
ORD00592,1,1,0,720.0,grocery,"Door No. 5, Model Colony, Near City Hospital, Jaipur, 510604",100,21,0,0
ORD00593,0,2,0,400.0,fashion,"Flat 4B, Model Colony, Near City Hospital, Guwahati, 135544",100,13,0,0
ORD00594,0,2,3,710.0,home,"Plot No. 17, Gandhi Marg, Behind Central Mall, Mumbai, 214421",100,10,0,0
ORD00595,1,2,1,870.0,electronics,"Plot No. 17, Gandhi Marg, Opposite Petrol Pump, Jaipur, 244700",100,1,0,0
ORD00596,0,2,0,750.0,fashion,"23, Sector 12, Behind Central Mall, Ranchi",77,23,0,1
ORD00597,1,2,0,880.0,accessories,"Flat 4B, MG Road, Pune, 313537",90,17,0,0
ORD00598,0,1,0,860.0,accessories,"Model Colony, Kanpur, 637807",63,14,1,0
ORD00599,0,2,0,230.0,fashion,"H.No. 8, Model Colony, Behind Central Mall, Nagpur, 287911",100,13,0,0
ORD00600,0,1,1,970.0,beauty,"H.No. 8, Ashok Vihar, Near Govt School, Lucknow, 582813",100,12,0,0
ORD00601,0,1,0,440.0,electronics,"H.No. 8, Station Road, Opposite SBI Bank, Jaipur, 183025",100,1,0,0
ORD00602,0,3,1,340.0,accessories,"Flat 4B, Gandhi Marg, Kanpur, 313352",90,18,1,0
ORD00603,0,3,2,340.0,electronics,"Flat 4B, MG Road, Kanpur, 168150",90,7,0,1
ORD00604,0,2,0,860.0,fashion,"Plot No. 17, Station Road, Bhopal",67,21,0,0
ORD00605,0,3,0,580.0,home,"23, Gandhi Marg, Near Water Tank, Bhopal",77,16,0,0
ORD00606,0,3,0,240.0,grocery,"Plot No. 17, Sector 12, Guwahati, 371002",90,14,1,0
ORD00607,0,3,1,890.0,fashion,"Nehru Nagar, Near Water Tank, Pune, 206647",73,19,1,0
ORD00608,0,1,0,280.0,beauty,"MG Road, Near Govt School, Mirzapur, 162336",73,20,0,0
ORD00609,0,3,1,720.0,fashion,"Plot No. 17, Ashok Vihar, Pune, 314036",90,13,1,0
ORD00610,1,2,3,770.0,accessories,"23, Nehru Nagar, Mirzapur, 198232",90,2,1,0
ORD00611,0,2,0,1130.0,fashion,"H.No. 8, Model Colony, Pune, 600641",90,16,1,1
ORD00612,1,1,3,1940.0,accessories,"Plot No. 17, Sector 12, Ranchi, 425929",90,2,1,0
ORD00613,1,2,5,290.0,electronics,"Door No. 5, Park Street, Jaipur, 223329",90,12,0,0
ORD00614,0,1,0,640.0,electronics,"H.No. 8, MG Road, Kanpur",67,17,1,0
ORD00615,1,1,0,560.0,accessories,"H.No. 8, Church Street, Bhopal, 326675",90,0,0,1
ORD00616,1,2,4,860.0,accessories,"23, Ashok Vihar, Indore, 847768",90,6,0,0
ORD00617,0,3,4,760.0,beauty,"23, Church Street, Near Water Tank, Indore, 742873",100,22,0,0
ORD00618,0,3,0,540.0,fashion,"Flat 4B, MG Road, Near City Hospital, Lucknow, 544741",100,4,0,0
ORD00619,1,2,0,510.0,home,"Flat 4B, Sector 12, Lucknow, 462640",90,1,0,0
ORD00620,1,3,0,340.0,home,"H.No. 8, Ashok Vihar, Opposite Petrol Pump, Kanpur",77,16,1,0
ORD00621,0,3,5,1200.0,home,"H.No. 8, Park Street, Lucknow, 166615",90,20,0,1
ORD00622,0,3,0,880.0,home,"H.No. 8, MG Road, Mumbai",67,9,0,1
ORD00623,0,1,0,1150.0,fashion,"Door No. 5, Park Street, Near City Hospital, Jaipur, 669127",100,3,0,0
ORD00624,0,2,2,550.0,beauty,"Plot No. 17, Park Street, Guwahati, 612223",90,8,0,0
ORD00625,1,3,0,450.0,beauty,"Flat 4B, Gandhi Marg, Jaipur, 372496",90,20,1,0
ORD00626,0,2,1,350.0,fashion,"23, Sector 12, Mirzapur, 796301",90,10,0,1
ORD00627,0,2,0,820.0,home,"Plot No. 17, Model Colony, Opposite SBI Bank, Pune, 310652",100,11,0,0
ORD00628,1,2,2,360.0,home,"Door No. 5, Park Street, Mirzapur, 176706",90,11,1,0
ORD00629,0,2,0,2020.0,beauty,"Flat 4B, Sector 12, Near City Hospital, Indore",77,17,0,0
ORD00630,0,2,1,300.0,fashion,"H.No. 8, Station Road, Near Water Tank, Bhopal",77,3,1,1
ORD00631,1,1,1,780.0,beauty,"Flat 4B, Church Street, Pune, 412218",90,8,0,0
ORD00632,1,2,0,1700.0,fashion,"Flat 4B, Park Street, Mumbai, 724471",90,7,1,0
ORD00633,0,3,0,950.0,home,"Lake View Lane, Ranchi, 229362",63,18,0,1
ORD00634,0,3,0,740.0,grocery,"Flat 4B, Nehru Nagar, Kanpur, 749169",90,23,1,1
ORD00635,0,1,0,370.0,beauty,"Flat 4B, Lake View Lane, Ranchi, 430217",90,12,0,0
ORD00636,0,3,2,290.0,fashion,"Station Road, Mumbai, 680895",63,1,0,0
ORD00637,0,2,2,1060.0,home,"Flat 4B, Lake View Lane, Bhopal, 189494",90,18,1,0
ORD00638,0,2,0,1640.0,accessories,"Door No. 5, Sector 12, Lucknow, 617563",90,13,0,0
ORD00639,0,3,1,510.0,fashion,"Door No. 5, Ashok Vihar, Pune, 116319",90,4,1,0
ORD00640,0,3,1,340.0,accessories,"Plot No. 17, Sector 12, Jaipur, 458227",90,9,1,0
ORD00641,0,3,2,200.0,beauty,"Plot No. 17, Church Street, Opposite SBI Bank, Indore",77,23,0,0
ORD00642,0,2,0,370.0,grocery,"H.No. 8, Sector 12, Jaipur, 393089",90,16,0,0
ORD00643,0,3,0,620.0,fashion,"Plot No. 17, MG Road, Opposite SBI Bank, Ranchi",77,19,1,0
ORD00644,0,1,0,1740.0,fashion,"Plot No. 17, Station Road, Near Water Tank, Patna",77,15,1,0
ORD00645,0,2,0,1000.0,accessories,"Flat 4B, Lake View Lane, Patna",67,16,0,0
ORD00646,1,2,0,800.0,electronics,"Plot No. 17, Gandhi Marg, Bhopal, 320322",90,0,0,0
ORD00647,1,2,0,520.0,fashion,"Plot No. 17, Park Street, Bhopal, 157358",90,20,0,0
ORD00648,1,1,0,470.0,beauty,"Plot No. 17, Gandhi Marg, Near Govt School, Mumbai, 559162",100,21,0,0
ORD00649,1,3,1,1550.0,fashion,"Door No. 5, Station Road, Near City Hospital, Jaipur",77,14,0,0
ORD00650,0,1,0,750.0,grocery,"Plot No. 17, Model Colony, Kanpur",67,16,1,0
ORD00651,0,1,0,200.0,beauty,"Flat 4B, Lake View Lane, Opposite SBI Bank, Indore",77,10,1,0
ORD00652,0,2,0,440.0,accessories,"H.No. 8, Ashok Vihar, Opposite Petrol Pump, Mirzapur",77,21,1,0
ORD00653,1,2,0,400.0,grocery,"Door No. 5, Sector 12, Guwahati, 556380",90,4,0,0
ORD00654,1,3,1,480.0,fashion,"Church Street, Near Govt School, Ranchi, 751022",73,3,0,0
ORD00655,0,2,0,930.0,electronics,"Flat 4B, Model Colony, Near City Hospital, Indore, 523473",100,20,1,1
ORD00656,0,1,0,620.0,grocery,"H.No. 8, Model Colony, Guwahati, 397748",90,23,1,0
ORD00657,0,3,0,640.0,electronics,"Lake View Lane, Near Water Tank, Guwahati, 155297",73,8,0,0
ORD00658,0,2,0,1460.0,accessories,"23, Park Street, Bhopal, 242738",90,15,0,0
ORD00659,1,1,0,440.0,beauty,"H.No. 8, Church Street, Near City Hospital, Ranchi, 808480",100,11,0,0
ORD00660,1,2,3,2040.0,fashion,"23, Ashok Vihar, Pune",67,17,0,0
ORD00661,0,2,0,440.0,accessories,"Flat 4B, Model Colony, Behind Central Mall, Nagpur",77,21,0,0
ORD00662,1,2,0,700.0,fashion,"Door No. 5, Gandhi Marg, Opposite SBI Bank, Mumbai, 652425",100,2,0,0
ORD00663,1,2,0,560.0,fashion,"Flat 4B, Ashok Vihar, Near Water Tank, Kanpur",77,14,0,0
ORD00664,0,3,0,720.0,beauty,"Door No. 5, Church Street, Opposite Petrol Pump, Nagpur, 752811",100,17,1,0
ORD00665,0,3,1,870.0,accessories,"Flat 4B, Church Street, Lucknow",67,11,0,0
ORD00666,0,2,1,860.0,home,"H.No. 8, Model Colony, Lucknow",67,12,0,0
ORD00667,0,1,1,420.0,fashion,"23, MG Road, Indore",67,0,1,0
ORD00668,0,3,0,340.0,electronics,"Park Street, Patna, 728664",63,3,0,0
ORD00669,0,2,0,2990.0,electronics,"Flat 4B, Sector 12, Ranchi, 659250",90,7,1,0
ORD00670,0,2,2,500.0,electronics,"Door No. 5, Ashok Vihar, Near Govt School, Nagpur",77,18,1,1
ORD00671,0,2,4,1010.0,fashion,"Ashok Vihar, Opposite Petrol Pump, Jaipur, 689250",73,20,1,0
ORD00672,1,3,0,250.0,beauty,"23, Sector 12, Kanpur, 339186",90,20,0,0
ORD00673,0,2,0,560.0,accessories,"H.No. 8, Church Street, Near Govt School, Jaipur, 407011",100,4,0,0
ORD00674,0,1,0,620.0,electronics,"23, Lake View Lane, Near Govt School, Nagpur, 190396",100,10,0,0
ORD00675,0,2,0,880.0,fashion,"23, MG Road, Near Water Tank, Pune, 459853",100,23,1,0
ORD00676,1,3,0,200.0,grocery,"23, Church Street, Near Govt School, Lucknow",77,23,0,0
ORD00677,0,1,0,730.0,beauty,"Flat 4B, Model Colony, Mumbai, 152399",90,16,0,0
ORD00678,0,3,1,330.0,accessories,"H.No. 8, Sector 12, Behind Central Mall, Lucknow, 778373",100,16,0,0
ORD00679,1,2,0,810.0,fashion,"Plot No. 17, MG Road, Guwahati, 642956",90,1,0,0
ORD00680,1,2,0,360.0,fashion,"Lake View Lane, Near Water Tank, Patna",50,23,1,0
ORD00681,1,1,0,400.0,home,"Model Colony, Near City Hospital, Pune, 115194",73,0,0,0
ORD00682,0,1,2,560.0,beauty,"H.No. 8, Gandhi Marg, Patna, 732860",90,3,0,1
ORD00683,0,3,0,350.0,electronics,"Sector 12, Opposite Petrol Pump, Indore, 732681",73,8,0,0
ORD00684,1,1,1,500.0,home,"Plot No. 17, Nehru Nagar, Opposite Petrol Pump, Bhopal, 370875",100,1,1,0
ORD00685,1,3,0,330.0,fashion,"Flat 4B, Gandhi Marg, Opposite SBI Bank, Ranchi, 595130",100,2,1,0
ORD00686,1,2,1,220.0,electronics,"Door No. 5, Park Street, Ranchi, 276901",90,5,0,0
ORD00687,1,1,0,1230.0,beauty,"Plot No. 17, Ashok Vihar, Behind Central Mall, Jaipur",77,12,0,0
ORD00688,0,1,0,310.0,electronics,"Door No. 5, Gandhi Marg, Opposite SBI Bank, Ranchi",77,14,0,0
ORD00689,1,2,0,600.0,beauty,"Plot No. 17, Lake View Lane, Near City Hospital, Kanpur, 135685",100,10,0,0
ORD00690,0,3,0,1040.0,electronics,"Plot No. 17, Model Colony, Opposite SBI Bank, Bhopal, 149796",100,9,0,1
ORD00691,0,2,0,460.0,electronics,"Plot No. 17, Model Colony, Opposite Petrol Pump, Indore",77,2,0,0
ORD00692,0,2,1,410.0,electronics,"Nehru Nagar, Opposite SBI Bank, Lucknow, 664632",73,19,1,1
ORD00693,0,2,0,760.0,electronics,"Station Road, Pune",40,8,1,0
ORD00694,0,2,0,1300.0,fashion,"MG Road, Near City Hospital, Bhopal, 269502",73,9,0,0
ORD00695,0,2,0,330.0,beauty,"MG Road, Near Water Tank, Lucknow, 595662",73,20,0,0
ORD00696,1,3,1,610.0,grocery,"23, Nehru Nagar, Near City Hospital, Mirzapur",77,22,0,0
ORD00697,0,2,4,240.0,electronics,"23, Gandhi Marg, Guwahati, 201514",90,23,0,1
ORD00698,1,2,1,530.0,fashion,"H.No. 8, Gandhi Marg, Jaipur",67,22,0,0
ORD00699,0,1,0,680.0,accessories,"H.No. 8, Nehru Nagar, Patna, 699040",90,11,1,1
ORD00700,0,3,1,400.0,fashion,"Flat 4B, MG Road, Near Water Tank, Ranchi, 506171",100,7,0,0
ORD00701,0,1,3,510.0,fashion,"Flat 4B, Park Street, Guwahati",67,20,1,1
ORD00702,0,1,2,290.0,electronics,"23, MG Road, Ranchi, 258544",90,20,0,0
ORD00703,0,2,0,700.0,beauty,"Door No. 5, Lake View Lane, Behind Central Mall, Kanpur, 606835",100,20,1,0
ORD00704,0,2,0,1250.0,fashion,"Flat 4B, Model Colony, Pune",67,16,0,0
ORD00705,0,2,0,340.0,home,"Door No. 5, Sector 12, Near Govt School, Nagpur, 366365",100,21,1,0
ORD00706,1,2,0,460.0,electronics,"Plot No. 17, Sector 12, Indore, 835267",90,4,0,0
ORD00707,0,3,1,900.0,fashion,"23, Lake View Lane, Behind Central Mall, Jaipur",77,23,1,0
ORD00708,1,1,0,1380.0,electronics,"23, Station Road, Mumbai, 543220",90,7,0,0
ORD00709,0,3,0,270.0,beauty,"Station Road, Kanpur, 340918",63,17,0,0
ORD00710,1,2,1,600.0,beauty,"Flat 4B, Station Road, Bhopal, 202146",90,10,0,0
ORD00711,1,2,2,790.0,fashion,"Plot No. 17, Sector 12, Opposite Petrol Pump, Nagpur",77,21,0,1
ORD00712,1,2,0,630.0,fashion,"H.No. 8, Ashok Vihar, Patna",67,9,0,0
ORD00713,0,1,1,200.0,beauty,"23, Ashok Vihar, Pune, 654248",90,14,0,0
ORD00714,0,3,0,900.0,grocery,"Plot No. 17, Nehru Nagar, Opposite Petrol Pump, Bhopal, 471586",100,5,0,0
ORD00715,0,2,3,1660.0,electronics,"Flat 4B, MG Road, Nagpur",67,18,1,0
ORD00716,1,2,2,710.0,home,"23, Model Colony, Near Govt School, Bhopal, 527847",100,16,0,0
ORD00717,1,2,0,360.0,fashion,"Flat 4B, Lake View Lane, Opposite SBI Bank, Pune, 411103",100,22,1,0
ORD00718,1,3,1,490.0,electronics,"Door No. 5, MG Road, Ranchi",67,9,0,0
ORD00719,0,2,3,1920.0,fashion,"Sector 12, Opposite Petrol Pump, Nagpur, 268058",73,4,0,1
ORD00720,1,3,0,1150.0,grocery,"Gandhi Marg, Behind Central Mall, Mirzapur, 735980",73,15,0,1
ORD00721,1,2,0,980.0,electronics,"Station Road, Ranchi, 172422",63,11,0,0
ORD00722,0,1,2,820.0,grocery,"Plot No. 17, Ashok Vihar, Nagpur, 158069",90,20,0,0
ORD00723,0,1,0,450.0,beauty,"Plot No. 17, Nehru Nagar, Behind Central Mall, Lucknow, 663436",100,23,0,0
ORD00724,1,2,0,590.0,grocery,"Flat 4B, Sector 12, Bhopal, 247575",90,4,0,0
ORD00725,1,1,2,630.0,fashion,"Plot No. 17, MG Road, Pune, 525260",90,20,1,0
ORD00726,1,1,1,920.0,fashion,"H.No. 8, Station Road, Near City Hospital, Jaipur",77,0,0,0
ORD00727,0,3,0,1640.0,accessories,"Flat 4B, MG Road, Pune, 211310",90,1,1,0
ORD00728,1,3,0,1300.0,beauty,"Door No. 5, MG Road, Opposite SBI Bank, Ranchi, 759957",100,4,1,0
ORD00729,0,2,0,280.0,grocery,"Plot No. 17, Park Street, Mirzapur, 726172",90,22,0,0
ORD00730,0,1,0,760.0,fashion,"23, Lake View Lane, Kanpur, 460253",90,18,1,1
ORD00731,0,1,0,1030.0,electronics,"H.No. 8, Nehru Nagar, Behind Central Mall, Lucknow, 713746",100,14,0,0
ORD00732,1,1,1,960.0,beauty,"23, Ashok Vihar, Pune",67,0,1,0
ORD00733,1,2,0,460.0,fashion,"23, Park Street, Opposite Petrol Pump, Nagpur, 548517",100,10,0,0
ORD00734,0,3,0,3820.0,home,"H.No. 8, Church Street, Near City Hospital, Jaipur",77,17,0,1
ORD00735,0,2,0,310.0,electronics,"Door No. 5, Park Street, Nagpur, 444846",90,2,0,0
ORD00736,1,1,5,350.0,fashion,"23, Gandhi Marg, Indore, 163189",90,8,1,0
ORD00737,0,2,0,770.0,fashion,"Flat 4B, Lake View Lane, Patna",67,23,1,0
ORD00738,1,2,0,2370.0,fashion,"Flat 4B, Gandhi Marg, Opposite Petrol Pump, Guwahati, 672284",100,3,0,0
ORD00739,0,2,0,400.0,fashion,"23, Nehru Nagar, Lucknow",67,23,0,0
ORD00740,0,2,1,570.0,beauty,"Plot No. 17, Lake View Lane, Kanpur, 835269",90,12,1,0
ORD00741,0,2,1,1270.0,fashion,"Door No. 5, Nehru Nagar, Opposite Petrol Pump, Mumbai, 665405",100,8,1,0
ORD00742,0,1,0,660.0,fashion,"23, Gandhi Marg, Ranchi, 847173",90,2,0,0
ORD00743,1,1,0,540.0,accessories,"H.No. 8, Model Colony, Nagpur, 665388",90,15,0,0
ORD00744,0,3,0,930.0,electronics,"Plot No. 17, Model Colony, Near City Hospital, Mirzapur, 749868",100,21,1,1
ORD00745,0,1,0,780.0,electronics,"Door No. 5, Sector 12, Lucknow, 161005",90,7,1,0
ORD00746,1,1,0,1230.0,beauty,"Flat 4B, Park Street, Pune, 397362",90,6,0,0
ORD00747,0,1,0,1440.0,accessories,"H.No. 8, MG Road, Lucknow, 550799",90,22,1,0
ORD00748,0,1,0,800.0,fashion,"H.No. 8, Sector 12, Near Water Tank, Lucknow, 569483",100,16,0,0
ORD00749,1,2,0,790.0,electronics,"Plot No. 17, Sector 12, Indore, 213860",90,15,1,0
ORD00750,1,3,0,760.0,beauty,"H.No. 8, Sector 12, Mumbai, 119549",90,20,0,0
ORD00751,0,2,1,890.0,electronics,"Door No. 5, Nehru Nagar, Mirzapur, 831967",90,21,0,0
ORD00752,1,2,0,690.0,grocery,"23, Model Colony, Near Govt School, Patna",77,17,1,0
ORD00753,1,2,0,660.0,accessories,"Ashok Vihar, Mirzapur, 460076",63,15,0,0
ORD00754,0,2,0,1360.0,accessories,"Plot No. 17, Sector 12, Lucknow, 699898",90,14,1,0
ORD00755,0,3,4,1650.0,fashion,"Door No. 5, Church Street, Near Govt School, Kanpur, 421078",100,1,0,1
ORD00756,1,3,2,270.0,fashion,"Plot No. 17, MG Road, Mirzapur, 289967",90,19,1,0
ORD00757,1,1,0,670.0,accessories,"23, Lake View Lane, Near Govt School, Indore, 117954",100,3,0,0
ORD00758,0,3,0,440.0,electronics,"Flat 4B, Lake View Lane, Behind Central Mall, Mumbai",77,4,0,0
ORD00759,1,2,0,550.0,fashion,"Ashok Vihar, Guwahati",40,6,1,0
ORD00760,1,3,0,850.0,beauty,"23, Ashok Vihar, Opposite Petrol Pump, Kanpur, 619781",100,14,1,0
ORD00761,0,2,0,990.0,fashion,"23, Lake View Lane, Indore, 800442",90,16,0,0
ORD00762,0,3,1,620.0,fashion,"H.No. 8, Gandhi Marg, Jaipur",67,9,0,0
ORD00763,0,3,0,210.0,accessories,"Door No. 5, Nehru Nagar, Opposite SBI Bank, Jaipur",77,19,0,0
ORD00764,1,1,3,370.0,fashion,"Nehru Nagar, Guwahati, 427755",63,8,0,0
ORD00765,0,2,0,1140.0,fashion,"23, Park Street, Guwahati, 278551",90,15,1,1
ORD00766,1,3,2,200.0,fashion,"Door No. 5, Nehru Nagar, Mirzapur, 199541",90,23,0,0
ORD00767,1,3,2,1360.0,beauty,"Flat 4B, Sector 12, Opposite SBI Bank, Bhopal, 342278",100,2,1,0
ORD00768,1,1,0,910.0,fashion,"Plot No. 17, Station Road, Near Water Tank, Mumbai, 184167",100,21,0,0
ORD00769,0,2,0,1470.0,electronics,"Plot No. 17, Sector 12, Bhopal, 547000",90,8,0,0
ORD00770,1,2,0,590.0,beauty,"Plot No. 17, Lake View Lane, Mumbai",67,7,0,1
ORD00771,0,1,0,200.0,grocery,"H.No. 8, Lake View Lane, Near Water Tank, Lucknow, 460541",100,22,0,0
ORD00772,1,2,0,860.0,fashion,"Nehru Nagar, Indore",40,6,0,0
ORD00773,0,1,1,1430.0,grocery,"23, Gandhi Marg, Guwahati, 650687",90,16,0,0
ORD00774,0,3,0,1160.0,fashion,"Sector 12, Behind Central Mall, Jaipur, 732303",73,4,1,1
ORD00775,1,2,4,450.0,beauty,"Park Street, Ranchi, 412712",63,6,0,0
ORD00776,0,3,0,700.0,electronics,"Door No. 5, Station Road, Opposite SBI Bank, Mumbai, 210296",100,12,1,1
ORD00777,0,1,4,480.0,fashion,"Flat 4B, Sector 12, Near Govt School, Lucknow",77,17,1,1
ORD00778,1,2,0,410.0,beauty,"Church Street, Indore",40,21,0,0
ORD00779,1,1,2,1180.0,fashion,"23, Nehru Nagar, Near City Hospital, Pune, 254677",100,13,1,0
ORD00780,1,1,0,320.0,fashion,"Door No. 5, Nehru Nagar, Opposite Petrol Pump, Pune, 120573",100,17,0,0
ORD00781,1,1,0,390.0,electronics,"Flat 4B, MG Road, Near Govt School, Bhopal",77,2,0,0
ORD00782,0,1,2,340.0,beauty,"23, Model Colony, Nagpur",67,16,0,0
ORD00783,0,2,0,270.0,fashion,"Door No. 5, MG Road, Opposite Petrol Pump, Patna, 331035",100,18,1,1
ORD00784,0,1,1,730.0,fashion,"Plot No. 17, MG Road, Kanpur, 494830",90,6,1,1
ORD00785,0,2,1,1340.0,fashion,"Door No. 5, Ashok Vihar, Bhopal, 720603",90,20,0,1
ORD00786,1,2,0,600.0,electronics,"MG Road, Indore, 773625",63,3,0,0
ORD00787,1,3,0,270.0,electronics,"Plot No. 17, Sector 12, Opposite Petrol Pump, Indore, 543865",100,14,0,0
ORD00788,0,3,1,1100.0,fashion,"23, Nehru Nagar, Guwahati",67,23,0,0
ORD00789,0,2,0,1830.0,fashion,"Plot No. 17, Station Road, Near City Hospital, Lucknow, 376331",100,7,0,0
ORD00790,1,2,1,450.0,electronics,"23, Gandhi Marg, Pune, 236366",90,15,1,0
ORD00791,0,1,3,500.0,grocery,"Plot No. 17, Station Road, Opposite SBI Bank, Mumbai, 475803",100,0,0,0
ORD00792,1,3,0,910.0,beauty,"Flat 4B, Lake View Lane, Pune, 207055",90,15,0,0
ORD00793,0,1,0,1760.0,accessories,"Plot No. 17, Lake View Lane, Lucknow",67,1,0,0
ORD00794,1,1,1,490.0,fashion,"23, Sector 12, Near City Hospital, Ranchi, 529887",100,1,0,0
ORD00795,0,1,0,300.0,accessories,"Flat 4B, MG Road, Guwahati, 166447",90,7,0,1
ORD00796,1,2,0,970.0,electronics,"Church Street, Mirzapur, 459763",63,11,0,0
ORD00797,1,1,0,1070.0,accessories,"Flat 4B, MG Road, Near City Hospital, Mirzapur, 791092",100,10,1,0
ORD00798,1,3,0,670.0,fashion,"Model Colony, Lucknow, 740835",63,5,1,0
ORD00799,1,1,0,480.0,electronics,"Plot No. 17, Lake View Lane, Near Govt School, Indore",77,18,0,0
ORD00800,1,2,0,1210.0,electronics,"H.No. 8, Church Street, Mirzapur, 830419",90,17,0,0
ORD00801,1,1,2,910.0,electronics,"Door No. 5, Sector 12, Mirzapur, 658076",90,4,0,0
ORD00802,0,1,0,420.0,grocery,"Plot No. 17, Model Colony, Near Water Tank, Ranchi, 425872",100,14,1,1
ORD00803,1,3,0,690.0,beauty,"H.No. 8, Lake View Lane, Ranchi, 169657",90,7,0,0
ORD00804,1,1,5,300.0,accessories,"23, Nehru Nagar, Opposite Petrol Pump, Guwahati, 117223",100,5,1,0
ORD00805,0,3,1,1000.0,beauty,"Door No. 5, Station Road, Kanpur",67,11,1,0
ORD00806,1,2,2,570.0,electronics,"Flat 4B, Gandhi Marg, Ranchi, 447064",90,18,0,0
ORD00807,1,1,0,510.0,fashion,"H.No. 8, Park Street, Kanpur, 271629",90,11,1,0
ORD00808,1,3,2,650.0,accessories,"Flat 4B, Church Street, Indore",67,11,1,0
ORD00809,0,1,0,680.0,home,"Door No. 5, Church Street, Jaipur, 568939",90,8,0,0
ORD00810,0,3,0,1140.0,beauty,"H.No. 8, Sector 12, Kanpur, 695085",90,23,0,0
ORD00811,1,1,0,950.0,electronics,"Flat 4B, Ashok Vihar, Guwahati, 827537",90,9,1,0
ORD00812,1,3,0,610.0,home,"H.No. 8, Gandhi Marg, Guwahati, 388883",90,21,0,0
ORD00813,0,1,2,1050.0,accessories,"Gandhi Marg, Behind Central Mall, Lucknow, 712159",73,16,0,1
ORD00814,1,2,0,850.0,fashion,"Plot No. 17, Model Colony, Patna, 350978",90,17,0,0
ORD00815,1,3,1,510.0,fashion,"Flat 4B, Gandhi Marg, Opposite SBI Bank, Guwahati, 747596",100,15,0,0
ORD00816,0,3,1,620.0,fashion,"Door No. 5, Ashok Vihar, Ranchi, 791335",90,3,1,0
ORD00817,1,3,1,610.0,grocery,"Plot No. 17, Station Road, Behind Central Mall, Jaipur, 260165",100,17,0,0
ORD00818,0,3,0,900.0,fashion,"H.No. 8, Lake View Lane, Mumbai, 329323",90,2,1,0
ORD00819,0,3,1,530.0,fashion,"H.No. 8, Nehru Nagar, Indore",67,15,0,1
ORD00820,0,1,0,530.0,fashion,"Flat 4B, MG Road, Lucknow, 713547",90,13,1,0
ORD00821,1,1,0,2170.0,home,"Flat 4B, Church Street, Pune, 219073",90,23,0,0
ORD00822,0,1,5,1170.0,electronics,"Door No. 5, Lake View Lane, Near City Hospital, Jaipur, 599238",100,8,0,1
ORD00823,0,2,0,420.0,fashion,"MG Road, Kanpur, 535851",63,5,0,0
ORD00824,0,2,0,940.0,accessories,"Plot No. 17, Lake View Lane, Opposite Petrol Pump, Ranchi, 604993",100,3,1,1
ORD00825,0,2,3,710.0,accessories,"Plot No. 17, Park Street, Near Govt School, Mumbai, 844065",100,1,0,1
ORD00826,1,1,0,840.0,fashion,"Flat 4B, Park Street, Bhopal, 536910",90,22,1,0
ORD00827,0,2,1,720.0,beauty,"Flat 4B, Station Road, Kanpur, 809765",90,9,0,0
ORD00828,0,1,0,1360.0,home,"Nehru Nagar, Near Water Tank, Ranchi",50,10,0,0
ORD00829,1,2,0,820.0,fashion,"Model Colony, Nagpur",40,6,1,0
ORD00830,0,2,0,640.0,fashion,"23, Sector 12, Near City Hospital, Indore",77,4,0,0
ORD00831,0,3,0,1240.0,electronics,"Church Street, Opposite SBI Bank, Bhopal",50,3,0,1
ORD00832,0,2,0,770.0,electronics,"Church Street, Opposite SBI Bank, Mirzapur, 695456",73,5,0,0
ORD00833,0,2,1,720.0,fashion,"23, Church Street, Near Govt School, Ranchi, 236384",100,1,0,1
ORD00834,0,1,0,800.0,grocery,"Flat 4B, Station Road, Behind Central Mall, Jaipur, 328898",100,1,1,0
ORD00835,0,2,4,630.0,electronics,"Plot No. 17, Gandhi Marg, Near City Hospital, Patna, 119968",100,15,0,0
ORD00836,0,1,0,670.0,beauty,"Plot No. 17, MG Road, Jaipur, 752553",90,22,1,0
ORD00837,1,2,0,470.0,fashion,"Flat 4B, Gandhi Marg, Lucknow, 129251",90,22,1,0
ORD00838,0,2,1,420.0,home,"Station Road, Near City Hospital, Ranchi, 563829",73,12,0,0
ORD00839,1,1,3,370.0,electronics,"23, Model Colony, Behind Central Mall, Kanpur, 494527",100,20,0,0
ORD00840,1,1,0,290.0,home,"Plot No. 17, Model Colony, Kanpur, 706321",90,6,1,0
ORD00841,0,3,1,390.0,grocery,"Model Colony, Lucknow, 424235",63,4,1,0
ORD00842,1,3,2,600.0,grocery,"Plot No. 17, Ashok Vihar, Ranchi, 397956",90,16,0,0
ORD00843,0,2,0,710.0,electronics,"23, MG Road, Behind Central Mall, Guwahati, 576809",100,12,0,0
ORD00844,1,1,3,570.0,beauty,"23, MG Road, Pune, 633973",90,14,0,0
ORD00845,0,1,0,200.0,accessories,"23, Model Colony, Opposite SBI Bank, Patna, 622673",100,2,0,0
ORD00846,0,2,1,1710.0,beauty,"Plot No. 17, Ashok Vihar, Opposite SBI Bank, Guwahati, 551005",100,22,1,0
ORD00847,0,3,3,1280.0,fashion,"Plot No. 17, Park Street, Ranchi, 330317",90,3,0,0
ORD00848,1,1,1,870.0,beauty,"23, Church Street, Near City Hospital, Guwahati",77,14,0,0
ORD00849,0,3,0,2090.0,fashion,"23, Sector 12, Near Water Tank, Nagpur, 615514",100,17,1,0
ORD00850,1,1,0,370.0,accessories,"Model Colony, Opposite Petrol Pump, Mumbai, 838358",73,2,1,0
ORD00851,0,3,3,2060.0,home,"Door No. 5, Gandhi Marg, Ranchi, 137605",90,6,1,0
ORD00852,1,2,0,370.0,electronics,"Park Street, Kanpur, 171758",63,7,0,0
ORD00853,0,3,0,770.0,fashion,"H.No. 8, Church Street, Near City Hospital, Pune, 639841",100,10,0,0
ORD00854,1,2,1,310.0,electronics,"23, MG Road, Indore, 734157",90,21,0,0
ORD00855,0,2,0,670.0,accessories,"Door No. 5, Station Road, Kanpur",67,8,1,0
ORD00856,0,1,0,840.0,fashion,"Door No. 5, Park Street, Near Govt School, Patna, 161968",100,19,1,0
ORD00857,0,1,0,610.0,electronics,"H.No. 8, Sector 12, Near Govt School, Pune, 204831",100,11,1,0
ORD00858,0,3,0,1020.0,accessories,"H.No. 8, Station Road, Mumbai, 650007",90,4,1,0
ORD00859,1,3,1,710.0,electronics,"Door No. 5, Station Road, Ranchi, 304382",90,0,0,0
ORD00860,0,3,1,490.0,electronics,"Church Street, Near Water Tank, Mirzapur, 238804",73,13,0,1
ORD00861,1,2,0,470.0,home,"23, Park Street, Near City Hospital, Kanpur, 380253",100,2,0,0
ORD00862,0,3,2,1080.0,electronics,"Door No. 5, Model Colony, Guwahati, 803648",90,14,1,0
ORD00863,0,1,2,450.0,fashion,"H.No. 8, Ashok Vihar, Guwahati, 119077",90,9,0,0
ORD00864,0,2,1,1150.0,fashion,"H.No. 8, Nehru Nagar, Opposite SBI Bank, Jaipur, 126551",100,9,0,0
ORD00865,0,2,0,1390.0,beauty,"H.No. 8, Sector 12, Kanpur, 458171",90,23,0,0
ORD00866,1,2,1,240.0,accessories,"Flat 4B, Nehru Nagar, Pune",67,2,0,0
ORD00867,0,2,0,1310.0,fashion,"Door No. 5, Park Street, Nagpur, 189014",90,5,1,1
ORD00868,0,1,1,2290.0,fashion,"H.No. 8, Church Street, Indore, 457021",90,4,0,0
ORD00869,1,2,1,770.0,electronics,"H.No. 8, Model Colony, Kanpur",67,23,1,0
ORD00870,1,3,0,950.0,grocery,"Gandhi Marg, Opposite SBI Bank, Mumbai, 156274",73,18,0,0
ORD00871,0,2,3,1240.0,fashion,"Flat 4B, Park Street, Ranchi, 238830",90,13,0,0
ORD00872,0,1,0,560.0,accessories,"Flat 4B, Station Road, Near Water Tank, Nagpur, 140504",100,16,0,0
ORD00873,1,1,1,740.0,fashion,"Door No. 5, Lake View Lane, Near City Hospital, Indore, 143516",100,11,1,0
ORD00874,0,1,0,300.0,accessories,"H.No. 8, Ashok Vihar, Opposite SBI Bank, Mirzapur",77,8,0,0
ORD00875,0,1,3,720.0,home,"23, Lake View Lane, Bhopal, 534057",90,2,0,1
ORD00876,0,2,0,900.0,beauty,"Plot No. 17, Station Road, Opposite Petrol Pump, Lucknow, 547308",100,17,0,0
ORD00877,1,2,0,910.0,electronics,"Flat 4B, Lake View Lane, Near Govt School, Guwahati",77,3,0,0
ORD00878,1,2,0,1260.0,grocery,"Door No. 5, Park Street, Kanpur, 638841",90,13,0,0
ORD00879,0,2,0,420.0,fashion,"Door No. 5, Nehru Nagar, Lucknow, 685194",90,23,0,0
ORD00880,0,3,0,480.0,fashion,"MG Road, Mirzapur, 668666",63,5,1,0
ORD00881,0,1,1,2070.0,electronics,"23, Model Colony, Bhopal, 493351",90,14,1,0
ORD00882,1,2,0,610.0,accessories,"23, Church Street, Guwahati, 250541",90,16,0,0
ORD00883,0,3,0,750.0,grocery,"23, Gandhi Marg, Bhopal, 599538",90,23,1,0
ORD00884,0,1,0,640.0,home,"Door No. 5, Lake View Lane, Ranchi, 291781",90,4,1,0
ORD00885,1,1,2,410.0,home,"Door No. 5, MG Road, Mirzapur, 481562",90,5,1,0
ORD00886,0,3,1,1760.0,fashion,"Ashok Vihar, Behind Central Mall, Bhopal",50,20,0,1
ORD00887,1,2,1,480.0,grocery,"Plot No. 17, MG Road, Near Water Tank, Lucknow, 211270",100,4,0,0
ORD00888,0,2,1,340.0,grocery,"Door No. 5, Lake View Lane, Behind Central Mall, Indore, 441682",100,18,1,0
ORD00889,0,1,0,510.0,beauty,"H.No. 8, Sector 12, Lucknow, 769713",90,13,1,0
ORD00890,0,2,0,200.0,electronics,"Gandhi Marg, Opposite SBI Bank, Nagpur, 398793",73,3,0,1
ORD00891,1,2,0,450.0,accessories,"23, Sector 12, Near City Hospital, Guwahati, 692093",100,4,0,0
ORD00892,1,1,2,370.0,accessories,"Flat 4B, MG Road, Near City Hospital, Pune",77,10,0,0
ORD00893,1,2,5,960.0,beauty,"23, Sector 12, Guwahati, 175741",90,1,0,0
ORD00894,0,1,0,440.0,electronics,"Flat 4B, Ashok Vihar, Mumbai, 460809",90,21,0,0
ORD00895,1,2,0,1130.0,beauty,"H.No. 8, MG Road, Behind Central Mall, Patna, 689218",100,1,0,0
ORD00896,0,1,0,1540.0,home,"Flat 4B, Nehru Nagar, Indore, 609939",90,19,0,0
ORD00897,0,1,0,1060.0,electronics,"Nehru Nagar, Mumbai, 352833",63,11,0,0
ORD00898,1,1,1,580.0,electronics,"H.No. 8, Church Street, Nagpur, 602446",90,15,0,0
ORD00899,0,1,0,720.0,electronics,"Ashok Vihar, Opposite SBI Bank, Kanpur, 690325",73,16,0,1
ORD00900,0,3,4,270.0,home,"Door No. 5, Gandhi Marg, Nagpur, 697574",90,3,0,0
ORD00901,0,1,0,610.0,electronics,"H.No. 8, Lake View Lane, Behind Central Mall, Indore, 345148",100,13,0,1
ORD00902,0,2,3,400.0,fashion,"Flat 4B, Sector 12, Bhopal, 336906",90,6,0,1
ORD00903,0,1,2,1010.0,grocery,"23, Nehru Nagar, Indore, 314537",90,14,0,0
ORD00904,1,2,2,3110.0,home,"Flat 4B, MG Road, Lucknow, 585747",90,15,0,0
ORD00905,0,3,1,900.0,fashion,"Door No. 5, MG Road, Patna",67,7,0,1
ORD00906,1,1,1,200.0,electronics,"H.No. 8, Lake View Lane, Behind Central Mall, Mumbai, 829334",100,1,0,0
ORD00907,1,3,1,540.0,accessories,"Door No. 5, Park Street, Behind Central Mall, Ranchi",77,18,0,0
ORD00908,0,1,1,720.0,grocery,"Sector 12, Indore, 168758",63,0,1,0
ORD00909,0,2,1,700.0,electronics,"MG Road, Lucknow",40,22,0,0
ORD00910,0,2,5,430.0,accessories,"Door No. 5, MG Road, Nagpur, 201558",90,3,1,0
ORD00911,1,3,1,770.0,fashion,"H.No. 8, Sector 12, Opposite Petrol Pump, Jaipur, 295269",100,23,0,0
ORD00912,0,2,2,320.0,accessories,"H.No. 8, Station Road, Lucknow",67,20,1,0
ORD00913,1,2,3,380.0,fashion,"H.No. 8, Sector 12, Patna, 758866",90,21,0,0
ORD00914,0,1,0,980.0,fashion,"23, Station Road, Ranchi, 399974",90,10,0,0
ORD00915,1,1,0,360.0,electronics,"23, Gandhi Marg, Nagpur, 244343",90,9,0,0
ORD00916,0,3,0,920.0,electronics,"Door No. 5, Lake View Lane, Nagpur, 271527",90,17,1,0
ORD00917,0,2,0,290.0,home,"Church Street, Opposite Petrol Pump, Mumbai, 411888",73,0,0,0
ORD00918,1,2,2,1920.0,grocery,"Door No. 5, Sector 12, Jaipur, 130701",90,16,1,0
ORD00919,1,3,0,420.0,grocery,"Ashok Vihar, Near Water Tank, Guwahati, 423162",73,15,0,0
ORD00920,0,2,1,580.0,electronics,"Door No. 5, Park Street, Behind Central Mall, Lucknow, 485772",100,11,1,0
ORD00921,1,3,0,810.0,electronics,"Door No. 5, Nehru Nagar, Patna, 505311",90,15,1,0
ORD00922,0,2,0,470.0,fashion,"H.No. 8, Sector 12, Guwahati, 610168",90,8,1,1
ORD00923,1,2,1,720.0,fashion,"H.No. 8, Sector 12, Near Govt School, Ranchi, 770727",100,16,1,0
ORD00924,1,3,2,940.0,beauty,"Flat 4B, Model Colony, Behind Central Mall, Nagpur, 595811",100,2,0,0
ORD00925,0,1,0,1180.0,fashion,"Plot No. 17, MG Road, Mumbai, 686411",90,17,0,0
ORD00926,0,1,1,1070.0,beauty,"Flat 4B, MG Road, Guwahati, 189435",90,14,0,1
ORD00927,0,2,1,600.0,home,"23, Park Street, Near Govt School, Ranchi, 163194",100,14,0,0
ORD00928,0,1,0,610.0,fashion,"Flat 4B, Station Road, Mumbai, 187201",90,15,0,0
ORD00929,1,2,0,2720.0,home,"Door No. 5, Sector 12, Opposite SBI Bank, Indore, 224206",100,19,0,0
ORD00930,0,3,5,1180.0,fashion,"23, Lake View Lane, Near Water Tank, Pune",77,0,1,1
ORD00931,0,2,0,380.0,electronics,"H.No. 8, Park Street, Jaipur, 190970",90,0,0,0
ORD00932,1,2,0,710.0,grocery,"Plot No. 17, Station Road, Near City Hospital, Nagpur, 383254",100,3,0,0
ORD00933,1,3,0,540.0,electronics,"Door No. 5, MG Road, Opposite Petrol Pump, Lucknow, 609799",100,12,0,0
ORD00934,0,2,1,610.0,fashion,"Flat 4B, Sector 12, Nagpur, 470460",90,3,1,0
ORD00935,0,2,1,320.0,beauty,"H.No. 8, Nehru Nagar, Near Water Tank, Bhopal, 787020",100,22,0,0
ORD00936,0,2,1,520.0,fashion,"Door No. 5, Station Road, Nagpur, 779287",90,7,0,1
ORD00937,0,3,0,1970.0,beauty,"Lake View Lane, Near Govt School, Mumbai",50,12,1,0
ORD00938,1,2,3,940.0,electronics,"Door No. 5, Sector 12, Near Govt School, Nagpur",77,23,0,0
ORD00939,0,3,0,200.0,electronics,"H.No. 8, Ashok Vihar, Opposite SBI Bank, Lucknow",77,7,1,0
ORD00940,1,3,0,1380.0,accessories,"H.No. 8, Park Street, Patna, 559271",90,13,1,0
ORD00941,0,2,0,1280.0,beauty,"Ashok Vihar, Patna, 171018",63,0,0,0
ORD00942,1,2,0,540.0,fashion,"Flat 4B, Gandhi Marg, Opposite Petrol Pump, Bhopal, 723759",100,8,1,0
ORD00943,1,3,2,1020.0,fashion,"Door No. 5, Station Road, Guwahati, 484398",90,23,1,0
ORD00944,1,2,3,400.0,accessories,"Flat 4B, Model Colony, Behind Central Mall, Indore",77,0,0,0
ORD00945,0,3,0,500.0,fashion,"Sector 12, Opposite Petrol Pump, Ranchi, 641652",73,6,0,0
ORD00946,0,3,2,1630.0,home,"Door No. 5, Ashok Vihar, Kanpur, 408371",90,19,0,0
ORD00947,0,2,2,570.0,beauty,"Nehru Nagar, Mirzapur, 390996",63,12,1,1
ORD00948,1,2,3,220.0,beauty,"Nehru Nagar, Opposite SBI Bank, Patna",50,14,0,0
ORD00949,1,3,0,640.0,grocery,"Flat 4B, Church Street, Opposite SBI Bank, Lucknow, 272506",100,8,1,0
ORD00950,1,3,1,630.0,beauty,"Flat 4B, MG Road, Jaipur, 687313",90,15,0,0
ORD00951,1,2,0,1370.0,beauty,"Door No. 5, Park Street, Opposite Petrol Pump, Mumbai",77,16,1,0
ORD00952,1,1,2,670.0,grocery,"Flat 4B, Gandhi Marg, Opposite Petrol Pump, Bhopal",77,8,0,0
ORD00953,0,2,0,520.0,beauty,"H.No. 8, Nehru Nagar, Guwahati",67,5,0,0
ORD00954,1,2,1,1250.0,electronics,"Door No. 5, Church Street, Mumbai, 371927",90,19,0,0
ORD00955,0,2,0,720.0,electronics,"23, Nehru Nagar, Pune",67,11,1,0
ORD00956,0,2,0,420.0,beauty,"23, MG Road, Mumbai, 522860",90,15,0,0
ORD00957,0,2,1,1330.0,accessories,"H.No. 8, Station Road, Near Govt School, Mumbai, 634613",100,20,1,0
ORD00958,0,2,2,750.0,fashion,"Door No. 5, Sector 12, Opposite SBI Bank, Bhopal, 654925",100,14,0,0
ORD00959,0,1,1,670.0,electronics,"H.No. 8, Sector 12, Ranchi, 174843",90,6,1,0
ORD00960,1,2,2,740.0,accessories,"Flat 4B, MG Road, Behind Central Mall, Lucknow, 465501",100,9,1,0
ORD00961,0,2,0,350.0,home,"Plot No. 17, Lake View Lane, Pune, 412380",90,3,0,0
ORD00962,1,1,0,480.0,fashion,"23, Park Street, Jaipur, 326361",90,23,1,0
ORD00963,0,1,0,670.0,beauty,"Plot No. 17, Sector 12, Guwahati, 554903",90,2,0,0
ORD00964,0,2,0,590.0,accessories,"Church Street, Near Govt School, Guwahati, 303747",73,17,1,1
ORD00965,0,2,1,1430.0,grocery,"Sector 12, Nagpur, 744458",63,0,0,1
ORD00966,0,1,1,760.0,beauty,"23, Sector 12, Pune, 730083",90,12,0,0
ORD00967,1,3,1,1110.0,fashion,"Flat 4B, Ashok Vihar, Near Govt School, Mirzapur, 756097",100,21,1,0
ORD00968,0,2,1,670.0,accessories,"Flat 4B, MG Road, Near Govt School, Mumbai",77,17,1,1
ORD00969,1,3,1,1250.0,home,"H.No. 8, Model Colony, Nagpur, 765341",90,7,0,0
ORD00970,0,2,0,840.0,accessories,"H.No. 8, Ashok Vihar, Mumbai, 254297",90,10,1,1
ORD00971,1,2,0,670.0,electronics,"H.No. 8, Ashok Vihar, Near Water Tank, Jaipur, 510103",100,9,0,0
ORD00972,1,3,1,660.0,fashion,"Nehru Nagar, Near City Hospital, Nagpur, 203719",73,3,1,0
ORD00973,1,2,0,380.0,electronics,"Flat 4B, Sector 12, Behind Central Mall, Kanpur",77,3,0,1
ORD00974,0,2,0,900.0,fashion,"Nehru Nagar, Pune",40,3,0,1
ORD00975,0,1,0,650.0,beauty,"H.No. 8, Model Colony, Indore, 184715",90,11,0,0
ORD00976,0,2,1,490.0,accessories,"Door No. 5, MG Road, Near Govt School, Jaipur, 293390",100,7,1,0
ORD00977,1,1,0,1290.0,beauty,"23, Sector 12, Opposite SBI Bank, Kanpur",77,12,0,0
ORD00978,0,1,1,310.0,accessories,"23, Lake View Lane, Opposite Petrol Pump, Pune, 464709",100,7,1,0
ORD00979,0,1,1,520.0,electronics,"23, Church Street, Near Govt School, Pune, 617090",100,20,1,0
ORD00980,1,1,0,1230.0,grocery,"23, Station Road, Near Water Tank, Nagpur, 171978",100,2,0,0
ORD00981,0,3,2,800.0,grocery,"H.No. 8, Nehru Nagar, Patna, 356251",90,11,0,0
ORD00982,1,1,1,650.0,beauty,"Flat 4B, Ashok Vihar, Opposite SBI Bank, Nagpur",77,17,0,0
ORD00983,0,2,1,770.0,home,"23, Model Colony, Jaipur, 570701",90,14,0,0
ORD00984,0,3,1,740.0,beauty,"Plot No. 17, Church Street, Guwahati, 777069",90,13,0,0
ORD00985,1,2,0,270.0,beauty,"23, Church Street, Near Govt School, Mirzapur",77,8,1,0
ORD00986,0,1,1,540.0,fashion,"23, Nehru Nagar, Near Water Tank, Kanpur",77,4,0,0
ORD00987,1,2,0,1750.0,grocery,"Nehru Nagar, Lucknow, 579824",63,14,1,0
ORD00988,0,2,4,450.0,accessories,"Flat 4B, Park Street, Ranchi, 275129",90,7,0,1
ORD00989,0,2,2,550.0,electronics,"Door No. 5, Station Road, Ranchi, 662255",90,22,0,0
ORD00990,1,3,1,480.0,beauty,"Ashok Vihar, Kanpur, 214846",63,2,0,0
ORD00991,1,3,0,630.0,beauty,"H.No. 8, Ashok Vihar, Behind Central Mall, Bhopal, 591453",100,11,1,0
ORD00992,1,2,0,470.0,beauty,"Flat 4B, Gandhi Marg, Opposite Petrol Pump, Indore, 567266",100,4,0,0
ORD00993,0,2,0,890.0,home,"23, Park Street, Bhopal, 318805",90,8,1,0
ORD00994,1,2,0,750.0,accessories,"Church Street, Guwahati, 849506",63,19,0,0
ORD00995,0,1,0,1060.0,electronics,"Plot No. 17, Nehru Nagar, Lucknow",67,2,1,1
ORD00996,0,3,0,350.0,fashion,"Door No. 5, Station Road, Pune, 757025",90,22,1,0
ORD00997,1,1,0,540.0,grocery,"Plot No. 17, Nehru Nagar, Lucknow",67,7,1,0
ORD00998,0,2,4,580.0,beauty,"Door No. 5, Gandhi Marg, Near Govt School, Nagpur",77,20,0,0
ORD00999,1,3,0,870.0,grocery,"H.No. 8, Park Street, Behind Central Mall, Mirzapur, 579855",100,12,0,0
ORD01000,0,2,3,410.0,fashion,"Ashok Vihar, Opposite Petrol Pump, Jaipur, 832409",73,7,1,1
ORD01001,0,2,3,1150.0,fashion,"H.No. 8, Sector 12, Near City Hospital, Kanpur",77,4,0,1
ORD01002,0,2,0,1360.0,accessories,"Door No. 5, Gandhi Marg, Opposite Petrol Pump, Patna",77,6,1,0
ORD01003,1,3,1,370.0,fashion,"Plot No. 17, Gandhi Marg, Mirzapur, 425305",90,4,1,0
ORD01004,1,2,0,500.0,grocery,"H.No. 8, Nehru Nagar, Mumbai, 126844",90,8,0,0
ORD01005,1,3,1,480.0,grocery,"Flat 4B, Station Road, Near Water Tank, Kanpur, 694145",100,4,0,0
ORD01006,1,1,0,3230.0,beauty,"23, MG Road, Kanpur",67,7,0,0
ORD01007,1,3,0,510.0,fashion,"Sector 12, Behind Central Mall, Bhopal, 771271",73,11,0,0
ORD01008,1,3,1,1820.0,beauty,"23, MG Road, Nagpur, 154835",90,3,1,0
ORD01009,0,1,0,310.0,accessories,"23, Sector 12, Near City Hospital, Mumbai",77,8,1,0
ORD01010,0,2,1,370.0,electronics,"H.No. 8, Ashok Vihar, Lucknow, 673221",90,21,0,0
ORD01011,0,1,0,440.0,electronics,"Door No. 5, Lake View Lane, Mirzapur, 654597",90,21,1,0
ORD01012,1,2,0,400.0,electronics,"23, Park Street, Near City Hospital, Mirzapur, 691236",100,13,0,0
ORD01013,1,2,0,570.0,fashion,"23, MG Road, Mumbai, 354753",90,18,0,0
ORD01014,0,2,0,430.0,accessories,"Sector 12, Behind Central Mall, Jaipur",50,12,0,0
ORD01015,1,1,0,410.0,accessories,"Park Street, Bhopal, 511742",63,2,1,0
ORD01016,1,1,0,1330.0,accessories,"Plot No. 17, Church Street, Near City Hospital, Patna, 405821",100,3,1,0
ORD01017,0,1,0,1390.0,home,"Flat 4B, Church Street, Pune, 523678",90,0,0,0
ORD01018,1,2,2,1180.0,grocery,"Plot No. 17, Sector 12, Patna, 854108",90,21,0,0
ORD01019,1,2,0,910.0,fashion,"23, Station Road, Opposite SBI Bank, Pune, 727699",100,0,0,0
ORD01020,0,3,1,700.0,beauty,"Plot No. 17, Nehru Nagar, Nagpur, 424316",90,10,1,0
ORD01021,1,2,0,490.0,beauty,"H.No. 8, MG Road, Nagpur, 369080",90,15,0,0
ORD01022,0,2,3,380.0,accessories,"23, Station Road, Behind Central Mall, Mirzapur",77,3,0,0
ORD01023,1,3,0,830.0,grocery,"Model Colony, Opposite SBI Bank, Indore, 785248",73,6,1,0
ORD01024,1,2,0,330.0,accessories,"23, Model Colony, Bhopal",67,11,0,0
ORD01025,1,3,0,370.0,accessories,"23, Park Street, Mirzapur",67,5,0,0
ORD01026,0,2,0,1330.0,accessories,"Plot No. 17, MG Road, Near City Hospital, Bhopal, 797825",100,23,0,1
ORD01027,1,1,1,2080.0,fashion,"Flat 4B, Church Street, Opposite Petrol Pump, Patna, 612477",100,19,1,0
ORD01028,1,1,0,840.0,grocery,"Church Street, Near City Hospital, Bhopal, 207114",73,8,1,0
ORD01029,0,2,5,1290.0,beauty,"Plot No. 17, Nehru Nagar, Guwahati, 531166",90,7,0,0
ORD01030,1,1,0,570.0,electronics,"Ashok Vihar, Opposite SBI Bank, Jaipur",50,13,0,0
ORD01031,0,2,0,300.0,fashion,"Door No. 5, Model Colony, Mumbai, 711812",90,14,0,0
ORD01032,1,2,1,960.0,beauty,"Door No. 5, Gandhi Marg, Indore, 311024",90,20,0,0
ORD01033,0,2,0,940.0,electronics,"Door No. 5, Model Colony, Indore",67,21,0,1
ORD01034,0,2,2,690.0,electronics,"Door No. 5, Sector 12, Kanpur",67,4,0,1
ORD01035,0,1,0,580.0,beauty,"Plot No. 17, Model Colony, Patna, 495752",90,14,0,0
ORD01036,1,2,1,1180.0,accessories,"Flat 4B, Lake View Lane, Indore, 145218",90,5,1,0
ORD01037,0,2,0,370.0,grocery,"Plot No. 17, Nehru Nagar, Behind Central Mall, Mirzapur, 135315",100,0,0,0
ORD01038,1,3,2,420.0,electronics,"Flat 4B, Nehru Nagar, Near Water Tank, Mirzapur, 143330",100,19,1,0
ORD01039,0,2,1,360.0,electronics,"23, Station Road, Mirzapur, 217220",90,8,0,0
ORD01040,0,3,0,700.0,fashion,"23, Church Street, Opposite SBI Bank, Mirzapur, 649298",100,3,0,1
ORD01041,0,3,0,350.0,electronics,"Sector 12, Near Govt School, Kanpur, 247300",73,1,0,1
ORD01042,1,2,0,440.0,fashion,"23, Lake View Lane, Kanpur",67,5,0,0
ORD01043,0,1,4,440.0,accessories,"23, Model Colony, Ranchi",67,1,1,0
ORD01044,1,2,0,570.0,home,"23, Gandhi Marg, Ranchi, 794944",90,2,1,0
ORD01045,1,2,0,270.0,fashion,"Flat 4B, Station Road, Ranchi, 250104",90,6,0,0
ORD01046,1,2,0,700.0,electronics,"23, Park Street, Nagpur, 845892",90,19,1,0
ORD01047,0,2,0,1410.0,home,"H.No. 8, Station Road, Indore, 193971",90,16,1,0
ORD01048,0,2,1,720.0,home,"Plot No. 17, Church Street, Ranchi, 545612",90,8,0,0
ORD01049,1,2,4,1680.0,fashion,"Station Road, Bhopal",40,21,0,1
ORD01050,0,2,0,1480.0,accessories,"Plot No. 17, Park Street, Jaipur, 732082",90,8,0,0
ORD01051,1,1,2,1060.0,fashion,"Plot No. 17, Model Colony, Mirzapur",67,18,1,0
ORD01052,0,3,0,700.0,fashion,"Plot No. 17, Church Street, Bhopal, 305745",90,4,0,0
ORD01053,1,1,0,670.0,fashion,"H.No. 8, Church Street, Indore, 416008",90,5,0,0
ORD01054,1,1,0,1050.0,home,"23, Ashok Vihar, Kanpur, 573294",90,17,0,0
ORD01055,1,2,1,530.0,fashion,"Door No. 5, Station Road, Opposite SBI Bank, Lucknow",77,0,0,0
ORD01056,0,2,4,210.0,fashion,"Flat 4B, Park Street, Near Water Tank, Patna, 281965",100,16,1,1
ORD01057,1,2,2,890.0,electronics,"Plot No. 17, Nehru Nagar, Patna, 626780",90,13,0,0
ORD01058,0,1,0,340.0,beauty,"Door No. 5, Lake View Lane, Opposite SBI Bank, Indore",77,14,0,0
ORD01059,0,2,0,370.0,fashion,"Lake View Lane, Near Water Tank, Pune, 440881",73,4,1,0
ORD01060,1,2,0,670.0,electronics,"H.No. 8, Church Street, Mirzapur, 710104",90,16,0,0
ORD01061,1,3,3,630.0,electronics,"H.No. 8, Ashok Vihar, Ranchi, 418836",90,20,0,0
ORD01062,1,3,2,290.0,fashion,"Flat 4B, MG Road, Mirzapur",67,20,1,0
ORD01063,1,2,2,730.0,home,"23, Sector 12, Mirzapur, 265032",90,22,1,1
ORD01064,0,2,0,1190.0,fashion,"Plot No. 17, Gandhi Marg, Patna",67,22,0,0
ORD01065,0,2,0,340.0,fashion,"Nehru Nagar, Kanpur, 361710",63,10,0,1
ORD01066,1,1,0,1430.0,home,"Door No. 5, Nehru Nagar, Behind Central Mall, Mirzapur, 425785",100,9,1,0
ORD01067,0,2,0,260.0,fashion,"23, Ashok Vihar, Bhopal, 675042",90,16,0,0
ORD01068,0,2,0,2370.0,fashion,"Plot No. 17, Ashok Vihar, Mumbai, 307615",90,0,1,0
ORD01069,0,3,0,520.0,electronics,"H.No. 8, Model Colony, Kanpur, 213425",90,4,1,0
ORD01070,0,1,0,730.0,accessories,"H.No. 8, Gandhi Marg, Near Water Tank, Lucknow, 636292",100,15,0,1
ORD01071,0,2,3,210.0,beauty,"Flat 4B, Ashok Vihar, Nagpur, 296943",90,6,1,1
ORD01072,0,2,2,640.0,grocery,"23, Church Street, Mirzapur, 814295",90,11,0,0
ORD01073,0,2,0,760.0,accessories,"Flat 4B, Lake View Lane, Patna, 341797",90,7,1,0
ORD01074,0,1,0,630.0,accessories,"23, Lake View Lane, Lucknow, 408373",90,17,1,0
ORD01075,1,3,0,470.0,grocery,"23, Park Street, Nagpur, 470441",90,0,0,0
ORD01076,0,2,1,380.0,beauty,"H.No. 8, Model Colony, Near Govt School, Mirzapur, 521650",100,19,0,0
ORD01077,0,2,2,1310.0,electronics,"Door No. 5, Station Road, Lucknow",67,11,0,1
ORD01078,1,1,2,680.0,fashion,"H.No. 8, Ashok Vihar, Indore, 740619",90,3,0,0
ORD01079,0,2,1,1680.0,beauty,"23, Ashok Vihar, Jaipur",67,11,0,1
ORD01080,1,2,0,480.0,accessories,"H.No. 8, Church Street, Opposite Petrol Pump, Mumbai",77,21,1,0
ORD01081,1,1,0,510.0,electronics,"23, Gandhi Marg, Bhopal, 430003",90,0,0,0
ORD01082,0,1,0,1090.0,beauty,"H.No. 8, MG Road, Near Water Tank, Kanpur, 537157",100,0,0,0
ORD01083,0,3,0,250.0,electronics,"23, Lake View Lane, Pune, 307782",90,2,1,0
ORD01084,1,1,2,320.0,electronics,"H.No. 8, MG Road, Patna, 418455",90,20,0,0
ORD01085,1,1,0,1280.0,electronics,"Flat 4B, Model Colony, Near Govt School, Nagpur, 337951",100,11,1,0
ORD01086,0,2,0,330.0,home,"Flat 4B, Gandhi Marg, Nagpur, 429419",90,21,0,0
ORD01087,1,3,0,220.0,electronics,"Door No. 5, Station Road, Mirzapur, 663198",90,20,0,0
ORD01088,0,1,4,2040.0,beauty,"H.No. 8, Ashok Vihar, Guwahati, 722952",90,12,0,1
ORD01089,1,2,0,290.0,accessories,"Plot No. 17, MG Road, Guwahati, 320096",90,12,1,0
ORD01090,0,1,1,740.0,accessories,"Church Street, Patna, 759329",63,20,0,0
ORD01091,1,1,0,690.0,fashion,"MG Road, Nagpur",40,8,0,0
ORD01092,1,1,0,200.0,accessories,"Flat 4B, Nehru Nagar, Bhopal, 300643",90,17,0,0
ORD01093,1,3,0,570.0,electronics,"Plot No. 17, Nehru Nagar, Indore, 475800",90,0,1,0
ORD01094,0,1,1,870.0,electronics,"Door No. 5, Park Street, Near Water Tank, Guwahati, 752866",100,5,0,0
ORD01095,0,1,0,820.0,beauty,"H.No. 8, Sector 12, Guwahati",67,22,1,0
ORD01096,0,2,3,1140.0,electronics,"Plot No. 17, Ashok Vihar, Behind Central Mall, Pune, 430234",100,23,1,0
ORD01097,0,3,0,530.0,fashion,"H.No. 8, Nehru Nagar, Indore, 792035",90,4,0,0
ORD01098,0,1,0,1020.0,electronics,"Door No. 5, Lake View Lane, Opposite Petrol Pump, Lucknow, 553531",100,3,0,0
ORD01099,1,2,3,440.0,beauty,"H.No. 8, Ashok Vihar, Near City Hospital, Indore, 446276",100,5,0,0
ORD01100,0,1,0,290.0,electronics,"Flat 4B, Gandhi Marg, Opposite Petrol Pump, Pune, 488315",100,2,0,0
ORD01101,0,2,1,310.0,beauty,"H.No. 8, Model Colony, Behind Central Mall, Mumbai, 725264",100,16,0,0
ORD01102,1,2,2,280.0,beauty,"H.No. 8, Ashok Vihar, Mirzapur",67,10,0,0
ORD01103,1,2,0,1220.0,beauty,"Church Street, Bhopal, 389270",63,3,0,0
ORD01104,1,2,1,270.0,accessories,"Flat 4B, Sector 12, Opposite Petrol Pump, Kanpur",77,19,0,0
ORD01105,1,2,0,780.0,electronics,"Flat 4B, Church Street, Kanpur, 601493",90,0,0,0
ORD01106,0,1,0,570.0,fashion,"Plot No. 17, Church Street, Mumbai",67,3,0,0
ORD01107,0,2,0,630.0,electronics,"Door No. 5, Lake View Lane, Mirzapur, 767553",90,22,1,1
ORD01108,1,1,2,1510.0,electronics,"23, Model Colony, Mumbai, 160678",90,2,0,0
ORD01109,1,3,0,510.0,beauty,"Plot No. 17, Ashok Vihar, Opposite SBI Bank, Mirzapur, 174626",100,9,0,0
ORD01110,0,3,1,960.0,fashion,"23, Nehru Nagar, Jaipur",67,21,0,0
ORD01111,1,3,4,680.0,electronics,"Flat 4B, Model Colony, Jaipur",67,0,0,0
ORD01112,0,3,0,610.0,grocery,"Plot No. 17, Park Street, Opposite SBI Bank, Lucknow",77,3,0,0
ORD01113,0,2,0,2640.0,beauty,"23, MG Road, Mumbai, 317690",90,18,0,0
ORD01114,0,2,0,280.0,beauty,"Door No. 5, Park Street, Indore, 297248",90,0,0,1
ORD01115,1,1,0,1440.0,grocery,"23, Church Street, Near Govt School, Indore",77,15,1,0
ORD01116,1,2,0,990.0,grocery,"Door No. 5, Sector 12, Mirzapur",67,18,1,0
ORD01117,0,2,1,500.0,beauty,"Door No. 5, Church Street, Opposite Petrol Pump, Guwahati, 553656",100,19,0,0
ORD01118,1,2,5,1770.0,electronics,"H.No. 8, Park Street, Pune, 649456",90,20,1,0
ORD01119,0,3,3,220.0,accessories,"Model Colony, Indore, 819011",63,21,0,0
ORD01120,0,1,2,490.0,home,"Church Street, Bhopal, 405519",63,17,0,0
ORD01121,1,2,3,320.0,fashion,"Model Colony, Mirzapur",40,1,0,0
ORD01122,1,3,0,850.0,fashion,"Sector 12, Behind Central Mall, Kanpur, 112836",73,5,0,0
ORD01123,1,1,1,340.0,beauty,"Door No. 5, Church Street, Opposite Petrol Pump, Ranchi, 681988",100,20,0,0
ORD01124,1,2,3,860.0,accessories,"Plot No. 17, Station Road, Near City Hospital, Kanpur, 626781",100,0,1,0
ORD01125,1,3,0,590.0,fashion,"Door No. 5, Church Street, Lucknow, 143161",90,18,0,0
ORD01126,1,2,4,500.0,fashion,"Nehru Nagar, Opposite SBI Bank, Bhopal, 708901",73,4,0,0
ORD01127,0,2,0,840.0,accessories,"Plot No. 17, Ashok Vihar, Opposite Petrol Pump, Mumbai",77,1,0,0
ORD01128,0,1,1,570.0,accessories,"Flat 4B, Church Street, Jaipur",67,0,0,0
ORD01129,0,2,1,350.0,fashion,"23, Church Street, Opposite SBI Bank, Lucknow",77,15,0,0
ORD01130,0,3,4,3570.0,electronics,"Plot No. 17, Lake View Lane, Near Govt School, Pune",77,20,0,0
ORD01131,1,2,0,500.0,beauty,"Church Street, Near City Hospital, Pune, 446228",73,1,0,0
ORD01132,0,2,1,200.0,electronics,"Door No. 5, Gandhi Marg, Lucknow",67,3,0,0
ORD01133,0,1,0,400.0,accessories,"Door No. 5, Model Colony, Opposite Petrol Pump, Kanpur, 185437",100,2,0,0
ORD01134,0,1,0,310.0,fashion,"Flat 4B, Ashok Vihar, Indore",67,22,0,0
ORD01135,1,3,2,1090.0,fashion,"Door No. 5, Model Colony, Near Govt School, Nagpur",77,16,0,0
ORD01136,0,2,1,810.0,fashion,"Model Colony, Jaipur, 224251",63,14,0,0
ORD01137,1,2,1,840.0,fashion,"Plot No. 17, Model Colony, Behind Central Mall, Bhopal, 332792",100,9,0,0
ORD01138,0,1,0,530.0,fashion,"Sector 12, Kanpur, 279371",63,11,0,0
ORD01139,0,2,0,560.0,fashion,"Flat 4B, Ashok Vihar, Mirzapur, 621265",90,11,0,0
ORD01140,1,3,1,530.0,grocery,"Plot No. 17, MG Road, Kanpur, 432243",90,19,0,0
ORD01141,1,2,0,630.0,fashion,"23, Sector 12, Lucknow, 803889",90,6,1,0
ORD01142,0,1,0,1100.0,accessories,"MG Road, Near Govt School, Ranchi, 773164",73,9,0,0
ORD01143,1,2,4,810.0,electronics,"Plot No. 17, Nehru Nagar, Near City Hospital, Bhopal",77,4,1,1
ORD01144,1,3,0,900.0,beauty,"Door No. 5, Lake View Lane, Lucknow, 272335",90,19,0,0
ORD01145,0,2,1,900.0,fashion,"23, MG Road, Jaipur, 197516",90,19,1,0
ORD01146,1,3,0,1130.0,fashion,"Plot No. 17, Sector 12, Guwahati, 220632",90,10,1,0
ORD01147,1,2,0,790.0,home,"Flat 4B, Lake View Lane, Bhopal",67,1,1,0
ORD01148,1,3,0,820.0,home,"Nehru Nagar, Opposite Petrol Pump, Mirzapur, 806151",73,23,1,0
ORD01149,1,2,0,1360.0,grocery,"Plot No. 17, Station Road, Opposite SBI Bank, Mirzapur",77,15,0,0
ORD01150,1,1,0,450.0,grocery,"H.No. 8, Model Colony, Indore, 711725",90,11,0,1
ORD01151,1,2,0,400.0,beauty,"Park Street, Nagpur, 560226",63,15,0,0
ORD01152,1,1,0,330.0,electronics,"Door No. 5, Sector 12, Near Water Tank, Mirzapur, 718999",100,3,0,0
ORD01153,1,3,0,740.0,accessories,"Door No. 5, Park Street, Nagpur",67,1,1,0
ORD01154,1,3,0,220.0,beauty,"Ashok Vihar, Nagpur, 584972",63,9,0,1
ORD01155,1,2,0,880.0,accessories,"Door No. 5, Church Street, Ranchi",67,12,1,0
ORD01156,1,2,0,620.0,grocery,"23, Ashok Vihar, Indore, 834268",90,22,0,0
ORD01157,0,1,3,1310.0,fashion,"Plot No. 17, Nehru Nagar, Indore, 332369",90,18,0,0
ORD01158,1,3,1,440.0,electronics,"Door No. 5, Gandhi Marg, Near City Hospital, Indore, 532757",100,14,1,0
ORD01159,1,2,1,590.0,home,"23, Sector 12, Lucknow, 401749",90,22,0,0
ORD01160,0,1,0,1300.0,beauty,"Flat 4B, Gandhi Marg, Near Water Tank, Mirzapur, 625224",100,0,0,1
ORD01161,1,2,3,1530.0,home,"Door No. 5, Church Street, Nagpur, 606342",90,16,0,0
ORD01162,0,1,1,440.0,grocery,"Flat 4B, Park Street, Near Govt School, Bhopal, 497561",100,19,1,0
ORD01163,0,2,2,740.0,fashion,"Flat 4B, Park Street, Bhopal, 488054",90,3,1,0
ORD01164,1,2,0,790.0,fashion,"Plot No. 17, Ashok Vihar, Patna",67,19,1,0
ORD01165,0,1,4,830.0,fashion,"Flat 4B, Ashok Vihar, Bhopal",67,8,0,1
ORD01166,1,3,2,570.0,home,"Door No. 5, Ashok Vihar, Opposite Petrol Pump, Pune, 714839",100,5,0,0
ORD01167,1,1,2,1430.0,beauty,"Plot No. 17, Lake View Lane, Behind Central Mall, Guwahati, 252867",100,2,0,0
ORD01168,0,1,0,210.0,electronics,"Flat 4B, Station Road, Behind Central Mall, Pune, 662190",100,21,0,0
ORD01169,0,1,0,520.0,beauty,"Door No. 5, Church Street, Ranchi, 535523",90,1,0,0
ORD01170,0,3,0,870.0,fashion,"23, Park Street, Nagpur, 117555",90,17,0,0
ORD01171,1,2,0,880.0,fashion,"Door No. 5, Model Colony, Pune, 582723",90,22,0,0
ORD01172,1,2,2,1500.0,beauty,"Door No. 5, Gandhi Marg, Bhopal, 598596",90,18,0,0
ORD01173,1,1,0,1370.0,electronics,"Flat 4B, Lake View Lane, Nagpur, 850109",90,6,0,0
ORD01174,0,1,0,560.0,beauty,"Plot No. 17, Church Street, Opposite Petrol Pump, Guwahati, 824972",100,2,0,0
ORD01175,1,2,0,1450.0,grocery,"Door No. 5, Nehru Nagar, Patna, 211381",90,17,0,0
ORD01176,0,3,0,430.0,accessories,"Flat 4B, Church Street, Near Govt School, Lucknow, 504220",100,19,0,0
ORD01177,1,3,0,1160.0,fashion,"H.No. 8, Church Street, Patna, 380146",90,19,0,0
ORD01178,0,1,2,1970.0,electronics,"Door No. 5, Model Colony, Mumbai, 518691",90,18,1,1
ORD01179,1,2,1,1380.0,beauty,"H.No. 8, Model Colony, Near Govt School, Mumbai, 638996",100,8,0,0
ORD01180,0,3,0,710.0,grocery,"Sector 12, Guwahati",40,15,1,1
ORD01181,1,2,0,550.0,grocery,"Flat 4B, Ashok Vihar, Opposite Petrol Pump, Mumbai, 652597",100,5,0,0
ORD01182,0,3,0,270.0,fashion,"Model Colony, Opposite Petrol Pump, Ranchi",50,20,0,0
ORD01183,1,1,0,800.0,fashion,"H.No. 8, Model Colony, Near Govt School, Kanpur, 539627",100,11,0,0
ORD01184,1,3,1,340.0,home,"23, MG Road, Behind Central Mall, Bhopal, 475676",100,5,0,0
ORD01185,0,3,1,410.0,beauty,"H.No. 8, Lake View Lane, Lucknow",67,12,0,0
ORD01186,1,3,1,330.0,electronics,"H.No. 8, Station Road, Kanpur, 704345",90,23,0,0
ORD01187,1,2,1,500.0,fashion,"Flat 4B, MG Road, Behind Central Mall, Pune, 657216",100,4,1,0
ORD01188,0,2,0,650.0,beauty,"Plot No. 17, Ashok Vihar, Ranchi, 611070",90,12,0,0
ORD01189,0,3,4,780.0,fashion,"Church Street, Jaipur",40,19,0,1
ORD01190,1,1,2,460.0,fashion,"H.No. 8, Lake View Lane, Pune, 468835",90,6,0,0
ORD01191,0,2,3,1260.0,fashion,"Plot No. 17, Model Colony, Kanpur, 397457",90,11,0,1
ORD01192,1,2,0,590.0,electronics,"Door No. 5, Model Colony, Behind Central Mall, Mumbai",77,20,1,0
ORD01193,0,3,3,410.0,home,"Flat 4B, MG Road, Mirzapur, 772324",90,3,0,1
ORD01194,1,3,2,760.0,electronics,"Plot No. 17, Lake View Lane, Bhopal, 318131",90,4,0,0
ORD01195,0,1,2,2160.0,fashion,"Flat 4B, Station Road, Mirzapur",67,15,0,0
ORD01196,1,3,0,810.0,fashion,"Door No. 5, Ashok Vihar, Kanpur, 513682",90,3,0,0
ORD01197,1,2,1,540.0,fashion,"Door No. 5, MG Road, Near Water Tank, Mirzapur, 595651",100,7,0,0
ORD01198,1,1,4,270.0,beauty,"Flat 4B, Church Street, Near Govt School, Bhopal",77,15,0,1
ORD01199,1,2,1,580.0,fashion,"Plot No. 17, Church Street, Mumbai",67,7,1,0
ORD01200,0,1,1,770.0,home,"H.No. 8, Lake View Lane, Patna, 757658",90,16,0,0
ORD01201,1,2,4,530.0,fashion,"Gandhi Marg, Ranchi, 258935",63,13,0,0
ORD01202,0,3,0,240.0,fashion,"Door No. 5, Model Colony, Jaipur, 530727",90,11,1,0
ORD01203,0,2,1,400.0,fashion,"Door No. 5, Nehru Nagar, Opposite Petrol Pump, Pune, 671742",100,2,0,0
ORD01204,0,2,0,1590.0,fashion,"Flat 4B, Park Street, Mirzapur, 675292",90,19,0,0
ORD01205,0,3,3,1570.0,beauty,"23, Park Street, Bhopal",67,1,1,1
ORD01206,1,2,0,390.0,electronics,"H.No. 8, Sector 12, Near Water Tank, Bhopal, 625890",100,12,0,0
ORD01207,1,3,0,1000.0,grocery,"Sector 12, Opposite Petrol Pump, Bhopal, 400394",73,20,0,0
ORD01208,0,2,1,330.0,fashion,"H.No. 8, Gandhi Marg, Near City Hospital, Guwahati, 330128",100,10,0,0
ORD01209,0,3,2,1540.0,fashion,"H.No. 8, Model Colony, Near City Hospital, Nagpur",77,23,1,0
ORD01210,1,1,1,770.0,electronics,"H.No. 8, Lake View Lane, Mumbai, 635866",90,11,0,0
ORD01211,0,3,3,1180.0,grocery,"Station Road, Kanpur, 136315",63,17,1,1
ORD01212,0,1,4,240.0,electronics,"Door No. 5, Nehru Nagar, Ranchi",67,8,0,1
ORD01213,0,2,0,1000.0,electronics,"H.No. 8, Gandhi Marg, Guwahati, 773248",90,6,0,0
ORD01214,1,3,0,660.0,electronics,"H.No. 8, Ashok Vihar, Jaipur, 420782",90,5,0,0
ORD01215,1,2,0,1110.0,fashion,"23, Gandhi Marg, Near Govt School, Patna",77,23,0,0
ORD01216,0,2,0,1150.0,accessories,"Door No. 5, Station Road, Near City Hospital, Guwahati, 221065",100,13,1,0
ORD01217,0,2,0,690.0,home,"Door No. 5, Lake View Lane, Nagpur, 464416",90,17,1,0
ORD01218,1,2,3,460.0,grocery,"Plot No. 17, MG Road, Mumbai",67,13,0,0
ORD01219,1,1,2,1060.0,beauty,"23, Nehru Nagar, Opposite SBI Bank, Mumbai, 449197",100,4,0,0
ORD01220,0,1,0,640.0,home,"H.No. 8, Lake View Lane, Lucknow",67,19,0,0
ORD01221,1,1,0,390.0,fashion,"23, Gandhi Marg, Mumbai, 132974",90,23,0,0
ORD01222,0,2,1,380.0,beauty,"Flat 4B, Church Street, Near Govt School, Patna",77,12,0,0
ORD01223,0,1,0,270.0,fashion,"Door No. 5, Park Street, Lucknow",67,0,1,0
ORD01224,1,2,0,490.0,electronics,"Plot No. 17, Lake View Lane, Indore, 535243",90,11,0,0
ORD01225,0,2,3,1290.0,beauty,"23, Station Road, Mirzapur, 561251",90,18,0,1
ORD01226,1,1,3,740.0,grocery,"Plot No. 17, Ashok Vihar, Near City Hospital, Bhopal, 440260",100,9,1,0
ORD01227,0,2,0,480.0,beauty,"Door No. 5, Sector 12, Opposite SBI Bank, Indore",77,23,0,0
ORD01228,0,3,3,1080.0,beauty,"Plot No. 17, Station Road, Behind Central Mall, Mirzapur, 204092",100,4,1,1
ORD01229,1,1,0,400.0,fashion,"Lake View Lane, Ranchi, 635175",63,19,1,0
ORD01230,0,2,1,700.0,electronics,"Ashok Vihar, Near Water Tank, Mumbai",50,5,0,1
ORD01231,1,2,0,600.0,fashion,"H.No. 8, Station Road, Near Water Tank, Ranchi, 301651",100,11,0,0
ORD01232,0,2,0,1060.0,beauty,"Gandhi Marg, Mumbai, 834376",63,20,0,0
ORD01233,0,2,3,260.0,accessories,"Flat 4B, Gandhi Marg, Nagpur, 282243",90,2,1,1
ORD01234,0,2,0,400.0,fashion,"H.No. 8, MG Road, Opposite SBI Bank, Guwahati",77,13,0,0
ORD01235,1,2,1,250.0,fashion,"H.No. 8, Station Road, Opposite SBI Bank, Indore, 820515",100,20,1,0
ORD01236,0,1,0,570.0,electronics,"Flat 4B, Church Street, Opposite Petrol Pump, Mumbai",77,3,0,0
ORD01237,1,2,0,1380.0,accessories,"H.No. 8, Sector 12, Guwahati, 412636",90,16,0,0
ORD01238,0,2,0,490.0,home,"H.No. 8, Station Road, Behind Central Mall, Jaipur, 340872",100,16,1,0
ORD01239,1,1,0,490.0,fashion,"Flat 4B, Sector 12, Bhopal, 131834",90,13,0,0
ORD01240,0,2,1,1120.0,accessories,"Door No. 5, Model Colony, Jaipur",67,14,1,1
ORD01241,1,3,0,1260.0,grocery,"Plot No. 17, Church Street, Opposite SBI Bank, Kanpur",77,6,0,0
ORD01242,1,2,1,630.0,fashion,"Door No. 5, Church Street, Near City Hospital, Pune, 679534",100,3,0,0
ORD01243,1,2,1,1000.0,accessories,"Nehru Nagar, Opposite SBI Bank, Mumbai, 183454",73,16,0,0
ORD01244,1,3,1,350.0,electronics,"H.No. 8, Nehru Nagar, Opposite Petrol Pump, Nagpur, 706259",100,5,1,0
ORD01245,1,2,0,1520.0,electronics,"Door No. 5, Lake View Lane, Near Water Tank, Jaipur",77,10,1,0
ORD01246,1,2,3,2410.0,electronics,"H.No. 8, Model Colony, Patna, 779631",90,11,1,0
ORD01247,0,3,0,910.0,grocery,"Door No. 5, Church Street, Behind Central Mall, Indore, 688919",100,14,0,0
ORD01248,0,3,0,200.0,beauty,"Door No. 5, Church Street, Opposite Petrol Pump, Lucknow, 147861",100,11,0,0
ORD01249,1,2,0,480.0,fashion,"H.No. 8, MG Road, Lucknow, 469181",90,10,0,0
ORD01250,1,2,0,960.0,accessories,"23, Gandhi Marg, Guwahati",67,16,0,0
ORD01251,1,2,0,520.0,fashion,"H.No. 8, Gandhi Marg, Indore",67,7,1,0
ORD01252,0,3,1,1430.0,beauty,"H.No. 8, Park Street, Opposite Petrol Pump, Ranchi, 190431",100,11,1,0
ORD01253,0,2,0,950.0,beauty,"Ashok Vihar, Near City Hospital, Lucknow",50,8,0,0
ORD01254,0,1,0,440.0,fashion,"Church Street, Near City Hospital, Mumbai, 653928",73,10,1,0
ORD01255,1,3,2,680.0,fashion,"Door No. 5, Station Road, Mirzapur, 222542",90,2,1,0
ORD01256,0,2,0,390.0,accessories,"Flat 4B, Gandhi Marg, Near City Hospital, Lucknow, 697715",100,6,1,0
ORD01257,0,1,0,600.0,electronics,"Flat 4B, Gandhi Marg, Near City Hospital, Bhopal",77,20,0,1
ORD01258,0,2,0,480.0,beauty,"23, Model Colony, Mumbai",67,2,1,0
ORD01259,0,2,2,1350.0,home,"H.No. 8, Church Street, Behind Central Mall, Ranchi, 824269",100,20,0,0
ORD01260,1,3,0,2370.0,beauty,"Plot No. 17, Ashok Vihar, Patna, 544139",90,15,0,0
ORD01261,0,1,0,280.0,electronics,"H.No. 8, Sector 12, Opposite Petrol Pump, Mirzapur, 782481",100,9,0,0
ORD01262,1,3,0,210.0,fashion,"H.No. 8, Gandhi Marg, Near Govt School, Nagpur, 112668",100,22,0,0
ORD01263,0,2,1,570.0,electronics,"23, Model Colony, Near City Hospital, Pune, 634925",100,6,0,0
ORD01264,0,1,1,270.0,accessories,"23, Nehru Nagar, Patna, 757208",90,23,0,0
ORD01265,0,3,2,680.0,electronics,"Flat 4B, Gandhi Marg, Bhopal, 468755",90,19,1,1
ORD01266,0,2,0,1040.0,fashion,"23, Model Colony, Near City Hospital, Mirzapur, 212014",100,14,0,0
ORD01267,0,1,0,1630.0,accessories,"Park Street, Ranchi, 630359",63,20,0,1
ORD01268,0,2,0,750.0,grocery,"Door No. 5, Nehru Nagar, Guwahati, 771349",90,20,0,0
ORD01269,1,3,0,590.0,fashion,"Church Street, Pune, 640795",63,9,0,0
ORD01270,0,2,0,200.0,accessories,"Door No. 5, Church Street, Jaipur, 157572",90,11,0,0
ORD01271,1,1,0,680.0,beauty,"23, Station Road, Behind Central Mall, Mirzapur, 374461",100,17,0,0
ORD01272,1,1,0,690.0,fashion,"MG Road, Behind Central Mall, Bhopal, 189859",73,22,1,0
ORD01273,1,1,1,980.0,fashion,"Door No. 5, Ashok Vihar, Near Water Tank, Jaipur, 261475",100,22,1,0
ORD01274,0,3,0,430.0,beauty,"Plot No. 17, Model Colony, Behind Central Mall, Indore, 335041",100,8,0,0
ORD01275,0,2,1,510.0,grocery,"Plot No. 17, Sector 12, Indore, 849511",90,8,0,0
ORD01276,0,1,0,270.0,fashion,"H.No. 8, Lake View Lane, Pune, 162473",90,3,0,1
ORD01277,0,1,0,200.0,fashion,"Flat 4B, Park Street, Opposite SBI Bank, Guwahati, 649735",100,4,0,0
ORD01278,1,2,0,340.0,electronics,"Flat 4B, Ashok Vihar, Bhopal",67,6,0,0
ORD01279,0,3,0,260.0,home,"Plot No. 17, Sector 12, Kanpur, 170235",90,6,1,0
ORD01280,0,2,0,810.0,fashion,"H.No. 8, MG Road, Opposite SBI Bank, Mirzapur, 767607",100,10,0,1
ORD01281,1,3,0,490.0,fashion,"H.No. 8, Model Colony, Jaipur",67,9,1,0
ORD01282,1,2,4,480.0,beauty,"Ashok Vihar, Ranchi",40,10,0,0
ORD01283,1,1,1,370.0,grocery,"Flat 4B, Sector 12, Lucknow, 465928",90,23,0,0
ORD01284,0,3,0,200.0,home,"MG Road, Behind Central Mall, Lucknow",50,23,0,0
ORD01285,0,2,2,1640.0,electronics,"Plot No. 17, Model Colony, Nagpur, 147299",90,17,0,1
ORD01286,0,2,1,360.0,electronics,"Flat 4B, Nehru Nagar, Mumbai, 411931",90,11,0,1
ORD01287,0,3,1,520.0,electronics,"Plot No. 17, Church Street, Opposite Petrol Pump, Kanpur",77,15,0,0
ORD01288,0,1,2,280.0,accessories,"Plot No. 17, Park Street, Opposite SBI Bank, Mirzapur",77,3,0,0
ORD01289,0,1,0,1190.0,grocery,"Ashok Vihar, Bhopal, 291168",63,16,0,0
ORD01290,0,2,0,720.0,fashion,"Flat 4B, Model Colony, Nagpur",67,16,0,0
ORD01291,0,1,0,410.0,electronics,"H.No. 8, Gandhi Marg, Bhopal, 804186",90,20,0,0
ORD01292,0,1,0,530.0,home,"H.No. 8, Ashok Vihar, Lucknow",67,22,0,0
ORD01293,1,1,0,1820.0,beauty,"Station Road, Near Govt School, Kanpur, 563783",73,4,0,0
ORD01294,1,1,1,640.0,electronics,"23, Model Colony, Lucknow",67,12,0,0
ORD01295,1,3,4,600.0,grocery,"23, Station Road, Kanpur, 842957",90,2,0,0
ORD01296,0,1,3,380.0,grocery,"Ashok Vihar, Opposite SBI Bank, Indore, 431718",73,22,1,1
ORD01297,0,2,3,210.0,home,"23, Sector 12, Opposite Petrol Pump, Indore, 184254",100,16,1,0
ORD01298,0,2,2,600.0,accessories,"MG Road, Behind Central Mall, Patna, 236827",73,10,1,1
ORD01299,1,2,4,810.0,grocery,"H.No. 8, Gandhi Marg, Opposite Petrol Pump, Mirzapur, 355676",100,0,0,0
ORD01300,1,1,0,1290.0,grocery,"23, Ashok Vihar, Guwahati, 553043",90,17,0,0
ORD01301,0,3,0,200.0,accessories,"Plot No. 17, Station Road, Opposite SBI Bank, Mirzapur, 507082",100,16,1,0
ORD01302,1,1,0,340.0,fashion,"23, Station Road, Pune, 528850",90,8,0,0
ORD01303,0,3,2,470.0,fashion,"H.No. 8, Station Road, Mumbai, 116550",90,19,0,1
ORD01304,0,3,0,660.0,accessories,"Door No. 5, Church Street, Near Water Tank, Mumbai, 724803",100,6,0,0
ORD01305,1,2,1,610.0,grocery,"23, Gandhi Marg, Pune",67,4,0,0
ORD01306,1,2,0,620.0,accessories,"Flat 4B, Park Street, Mirzapur, 493252",90,15,0,0
ORD01307,1,2,0,850.0,fashion,"H.No. 8, Nehru Nagar, Opposite Petrol Pump, Mirzapur, 559830",100,6,0,0
ORD01308,1,2,1,390.0,beauty,"Door No. 5, Nehru Nagar, Near Water Tank, Nagpur, 253542",100,12,0,0
ORD01309,0,3,0,1170.0,fashion,"23, Gandhi Marg, Near Govt School, Guwahati, 435267",100,12,1,0
ORD01310,1,3,0,860.0,home,"Flat 4B, Station Road, Opposite Petrol Pump, Lucknow, 764391",100,14,0,0
ORD01311,0,2,0,550.0,fashion,"Gandhi Marg, Jaipur",40,22,0,0
ORD01312,1,2,0,1740.0,fashion,"H.No. 8, Ashok Vihar, Behind Central Mall, Nagpur, 490521",100,16,1,0
ORD01313,0,3,1,1690.0,fashion,"23, Sector 12, Near Water Tank, Guwahati, 621466",100,16,0,0
ORD01314,1,3,0,1160.0,beauty,"Flat 4B, Sector 12, Bhopal, 574833",90,18,1,0
ORD01315,0,2,1,200.0,electronics,"Plot No. 17, Lake View Lane, Near City Hospital, Guwahati, 851483",100,9,0,0
ORD01316,1,2,0,1720.0,fashion,"Plot No. 17, Model Colony, Opposite Petrol Pump, Indore",77,1,0,0
ORD01317,0,1,2,1070.0,electronics,"Nehru Nagar, Patna",40,13,1,1
ORD01318,1,3,0,2220.0,fashion,"Flat 4B, Gandhi Marg, Lucknow, 341268",90,22,0,0
ORD01319,0,1,1,1400.0,accessories,"Flat 4B, MG Road, Indore, 543638",90,2,0,0
ORD01320,0,2,1,1710.0,electronics,"H.No. 8, Church Street, Mumbai, 325733",90,6,0,1
ORD01321,0,1,0,1130.0,electronics,"H.No. 8, Model Colony, Indore, 181047",90,10,0,0
ORD01322,0,1,3,1490.0,grocery,"23, Park Street, Near City Hospital, Nagpur, 805521",100,16,1,1
ORD01323,1,2,1,2200.0,beauty,"H.No. 8, Ashok Vihar, Lucknow",67,14,0,0
ORD01324,0,3,0,760.0,beauty,"Plot No. 17, Model Colony, Lucknow",67,18,0,0
ORD01325,1,1,0,260.0,beauty,"Door No. 5, Ashok Vihar, Pune",67,10,1,0
ORD01326,0,2,4,550.0,accessories,"H.No. 8, Church Street, Opposite Petrol Pump, Mumbai, 408617",100,14,0,1
ORD01327,0,1,2,840.0,fashion,"H.No. 8, Station Road, Mirzapur, 677588",90,14,1,0
ORD01328,1,1,0,700.0,accessories,"Door No. 5, Ashok Vihar, Opposite SBI Bank, Ranchi, 680706",100,5,0,0
ORD01329,1,2,0,310.0,grocery,"23, Model Colony, Near Water Tank, Indore, 747776",100,14,0,0
ORD01330,0,2,2,250.0,home,"Flat 4B, MG Road, Near Water Tank, Indore, 610281",100,8,0,1
ORD01331,1,1,1,430.0,beauty,"H.No. 8, Gandhi Marg, Nagpur, 576395",90,4,1,0
ORD01332,1,2,2,1080.0,beauty,"23, MG Road, Mirzapur",67,18,0,0
ORD01333,0,1,0,1720.0,fashion,"Door No. 5, Gandhi Marg, Kanpur, 395729",90,23,0,0
ORD01334,1,2,1,1150.0,fashion,"Door No. 5, Gandhi Marg, Nagpur, 444167",90,4,0,0
ORD01335,1,3,0,1250.0,accessories,"Sector 12, Mirzapur, 695808",63,21,0,0
ORD01336,1,3,0,630.0,home,"Flat 4B, MG Road, Near Water Tank, Indore, 772565",100,12,0,0
ORD01337,0,2,1,230.0,electronics,"Flat 4B, Sector 12, Guwahati, 849751",90,17,1,0
ORD01338,1,2,4,510.0,grocery,"Model Colony, Ranchi",40,19,0,0
ORD01339,0,3,0,570.0,home,"Flat 4B, Gandhi Marg, Opposite SBI Bank, Mumbai",77,16,0,1
ORD01340,0,1,0,490.0,fashion,"Station Road, Indore",40,14,0,0
ORD01341,0,3,1,690.0,beauty,"Door No. 5, Nehru Nagar, Pune, 428615",90,13,0,0
ORD01342,0,3,0,870.0,beauty,"Door No. 5, Station Road, Near Govt School, Mirzapur",77,15,1,0
ORD01343,1,1,2,1110.0,fashion,"Lake View Lane, Ranchi, 677342",63,3,0,0
ORD01344,1,1,2,560.0,accessories,"Lake View Lane, Indore, 244916",63,16,1,1
ORD01345,1,3,0,210.0,fashion,"H.No. 8, Ashok Vihar, Indore",67,19,0,0
ORD01346,0,2,5,500.0,electronics,"23, Station Road, Near City Hospital, Bhopal",77,13,1,1
ORD01347,0,1,2,680.0,fashion,"23, MG Road, Near Govt School, Ranchi, 144620",100,17,0,0
ORD01348,0,1,2,1390.0,beauty,"Plot No. 17, MG Road, Nagpur, 483347",90,5,1,0
ORD01349,1,2,1,470.0,electronics,"Door No. 5, Sector 12, Opposite SBI Bank, Kanpur, 422264",100,21,0,0
ORD01350,0,2,2,900.0,electronics,"Door No. 5, Sector 12, Jaipur, 388193",90,7,1,0
ORD01351,1,2,0,790.0,grocery,"Flat 4B, Station Road, Mirzapur, 610015",90,8,0,0
ORD01352,1,3,0,680.0,fashion,"Plot No. 17, Gandhi Marg, Opposite Petrol Pump, Nagpur, 850624",100,23,0,0
ORD01353,0,1,3,1160.0,grocery,"Plot No. 17, Station Road, Mumbai",67,0,0,0
ORD01354,1,2,0,450.0,home,"Flat 4B, Church Street, Kanpur, 127817",90,12,1,0
ORD01355,0,2,0,470.0,accessories,"H.No. 8, MG Road, Indore",67,2,0,0
ORD01356,1,2,2,660.0,home,"Flat 4B, Station Road, Behind Central Mall, Kanpur",77,5,1,0
ORD01357,1,1,2,450.0,fashion,"23, Lake View Lane, Behind Central Mall, Indore, 134759",100,16,0,0
ORD01358,0,3,0,900.0,fashion,"Station Road, Behind Central Mall, Patna",50,7,1,0
ORD01359,0,3,2,430.0,accessories,"Door No. 5, Sector 12, Near City Hospital, Patna, 379937",100,5,0,0
ORD01360,1,2,1,760.0,grocery,"23, Park Street, Opposite SBI Bank, Mirzapur, 614381",100,15,0,0
ORD01361,1,2,0,630.0,electronics,"H.No. 8, Station Road, Near Govt School, Nagpur, 622982",100,0,0,0
ORD01362,0,1,2,760.0,beauty,"Door No. 5, Lake View Lane, Lucknow",67,9,0,0
ORD01363,1,2,0,500.0,electronics,"Door No. 5, Gandhi Marg, Opposite SBI Bank, Kanpur",77,17,0,0
ORD01364,1,2,0,540.0,accessories,"Door No. 5, Lake View Lane, Behind Central Mall, Nagpur, 496446",100,21,0,0
ORD01365,1,2,0,700.0,accessories,"Plot No. 17, Ashok Vihar, Opposite Petrol Pump, Mirzapur, 762900",100,13,1,0
ORD01366,0,3,0,750.0,accessories,"H.No. 8, Lake View Lane, Mirzapur",67,23,1,1
ORD01367,1,2,0,660.0,accessories,"Door No. 5, Ashok Vihar, Patna, 491306",90,4,0,0
ORD01368,1,2,2,1850.0,accessories,"23, MG Road, Behind Central Mall, Kanpur",77,16,0,0
ORD01369,0,3,2,370.0,fashion,"Plot No. 17, Sector 12, Near Water Tank, Guwahati, 423248",100,13,0,0
ORD01370,0,1,1,640.0,grocery,"Flat 4B, Church Street, Opposite Petrol Pump, Ranchi, 623969",100,17,0,0
ORD01371,1,2,2,260.0,beauty,"Door No. 5, Church Street, Behind Central Mall, Guwahati, 294575",100,3,0,0
ORD01372,0,2,0,830.0,accessories,"23, Sector 12, Near Govt School, Bhopal, 708249",100,19,1,0
ORD01373,1,2,0,340.0,home,"H.No. 8, Model Colony, Patna",67,22,1,0
ORD01374,0,3,3,560.0,fashion,"Door No. 5, Gandhi Marg, Mumbai",67,1,0,1
ORD01375,0,2,0,530.0,home,"Lake View Lane, Near City Hospital, Kanpur",50,6,0,0
ORD01376,1,3,0,790.0,beauty,"Ashok Vihar, Near City Hospital, Indore, 195567",73,6,0,0
ORD01377,0,2,1,480.0,fashion,"Door No. 5, Ashok Vihar, Near Water Tank, Indore, 158221",100,6,1,1
ORD01378,0,2,0,470.0,electronics,"23, Park Street, Ranchi, 286813",90,12,0,0
ORD01379,0,3,3,1570.0,home,"Plot No. 17, Church Street, Near City Hospital, Ranchi",77,18,0,1
ORD01380,1,1,0,790.0,electronics,"23, Church Street, Opposite Petrol Pump, Mumbai, 353545",100,21,1,0
ORD01381,0,1,0,480.0,electronics,"Door No. 5, Station Road, Behind Central Mall, Lucknow, 366385",100,5,0,0
ORD01382,0,2,0,570.0,fashion,"Plot No. 17, Gandhi Marg, Mumbai, 206550",90,19,0,0
ORD01383,1,1,1,1790.0,accessories,"Plot No. 17, Station Road, Indore, 658329",90,16,0,0
ORD01384,0,1,0,580.0,grocery,"Plot No. 17, Ashok Vihar, Ranchi",67,17,1,0
ORD01385,1,2,0,440.0,fashion,"Door No. 5, Lake View Lane, Jaipur, 625357",90,23,0,0
ORD01386,0,2,3,440.0,grocery,"23, Nehru Nagar, Near Water Tank, Patna, 544941",100,0,1,1
ORD01387,1,2,3,480.0,beauty,"H.No. 8, Model Colony, Indore, 278683",90,22,1,0
ORD01388,0,3,0,470.0,fashion,"Door No. 5, Model Colony, Near Govt School, Bhopal, 756740",100,12,1,1
ORD01389,1,2,0,310.0,electronics,"H.No. 8, MG Road, Opposite SBI Bank, Nagpur, 814812",100,18,0,0
ORD01390,0,3,0,340.0,beauty,"Door No. 5, Gandhi Marg, Bhopal",67,15,1,0
ORD01391,0,1,4,400.0,electronics,"H.No. 8, Park Street, Opposite SBI Bank, Nagpur, 477581",100,9,0,1
ORD01392,0,2,5,950.0,grocery,"Plot No. 17, Nehru Nagar, Kanpur",67,12,0,1
ORD01393,0,3,0,530.0,electronics,"23, Church Street, Near City Hospital, Bhopal, 297753",100,9,0,0
ORD01394,0,2,1,590.0,fashion,"Door No. 5, Gandhi Marg, Nagpur",67,13,0,1
ORD01395,0,2,0,1430.0,accessories,"H.No. 8, MG Road, Opposite SBI Bank, Bhopal, 345674",100,8,1,1
ORD01396,1,2,0,1450.0,fashion,"23, Gandhi Marg, Behind Central Mall, Lucknow",77,20,1,0
ORD01397,0,1,0,560.0,beauty,"Flat 4B, Park Street, Opposite Petrol Pump, Ranchi, 724294",100,10,0,0
ORD01398,0,2,0,460.0,fashion,"Plot No. 17, Park Street, Behind Central Mall, Mirzapur, 401429",100,2,1,0
ORD01399,1,2,0,400.0,electronics,"Door No. 5, Nehru Nagar, Ranchi, 336725",90,7,1,0
ORD01400,1,3,0,1010.0,electronics,"Door No. 5, Church Street, Kanpur",67,11,1,0
ORD01401,0,1,1,590.0,fashion,"Station Road, Guwahati, 313392",63,2,0,0
ORD01402,0,3,0,530.0,electronics,"H.No. 8, Gandhi Marg, Mirzapur, 739021",90,6,0,0
ORD01403,0,3,1,410.0,fashion,"MG Road, Near Water Tank, Mirzapur, 161126",73,13,0,0
ORD01404,1,1,0,420.0,home,"Plot No. 17, Station Road, Indore",67,6,0,0
ORD01405,1,2,0,810.0,beauty,"H.No. 8, Church Street, Near City Hospital, Pune, 600283",100,6,0,0
ORD01406,0,3,0,300.0,fashion,"Plot No. 17, Nehru Nagar, Near Water Tank, Mirzapur, 756871",100,13,1,1
ORD01407,1,3,0,1210.0,accessories,"Flat 4B, Ashok Vihar, Pune",67,11,1,0
ORD01408,1,2,0,480.0,fashion,"Flat 4B, Gandhi Marg, Indore, 763947",90,0,0,0
ORD01409,1,2,0,610.0,fashion,"Flat 4B, MG Road, Opposite Petrol Pump, Kanpur, 265015",100,4,0,0
ORD01410,1,2,0,300.0,beauty,"Door No. 5, Park Street, Jaipur",67,10,0,0
ORD01411,0,2,0,660.0,electronics,"Door No. 5, Ashok Vihar, Kanpur, 477155",90,0,0,0
ORD01412,0,1,1,550.0,electronics,"H.No. 8, Station Road, Patna, 765311",90,22,0,0
ORD01413,0,2,2,650.0,fashion,"Door No. 5, Sector 12, Opposite Petrol Pump, Nagpur, 676203",100,12,1,0
ORD01414,0,1,0,1610.0,grocery,"Flat 4B, Ashok Vihar, Near Water Tank, Bhopal, 798125",100,23,0,0
ORD01415,0,1,0,740.0,beauty,"23, Gandhi Marg, Kanpur, 819256",90,22,0,0
ORD01416,1,2,0,410.0,fashion,"Plot No. 17, Sector 12, Mirzapur, 224115",90,16,0,0
ORD01417,0,2,1,430.0,electronics,"Station Road, Patna",40,2,0,1
ORD01418,0,2,0,950.0,grocery,"Plot No. 17, Model Colony, Indore, 199958",90,9,1,0
ORD01419,0,2,0,1450.0,home,"Plot No. 17, Sector 12, Opposite SBI Bank, Bhopal",77,18,1,0
ORD01420,1,2,0,790.0,fashion,"Door No. 5, Sector 12, Mumbai",67,6,0,0
ORD01421,0,1,3,1010.0,electronics,"Door No. 5, Sector 12, Near Water Tank, Kanpur, 765951",100,19,1,1
ORD01422,0,2,0,960.0,fashion,"H.No. 8, Station Road, Mirzapur",67,2,0,0
ORD01423,0,3,1,1560.0,home,"23, Ashok Vihar, Pune, 804907",90,21,0,0
ORD01424,0,2,0,210.0,grocery,"Park Street, Bhopal, 224503",63,11,0,1
ORD01425,1,2,4,990.0,electronics,"H.No. 8, Lake View Lane, Opposite Petrol Pump, Ranchi, 302489",100,21,0,0
ORD01426,1,2,2,1200.0,electronics,"Door No. 5, Nehru Nagar, Opposite Petrol Pump, Patna, 157238",100,9,0,0
ORD01427,0,3,0,300.0,accessories,"Sector 12, Indore, 241172",63,20,0,1
ORD01428,1,1,2,390.0,home,"Plot No. 17, Model Colony, Ranchi, 695143",90,11,0,0
ORD01429,1,2,0,400.0,home,"H.No. 8, Lake View Lane, Near City Hospital, Mumbai, 427639",100,14,0,0
ORD01430,1,2,2,430.0,fashion,"H.No. 8, Sector 12, Bhopal, 838188",90,5,1,0
ORD01431,0,2,2,500.0,beauty,"H.No. 8, Church Street, Guwahati, 652769",90,18,0,0
ORD01432,0,1,0,770.0,home,"23, Nehru Nagar, Lucknow, 267662",90,4,1,1
ORD01433,0,2,1,1120.0,electronics,"Door No. 5, Nehru Nagar, Kanpur, 734941",90,19,0,1
ORD01434,1,1,0,1270.0,accessories,"23, Park Street, Near City Hospital, Lucknow, 544196",100,1,1,0
ORD01435,0,2,0,400.0,accessories,"H.No. 8, Ashok Vihar, Lucknow, 160612",90,20,0,0
ORD01436,0,2,0,400.0,beauty,"Plot No. 17, Gandhi Marg, Indore, 554279",90,18,0,1
ORD01437,0,1,1,1460.0,home,"H.No. 8, Church Street, Pune, 149680",90,18,0,0
ORD01438,1,3,0,980.0,electronics,"Door No. 5, Lake View Lane, Opposite SBI Bank, Bhopal, 530608",100,3,0,0
ORD01439,0,1,0,700.0,fashion,"H.No. 8, Church Street, Patna, 767189",90,19,1,0
ORD01440,1,3,1,880.0,electronics,"H.No. 8, Gandhi Marg, Indore, 247348",90,4,1,0
ORD01441,1,2,0,650.0,grocery,"Door No. 5, MG Road, Guwahati, 484869",90,6,0,0
ORD01442,0,1,0,910.0,electronics,"Plot No. 17, Church Street, Opposite Petrol Pump, Ranchi, 563484",100,3,0,0
ORD01443,1,1,0,540.0,accessories,"Door No. 5, Gandhi Marg, Guwahati, 267944",90,10,0,0
ORD01444,0,3,0,780.0,fashion,"23, Station Road, Near City Hospital, Patna, 460940",100,22,0,0
ORD01445,1,1,0,270.0,home,"Door No. 5, Sector 12, Opposite Petrol Pump, Kanpur, 572134",100,2,1,0
ORD01446,0,1,0,440.0,beauty,"Lake View Lane, Opposite Petrol Pump, Pune, 506640",73,4,0,1
ORD01447,1,2,4,440.0,home,"23, Station Road, Opposite Petrol Pump, Lucknow, 416211",100,19,0,0
ORD01448,1,2,1,530.0,accessories,"H.No. 8, MG Road, Opposite SBI Bank, Nagpur, 641386",100,14,0,0
ORD01449,1,2,0,380.0,accessories,"Flat 4B, MG Road, Near Water Tank, Kanpur, 580977",100,20,0,0
ORD01450,1,1,0,480.0,fashion,"H.No. 8, Sector 12, Opposite SBI Bank, Nagpur, 796706",100,17,1,0
ORD01451,0,1,0,270.0,fashion,"Church Street, Behind Central Mall, Jaipur, 147439",73,15,0,0
ORD01452,1,1,1,920.0,fashion,"23, Ashok Vihar, Jaipur, 405707",90,15,0,0
ORD01453,1,1,0,630.0,beauty,"Flat 4B, Park Street, Jaipur",67,9,0,0
ORD01454,1,2,0,240.0,electronics,"Flat 4B, Church Street, Opposite SBI Bank, Indore, 616594",100,0,0,0
ORD01455,0,2,2,400.0,beauty,"Park Street, Near Govt School, Jaipur, 384735",73,22,0,1
ORD01456,1,1,0,810.0,electronics,"H.No. 8, Ashok Vihar, Near Water Tank, Mirzapur, 692033",100,10,1,0
ORD01457,1,2,0,480.0,beauty,"Door No. 5, Sector 12, Near Water Tank, Patna, 653826",100,16,1,0
ORD01458,1,2,3,440.0,grocery,"Flat 4B, Park Street, Behind Central Mall, Guwahati",77,23,1,0
ORD01459,0,3,1,640.0,home,"Door No. 5, Sector 12, Guwahati, 685116",90,14,1,0
ORD01460,1,3,0,820.0,home,"H.No. 8, Nehru Nagar, Mirzapur, 795020",90,6,0,0
ORD01461,0,3,1,280.0,fashion,"Flat 4B, Model Colony, Indore",67,5,0,1
ORD01462,1,1,0,930.0,electronics,"Flat 4B, MG Road, Opposite Petrol Pump, Lucknow, 161754",100,14,0,0
ORD01463,0,1,1,410.0,home,"Flat 4B, Park Street, Lucknow",67,14,1,1
ORD01464,1,2,0,660.0,electronics,"Flat 4B, Church Street, Near Water Tank, Pune, 243569",100,6,1,0
ORD01465,1,1,2,650.0,accessories,"Door No. 5, Ashok Vihar, Mirzapur",67,2,0,0
ORD01466,0,2,4,480.0,accessories,"Plot No. 17, Lake View Lane, Indore",67,13,1,1
ORD01467,1,3,3,360.0,grocery,"Plot No. 17, Nehru Nagar, Behind Central Mall, Nagpur",77,8,0,0
ORD01468,0,3,3,560.0,electronics,"Door No. 5, Lake View Lane, Jaipur",67,2,0,0
ORD01469,1,3,0,1760.0,beauty,"H.No. 8, Station Road, Indore, 725292",90,5,0,0
ORD01470,1,2,0,290.0,electronics,"Station Road, Pune, 237192",63,19,0,0
ORD01471,1,2,0,1840.0,fashion,"Door No. 5, Church Street, Patna, 391343",90,8,0,0
ORD01472,1,2,1,570.0,electronics,"H.No. 8, Church Street, Mumbai",67,0,0,0
ORD01473,1,1,3,680.0,fashion,"Flat 4B, MG Road, Pune, 127133",90,8,1,0
ORD01474,0,2,0,350.0,electronics,"Plot No. 17, MG Road, Behind Central Mall, Indore, 675516",100,11,0,1
ORD01475,0,1,3,420.0,electronics,"MG Road, Ranchi, 833924",63,3,1,1
ORD01476,1,2,2,490.0,accessories,"H.No. 8, MG Road, Kanpur, 594339",90,15,0,0
ORD01477,1,2,4,360.0,electronics,"Sector 12, Lucknow, 573991",63,4,1,0
ORD01478,1,2,3,590.0,accessories,"H.No. 8, Sector 12, Pune, 495786",90,16,1,0
ORD01479,1,3,0,520.0,fashion,"Gandhi Marg, Lucknow, 471853",63,16,1,1
ORD01480,0,2,0,2020.0,fashion,"23, Model Colony, Opposite SBI Bank, Patna, 388842",100,5,0,0
ORD01481,1,3,0,330.0,home,"H.No. 8, Lake View Lane, Near Govt School, Kanpur",77,14,0,0
ORD01482,0,1,0,710.0,beauty,"Plot No. 17, Lake View Lane, Behind Central Mall, Kanpur, 295757",100,0,0,0
ORD01483,0,2,1,770.0,fashion,"Flat 4B, MG Road, Near Water Tank, Ranchi",77,12,0,0
ORD01484,0,2,2,350.0,fashion,"Plot No. 17, MG Road, Behind Central Mall, Guwahati, 313382",100,15,0,0
ORD01485,0,2,3,1000.0,electronics,"Flat 4B, Station Road, Behind Central Mall, Bhopal, 135829",100,1,0,1
ORD01486,0,3,1,520.0,electronics,"Flat 4B, Station Road, Behind Central Mall, Pune",77,18,0,0
ORD01487,0,1,0,200.0,beauty,"H.No. 8, Church Street, Opposite Petrol Pump, Jaipur",77,22,1,0
ORD01488,1,2,0,990.0,home,"Plot No. 17, Nehru Nagar, Opposite SBI Bank, Lucknow, 271452",100,1,0,0
ORD01489,0,2,0,340.0,fashion,"Gandhi Marg, Patna",40,20,1,0
ORD01490,0,3,0,350.0,accessories,"Lake View Lane, Indore, 527765",63,11,0,0
ORD01491,0,1,0,1000.0,fashion,"Door No. 5, MG Road, Opposite Petrol Pump, Nagpur, 177872",100,11,0,0
ORD01492,0,3,0,540.0,beauty,"Flat 4B, Model Colony, Opposite Petrol Pump, Nagpur, 533353",100,7,0,0
ORD01493,0,2,0,1150.0,grocery,"H.No. 8, Nehru Nagar, Kanpur, 664368",90,11,1,0
ORD01494,0,1,0,1370.0,accessories,"23, Church Street, Indore, 320168",90,23,1,0
ORD01495,1,2,1,450.0,electronics,"23, Park Street, Mumbai, 154122",90,10,1,0
ORD01496,1,2,0,1070.0,beauty,"H.No. 8, Park Street, Near Govt School, Guwahati, 148036",100,1,0,0
ORD01497,1,2,0,420.0,electronics,"23, Church Street, Bhopal, 332835",90,0,0,0
ORD01498,0,3,0,2540.0,beauty,"Flat 4B, Sector 12, Opposite Petrol Pump, Pune, 480757",100,3,0,0
ORD01499,0,2,4,440.0,electronics,"Nehru Nagar, Near City Hospital, Mumbai",50,8,0,0
ORD01500,1,2,0,1230.0,electronics,"Door No. 5, Ashok Vihar, Patna, 630468",90,6,1,0
ORD01501,0,2,0,1100.0,accessories,"23, Park Street, Near City Hospital, Mirzapur, 152582",100,21,1,1
ORD01502,0,1,1,800.0,fashion,"Plot No. 17, Church Street, Near City Hospital, Pune",77,9,0,0
ORD01503,0,1,1,440.0,accessories,"Door No. 5, Ashok Vihar, Nagpur, 670536",90,19,1,0
ORD01504,0,2,3,610.0,accessories,"Door No. 5, Station Road, Lucknow, 607269",90,13,0,0
ORD01505,0,2,0,200.0,home,"Flat 4B, Lake View Lane, Bhopal, 405099",90,0,0,1
ORD01506,0,1,0,760.0,electronics,"Flat 4B, Lake View Lane, Guwahati, 426126",90,4,0,0
ORD01507,1,2,0,820.0,electronics,"Flat 4B, Lake View Lane, Near City Hospital, Indore, 606132",100,12,0,0
ORD01508,0,2,1,720.0,accessories,"Door No. 5, Lake View Lane, Mirzapur, 556068",90,5,0,0
ORD01509,1,1,0,200.0,fashion,"Plot No. 17, Gandhi Marg, Near Govt School, Indore, 330632",100,21,0,0
ORD01510,1,2,0,310.0,home,"Door No. 5, Nehru Nagar, Indore, 528152",90,16,1,1
ORD01511,1,1,0,420.0,beauty,"H.No. 8, Model Colony, Opposite SBI Bank, Ranchi, 176141",100,14,0,0
ORD01512,1,3,0,790.0,accessories,"H.No. 8, Gandhi Marg, Guwahati",67,6,0,0
ORD01513,1,3,0,790.0,grocery,"23, Station Road, Near City Hospital, Patna, 358510",100,7,0,0
ORD01514,0,2,1,600.0,beauty,"Door No. 5, Nehru Nagar, Ranchi, 650761",90,20,1,0
ORD01515,0,1,1,970.0,fashion,"Door No. 5, Nehru Nagar, Lucknow, 516677",90,1,0,0
ORD01516,0,3,0,360.0,electronics,"Plot No. 17, Lake View Lane, Lucknow, 398209",90,17,1,0
ORD01517,1,3,0,960.0,fashion,"Flat 4B, Park Street, Pune, 430937",90,20,0,0
ORD01518,1,3,1,880.0,accessories,"Flat 4B, Gandhi Marg, Ranchi, 689639",90,22,0,1
ORD01519,0,1,0,830.0,beauty,"Door No. 5, Sector 12, Near Water Tank, Jaipur",77,6,0,0
ORD01520,1,2,0,600.0,grocery,"Door No. 5, Sector 12, Pune, 455040",90,19,0,0
ORD01521,0,3,0,2000.0,beauty,"Door No. 5, Gandhi Marg, Near Water Tank, Kanpur, 137140",100,15,0,0
ORD01522,1,2,1,890.0,home,"Nehru Nagar, Behind Central Mall, Patna",50,18,0,0
ORD01523,0,2,3,370.0,fashion,"Plot No. 17, Church Street, Near City Hospital, Kanpur, 410396",100,8,0,1
ORD01524,0,2,1,770.0,electronics,"Flat 4B, Nehru Nagar, Near City Hospital, Jaipur, 233546",100,11,0,0
ORD01525,0,2,0,1040.0,fashion,"Plot No. 17, Lake View Lane, Opposite Petrol Pump, Mumbai, 201276",100,13,0,1
ORD01526,0,1,0,470.0,beauty,"Flat 4B, Gandhi Marg, Pune",67,6,1,0
ORD01527,0,2,3,1280.0,fashion,"H.No. 8, Gandhi Marg, Mirzapur, 840147",90,1,1,0
ORD01528,0,1,0,840.0,beauty,"Plot No. 17, Ashok Vihar, Mumbai, 540607",90,16,1,0
ORD01529,1,2,5,200.0,beauty,"Park Street, Pune, 119719",63,10,0,0
ORD01530,0,1,4,800.0,electronics,"H.No. 8, Station Road, Patna, 457049",90,17,0,1
ORD01531,0,2,0,520.0,fashion,"23, Station Road, Mumbai, 528337",90,11,1,0
ORD01532,1,1,3,920.0,electronics,"Flat 4B, Park Street, Nagpur",67,2,0,0
ORD01533,1,2,0,1170.0,electronics,"H.No. 8, Church Street, Mumbai, 559542",90,20,1,0
ORD01534,0,3,2,750.0,beauty,"23, Station Road, Behind Central Mall, Lucknow, 503986",100,13,1,0
ORD01535,0,1,0,1810.0,fashion,"Door No. 5, Church Street, Pune, 253453",90,14,0,0
ORD01536,0,1,0,600.0,grocery,"Flat 4B, Model Colony, Pune",67,18,0,0
ORD01537,0,1,1,970.0,grocery,"H.No. 8, Model Colony, Patna, 580908",90,9,1,0
ORD01538,1,3,2,1080.0,fashion,"Plot No. 17, Station Road, Bhopal, 409266",90,8,1,0
ORD01539,0,2,0,630.0,beauty,"H.No. 8, Gandhi Marg, Lucknow",67,9,1,0
ORD01540,0,2,1,1060.0,beauty,"Station Road, Jaipur, 315666",63,19,0,0
ORD01541,1,1,0,470.0,beauty,"Flat 4B, Sector 12, Nagpur, 223036",90,22,0,0
ORD01542,0,2,0,520.0,fashion,"Plot No. 17, Gandhi Marg, Jaipur, 694327",90,3,0,0
ORD01543,1,3,0,300.0,fashion,"Flat 4B, Nehru Nagar, Mirzapur, 112759",90,18,0,0
ORD01544,0,3,0,770.0,fashion,"Flat 4B, Church Street, Kanpur, 185449",90,9,0,0
ORD01545,1,2,0,810.0,electronics,"Flat 4B, Gandhi Marg, Lucknow, 484138",90,16,1,0
ORD01546,0,1,0,1350.0,grocery,"Door No. 5, MG Road, Near City Hospital, Kanpur, 380793",100,11,0,0
ORD01547,1,1,0,1070.0,beauty,"Gandhi Marg, Ranchi",40,0,0,0
ORD01548,1,1,0,560.0,accessories,"Door No. 5, MG Road, Near Water Tank, Bhopal",77,10,0,0
ORD01549,0,1,0,330.0,fashion,"H.No. 8, Gandhi Marg, Near Govt School, Lucknow, 439288",100,12,0,0
ORD01550,1,1,4,860.0,fashion,"Door No. 5, Ashok Vihar, Guwahati",67,0,1,0
ORD01551,1,1,0,1300.0,beauty,"23, Sector 12, Near Govt School, Nagpur, 504115",100,0,1,0
ORD01552,1,2,4,1050.0,fashion,"H.No. 8, Park Street, Jaipur, 492912",90,20,0,0
ORD01553,1,3,1,1270.0,electronics,"23, Sector 12, Guwahati",67,15,0,0
ORD01554,1,2,1,590.0,home,"23, Nehru Nagar, Pune, 579994",90,6,0,0
ORD01555,0,3,1,500.0,fashion,"Park Street, Behind Central Mall, Bhopal, 116377",73,22,0,1
ORD01556,0,2,2,430.0,beauty,"23, Sector 12, Near City Hospital, Mumbai",77,9,0,0
ORD01557,1,1,0,640.0,electronics,"Plot No. 17, Sector 12, Opposite Petrol Pump, Lucknow, 422218",100,15,0,0
ORD01558,0,2,0,630.0,beauty,"Flat 4B, Nehru Nagar, Patna, 643221",90,0,1,1
ORD01559,1,1,1,750.0,grocery,"Flat 4B, Church Street, Near Water Tank, Nagpur, 115768",100,21,0,0
ORD01560,1,2,1,620.0,fashion,"23, Ashok Vihar, Mirzapur",67,8,0,0
ORD01561,0,2,2,610.0,accessories,"Flat 4B, MG Road, Opposite Petrol Pump, Patna, 295734",100,5,0,1
ORD01562,0,3,0,420.0,home,"Flat 4B, Park Street, Opposite Petrol Pump, Mirzapur, 744665",100,14,1,0
ORD01563,1,1,1,1170.0,accessories,"Station Road, Behind Central Mall, Pune, 191674",73,3,1,0
ORD01564,0,1,0,700.0,fashion,"H.No. 8, MG Road, Lucknow, 551654",90,14,1,0
ORD01565,1,3,0,600.0,beauty,"Door No. 5, Lake View Lane, Near Water Tank, Lucknow, 748942",100,9,0,0
ORD01566,0,1,0,420.0,electronics,"Flat 4B, Gandhi Marg, Nagpur, 132591",90,15,0,0
ORD01567,1,2,1,300.0,grocery,"23, Ashok Vihar, Ranchi, 643683",90,12,1,0
ORD01568,0,2,3,1460.0,beauty,"Door No. 5, Gandhi Marg, Behind Central Mall, Ranchi, 596936",100,18,1,0
ORD01569,1,3,0,930.0,electronics,"H.No. 8, Gandhi Marg, Mirzapur, 696674",90,19,0,0
ORD01570,0,3,2,250.0,accessories,"Door No. 5, MG Road, Patna, 151304",90,3,0,0
ORD01571,1,3,0,1050.0,electronics,"H.No. 8, Gandhi Marg, Opposite Petrol Pump, Patna, 747335",100,19,0,0
ORD01572,0,1,0,1160.0,fashion,"Plot No. 17, MG Road, Near City Hospital, Bhopal, 651447",100,21,1,0
ORD01573,1,3,0,720.0,beauty,"H.No. 8, Sector 12, Indore",67,15,0,0
ORD01574,1,2,0,1740.0,beauty,"Flat 4B, Church Street, Jaipur",67,10,0,0
ORD01575,0,2,0,760.0,electronics,"Sector 12, Near Water Tank, Guwahati, 170716",73,14,1,0
ORD01576,0,1,0,280.0,electronics,"Door No. 5, Church Street, Patna, 308220",90,10,1,0
ORD01577,0,2,1,830.0,accessories,"Ashok Vihar, Near Govt School, Mirzapur",50,22,0,0
ORD01578,1,3,1,770.0,beauty,"Door No. 5, Sector 12, Opposite SBI Bank, Lucknow, 720673",100,10,0,0
ORD01579,1,3,0,460.0,fashion,"Plot No. 17, Lake View Lane, Mumbai, 652960",90,2,0,0
ORD01580,0,2,0,940.0,fashion,"Door No. 5, Model Colony, Bhopal, 325084",90,23,0,0
ORD01581,0,1,0,240.0,accessories,"Park Street, Bhopal, 748882",63,23,0,0
ORD01582,0,2,0,1210.0,beauty,"Plot No. 17, MG Road, Behind Central Mall, Pune, 564215",100,16,0,0
ORD01583,1,3,0,390.0,accessories,"H.No. 8, Model Colony, Near Govt School, Patna",77,4,0,0
ORD01584,0,2,0,370.0,electronics,"23, Model Colony, Behind Central Mall, Patna, 804669",100,12,0,0
ORD01585,1,2,4,620.0,beauty,"Plot No. 17, Station Road, Jaipur",67,9,1,0
ORD01586,0,1,2,860.0,beauty,"H.No. 8, Sector 12, Mumbai, 619038",90,4,1,0
ORD01587,1,2,0,730.0,fashion,"23, Station Road, Jaipur, 159391",90,11,0,0
ORD01588,0,2,0,430.0,home,"Door No. 5, Church Street, Behind Central Mall, Pune",77,7,1,0
ORD01589,0,3,0,490.0,beauty,"Door No. 5, Model Colony, Opposite SBI Bank, Guwahati, 430631",100,23,0,1
ORD01590,1,2,2,340.0,electronics,"23, Model Colony, Nagpur, 780530",90,11,1,1
ORD01591,1,2,0,580.0,grocery,"H.No. 8, Nehru Nagar, Near Govt School, Mumbai, 332305",100,15,0,0
ORD01592,1,2,0,1270.0,grocery,"Church Street, Near Govt School, Indore, 365142",73,1,1,0
ORD01593,0,1,1,660.0,accessories,"H.No. 8, Church Street, Near Water Tank, Mirzapur",77,2,0,0
ORD01594,0,3,0,1110.0,grocery,"Door No. 5, Park Street, Indore, 512079",90,17,0,0
ORD01595,1,2,0,1590.0,electronics,"23, Park Street, Nagpur, 523315",90,16,1,0
ORD01596,1,2,0,470.0,electronics,"Flat 4B, Station Road, Mirzapur, 292532",90,1,0,1
ORD01597,0,2,0,590.0,grocery,"H.No. 8, Nehru Nagar, Behind Central Mall, Guwahati, 474438",100,21,0,0
ORD01598,0,2,0,2450.0,electronics,"Door No. 5, MG Road, Behind Central Mall, Mirzapur, 121222",100,11,0,0
ORD01599,0,2,0,1580.0,fashion,"Flat 4B, Station Road, Near City Hospital, Jaipur, 581483",100,16,0,0
ORD01600,1,2,0,240.0,home,"Door No. 5, Nehru Nagar, Ranchi, 334221",90,5,0,0
ORD01601,0,1,0,840.0,fashion,"Flat 4B, Church Street, Near Govt School, Pune",77,16,0,0
ORD01602,0,2,2,670.0,beauty,"Plot No. 17, MG Road, Patna, 846125",90,1,0,1
ORD01603,0,1,0,1090.0,electronics,"Flat 4B, Station Road, Behind Central Mall, Mirzapur",77,7,0,0
ORD01604,0,2,0,430.0,fashion,"Ashok Vihar, Guwahati, 666720",63,13,1,0
ORD01605,0,1,1,400.0,accessories,"Model Colony, Guwahati, 229976",63,5,0,0
ORD01606,0,2,2,440.0,grocery,"H.No. 8, Church Street, Jaipur",67,8,0,0
ORD01607,0,3,2,470.0,grocery,"Plot No. 17, Model Colony, Ranchi, 769047",90,0,0,1
ORD01608,1,3,0,1080.0,beauty,"23, Lake View Lane, Nagpur, 614492",90,4,1,0
ORD01609,0,2,0,330.0,grocery,"Plot No. 17, Ashok Vihar, Bhopal",67,6,1,0
ORD01610,0,2,1,460.0,grocery,"Ashok Vihar, Kanpur",40,8,0,0
ORD01611,1,1,1,230.0,home,"Plot No. 17, Nehru Nagar, Kanpur, 653840",90,13,1,0
ORD01612,1,2,0,1220.0,accessories,"23, Nehru Nagar, Opposite Petrol Pump, Kanpur, 688590",100,8,1,0
ORD01613,0,3,3,1430.0,fashion,"H.No. 8, Station Road, Mirzapur, 650307",90,3,1,0
ORD01614,0,1,0,550.0,accessories,"Plot No. 17, MG Road, Near Water Tank, Mirzapur",77,19,0,0
ORD01615,0,2,5,560.0,electronics,"23, Station Road, Near Water Tank, Pune",77,14,0,1
ORD01616,1,3,2,870.0,home,"H.No. 8, Lake View Lane, Ranchi, 493497",90,3,0,0
ORD01617,1,3,1,1610.0,fashion,"H.No. 8, MG Road, Bhopal, 732477",90,2,0,0
ORD01618,1,1,3,850.0,home,"Plot No. 17, Model Colony, Lucknow, 756185",90,23,0,0
ORD01619,1,2,1,440.0,beauty,"Plot No. 17, Ashok Vihar, Near Govt School, Nagpur, 375197",100,20,0,0
ORD01620,1,1,0,250.0,accessories,"23, Model Colony, Near Water Tank, Patna",77,22,1,0
ORD01621,0,1,0,340.0,accessories,"23, Park Street, Patna, 642743",90,21,0,0
ORD01622,0,3,0,700.0,accessories,"Ashok Vihar, Lucknow, 237742",63,13,0,0
ORD01623,1,3,0,450.0,electronics,"Plot No. 17, Sector 12, Kanpur",67,8,1,0
ORD01624,1,3,1,750.0,accessories,"H.No. 8, Sector 12, Mumbai, 720341",90,18,0,0
ORD01625,0,1,0,480.0,electronics,"H.No. 8, Church Street, Near Water Tank, Jaipur, 271109",100,5,0,0
ORD01626,1,3,0,350.0,accessories,"Flat 4B, Ashok Vihar, Mirzapur, 445383",90,2,0,0
ORD01627,0,2,1,330.0,fashion,"Door No. 5, Park Street, Guwahati, 180210",90,17,1,0
ORD01628,0,2,3,1700.0,home,"H.No. 8, Park Street, Ranchi, 685581",90,15,1,1
ORD01629,0,2,0,1130.0,accessories,"Door No. 5, Model Colony, Opposite Petrol Pump, Pune, 467000",100,2,0,0
ORD01630,0,1,0,1880.0,accessories,"Door No. 5, Model Colony, Mumbai, 134939",90,1,1,0
ORD01631,1,3,0,920.0,beauty,"Flat 4B, Lake View Lane, Mumbai, 456297",90,1,0,0
ORD01632,0,2,1,510.0,grocery,"Flat 4B, Church Street, Patna, 312107",90,22,0,1
ORD01633,1,1,0,1470.0,fashion,"H.No. 8, Park Street, Patna",67,9,0,0
ORD01634,1,1,1,650.0,beauty,"Plot No. 17, Sector 12, Behind Central Mall, Nagpur, 355973",100,14,0,0
ORD01635,1,1,0,760.0,beauty,"23, Station Road, Mirzapur",67,2,0,0
ORD01636,0,1,0,650.0,fashion,"Flat 4B, Ashok Vihar, Near City Hospital, Indore, 784964",100,7,0,0
ORD01637,0,2,3,200.0,fashion,"Plot No. 17, MG Road, Mumbai",67,17,0,1
ORD01638,0,3,0,1740.0,fashion,"Plot No. 17, Lake View Lane, Kanpur, 377296",90,10,0,0
ORD01639,1,1,0,890.0,beauty,"Flat 4B, Church Street, Opposite SBI Bank, Pune, 381645",100,6,0,0
ORD01640,1,1,0,810.0,fashion,"Door No. 5, Ashok Vihar, Lucknow, 262278",90,18,1,0
ORD01641,0,2,0,640.0,electronics,"Door No. 5, Lake View Lane, Opposite Petrol Pump, Bhopal, 157099",100,6,0,0
ORD01642,1,3,0,730.0,electronics,"Ashok Vihar, Patna, 290941",63,1,0,0
ORD01643,0,2,0,460.0,home,"H.No. 8, Gandhi Marg, Opposite SBI Bank, Nagpur",77,5,0,0
ORD01644,1,2,0,960.0,beauty,"Plot No. 17, Model Colony, Pune, 450111",90,4,1,0
ORD01645,0,2,0,300.0,beauty,"Door No. 5, Nehru Nagar, Mirzapur",67,13,0,0
ORD01646,1,1,1,740.0,home,"Plot No. 17, Church Street, Pune, 476177",90,17,0,0
ORD01647,0,1,2,930.0,electronics,"23, MG Road, Pune, 490753",90,3,0,0
ORD01648,1,2,0,590.0,electronics,"23, Church Street, Near Water Tank, Mirzapur, 208083",100,3,0,0
ORD01649,1,2,1,830.0,accessories,"H.No. 8, Model Colony, Ranchi, 325422",90,23,0,0
ORD01650,1,2,0,370.0,electronics,"Nehru Nagar, Near Water Tank, Bhopal, 678390",73,12,0,0
ORD01651,0,2,0,370.0,fashion,"Flat 4B, Church Street, Nagpur, 389088",90,22,1,0
ORD01652,0,2,0,770.0,beauty,"Plot No. 17, Station Road, Bhopal, 841847",90,20,0,0
ORD01653,0,1,0,1000.0,electronics,"Plot No. 17, Ashok Vihar, Behind Central Mall, Nagpur",77,0,1,0
ORD01654,0,2,0,220.0,grocery,"H.No. 8, Nehru Nagar, Near Water Tank, Bhopal, 401604",100,19,0,0
ORD01655,0,1,0,910.0,electronics,"Door No. 5, Church Street, Ranchi",67,4,0,1
ORD01656,1,1,1,480.0,beauty,"Flat 4B, Model Colony, Near Govt School, Mirzapur, 486238",100,23,0,0
ORD01657,1,2,4,590.0,fashion,"Plot No. 17, Ashok Vihar, Near Govt School, Jaipur, 577583",100,2,0,1
ORD01658,0,3,0,300.0,electronics,"Flat 4B, MG Road, Near Govt School, Mumbai, 523537",100,20,0,0
ORD01659,0,3,1,400.0,electronics,"23, Park Street, Opposite Petrol Pump, Nagpur",77,18,1,1
ORD01660,0,2,2,1190.0,grocery,"Flat 4B, Model Colony, Opposite SBI Bank, Patna, 300294",100,12,1,1
ORD01661,1,1,1,680.0,accessories,"H.No. 8, Station Road, Opposite Petrol Pump, Bhopal, 248594",100,6,1,0
ORD01662,0,1,0,530.0,electronics,"Model Colony, Opposite Petrol Pump, Nagpur, 516813",73,9,0,0
ORD01663,1,3,0,620.0,grocery,"Model Colony, Mumbai",40,2,0,0
ORD01664,0,2,0,890.0,beauty,"Plot No. 17, Model Colony, Nagpur",67,22,1,0
ORD01665,1,2,0,870.0,accessories,"H.No. 8, Nehru Nagar, Near Water Tank, Lucknow",77,1,0,0
ORD01666,1,3,1,640.0,grocery,"23, Lake View Lane, Near Govt School, Lucknow",77,6,1,0
ORD01667,0,2,0,1280.0,fashion,"Door No. 5, Model Colony, Indore",67,8,1,0
ORD01668,1,3,0,1190.0,beauty,"Ashok Vihar, Opposite SBI Bank, Pune, 511624",73,20,1,0
ORD01669,0,1,1,850.0,home,"Plot No. 17, Sector 12, Bhopal",67,11,0,0
ORD01670,1,2,2,690.0,fashion,"Plot No. 17, Model Colony, Bhopal",67,21,1,0
ORD01671,0,3,0,990.0,fashion,"H.No. 8, Lake View Lane, Indore",67,9,0,0
ORD01672,1,1,1,800.0,accessories,"Gandhi Marg, Bhopal, 739010",63,18,0,0
ORD01673,1,2,0,1260.0,accessories,"Flat 4B, Nehru Nagar, Opposite Petrol Pump, Mirzapur, 305315",100,12,0,0
ORD01674,1,2,0,1140.0,grocery,"Plot No. 17, Sector 12, Nagpur, 758307",90,9,0,0
ORD01675,1,3,0,360.0,accessories,"23, Ashok Vihar, Behind Central Mall, Bhopal, 749354",100,4,0,0
ORD01676,0,1,1,350.0,grocery,"Model Colony, Kanpur, 435290",63,14,1,0
ORD01677,0,2,4,440.0,fashion,"Flat 4B, Sector 12, Behind Central Mall, Pune",77,20,0,1
ORD01678,0,1,0,1190.0,fashion,"H.No. 8, Station Road, Opposite SBI Bank, Ranchi, 368751",100,2,0,0
ORD01679,0,2,0,260.0,fashion,"23, Gandhi Marg, Mirzapur, 776011",90,7,0,0
ORD01680,1,1,0,840.0,fashion,"Plot No. 17, Park Street, Nagpur, 169717",90,5,0,0
ORD01681,0,1,0,830.0,fashion,"H.No. 8, Park Street, Jaipur, 609139",90,18,0,0
ORD01682,1,2,0,1340.0,home,"H.No. 8, Model Colony, Nagpur",67,16,1,0
ORD01683,1,3,0,740.0,grocery,"23, Church Street, Mirzapur",67,9,0,0
ORD01684,1,1,2,300.0,accessories,"23, Lake View Lane, Near Govt School, Patna, 190481",100,0,1,0
ORD01685,0,1,1,370.0,beauty,"Flat 4B, Church Street, Near City Hospital, Patna, 573051",100,12,1,0
ORD01686,1,3,0,330.0,accessories,"H.No. 8, MG Road, Ranchi, 548086",90,9,0,0
ORD01687,1,2,0,480.0,home,"Flat 4B, Nehru Nagar, Near Water Tank, Nagpur, 513739",100,11,0,0
ORD01688,0,3,0,600.0,accessories,"Flat 4B, Station Road, Jaipur",67,1,0,1
ORD01689,1,1,0,330.0,electronics,"Door No. 5, Sector 12, Guwahati",67,9,1,0
ORD01690,1,2,2,1610.0,fashion,"Church Street, Behind Central Mall, Jaipur",50,20,0,0
ORD01691,0,1,4,300.0,accessories,"Door No. 5, Model Colony, Kanpur, 340569",90,22,0,1
ORD01692,0,1,0,1490.0,electronics,"23, Church Street, Mumbai, 472106",90,0,1,0
ORD01693,0,2,0,1350.0,home,"Plot No. 17, Park Street, Guwahati, 650094",90,0,1,0
ORD01694,0,2,2,1140.0,electronics,"Flat 4B, Ashok Vihar, Near Water Tank, Pune",77,19,0,1
ORD01695,0,3,0,440.0,beauty,"H.No. 8, Park Street, Near City Hospital, Mirzapur, 683670",100,14,1,0
ORD01696,0,2,1,820.0,accessories,"23, Station Road, Near Water Tank, Indore, 349224",100,21,0,1
ORD01697,0,2,0,310.0,fashion,"Flat 4B, Sector 12, Near Water Tank, Patna",77,0,1,0
ORD01698,0,2,1,1150.0,accessories,"Door No. 5, Nehru Nagar, Guwahati, 616244",90,20,0,0
ORD01699,1,3,0,640.0,fashion,"Door No. 5, Model Colony, Nagpur, 601131",90,8,0,0
ORD01700,0,1,2,520.0,electronics,"Door No. 5, Gandhi Marg, Behind Central Mall, Ranchi, 320893",100,23,0,0
ORD01701,1,1,2,320.0,fashion,"Plot No. 17, Park Street, Kanpur",67,6,0,0
ORD01702,0,2,0,200.0,grocery,"Flat 4B, Church Street, Kanpur, 634709",90,15,0,1
ORD01703,0,2,1,360.0,fashion,"Flat 4B, Nehru Nagar, Ranchi, 696770",90,15,0,0
ORD01704,0,1,2,1300.0,home,"23, Station Road, Near Govt School, Patna, 609459",100,12,0,1
ORD01705,0,3,0,520.0,fashion,"Flat 4B, Park Street, Lucknow, 185466",90,9,0,1
ORD01706,0,1,0,600.0,fashion,"23, MG Road, Near City Hospital, Lucknow",77,17,1,0
ORD01707,1,3,0,990.0,grocery,"Flat 4B, Gandhi Marg, Lucknow, 539313",90,8,0,0
ORD01708,0,1,0,1970.0,fashion,"Door No. 5, MG Road, Near Govt School, Indore, 557342",100,11,0,0
ORD01709,1,2,0,1470.0,fashion,"Door No. 5, Church Street, Guwahati",67,23,1,0
ORD01710,1,3,1,370.0,fashion,"Door No. 5, Gandhi Marg, Behind Central Mall, Guwahati, 648194",100,12,0,0
ORD01711,0,1,0,210.0,home,"Plot No. 17, Station Road, Pune, 844573",90,10,1,0
ORD01712,0,3,2,2740.0,beauty,"Plot No. 17, Sector 12, Lucknow, 299234",90,14,1,1
ORD01713,1,2,0,2600.0,fashion,"Flat 4B, Gandhi Marg, Pune",67,9,0,0
ORD01714,0,3,0,740.0,fashion,"H.No. 8, Park Street, Nagpur",67,9,1,0
ORD01715,0,2,0,310.0,electronics,"23, Ashok Vihar, Behind Central Mall, Mirzapur, 696193",100,8,0,0
ORD01716,1,2,0,1190.0,electronics,"23, Gandhi Marg, Opposite SBI Bank, Lucknow",77,2,0,0
ORD01717,0,1,0,620.0,accessories,"Door No. 5, Station Road, Opposite SBI Bank, Nagpur",77,22,0,0
ORD01718,1,2,0,620.0,grocery,"Ashok Vihar, Patna, 747207",63,15,0,0
ORD01719,1,1,0,1140.0,beauty,"Door No. 5, Model Colony, Near Water Tank, Jaipur, 646114",100,11,0,0
ORD01720,0,1,1,810.0,electronics,"Park Street, Near Govt School, Kanpur",50,16,1,0
ORD01721,0,1,2,330.0,beauty,"Plot No. 17, Nehru Nagar, Near Govt School, Kanpur",77,14,0,1
ORD01722,0,2,0,550.0,grocery,"Door No. 5, MG Road, Nagpur, 627398",90,2,1,1
ORD01723,0,3,1,990.0,home,"Plot No. 17, MG Road, Opposite Petrol Pump, Lucknow, 142804",100,4,1,0
ORD01724,0,1,1,900.0,grocery,"Door No. 5, Church Street, Near Govt School, Ranchi, 174135",100,12,1,0
ORD01725,1,1,0,780.0,beauty,"Plot No. 17, Model Colony, Guwahati, 380842",90,23,0,0
ORD01726,0,2,4,1160.0,home,"Plot No. 17, Nehru Nagar, Lucknow",67,5,0,1
ORD01727,0,1,2,540.0,electronics,"Sector 12, Bhopal",40,8,1,1
ORD01728,1,1,0,740.0,beauty,"Door No. 5, Park Street, Near Govt School, Bhopal, 666294",100,18,1,0
ORD01729,1,1,0,200.0,fashion,"Door No. 5, Ashok Vihar, Indore",67,6,1,0
ORD01730,1,3,0,510.0,grocery,"H.No. 8, Park Street, Guwahati, 698318",90,12,1,0
ORD01731,0,3,0,1050.0,grocery,"Flat 4B, Lake View Lane, Behind Central Mall, Bhopal, 525349",100,21,0,0
ORD01732,1,2,1,530.0,grocery,"Sector 12, Opposite SBI Bank, Mumbai, 665941",73,4,1,0
ORD01733,0,2,0,500.0,electronics,"23, Station Road, Opposite SBI Bank, Indore",77,15,0,0
ORD01734,0,2,2,360.0,fashion,"Church Street, Kanpur, 275196",63,3,0,1
ORD01735,0,2,1,1210.0,fashion,"Door No. 5, Ashok Vihar, Behind Central Mall, Lucknow, 329509",100,4,0,1
ORD01736,1,2,1,920.0,beauty,"Flat 4B, Church Street, Nagpur, 320833",90,19,1,0
ORD01737,0,2,1,1090.0,accessories,"Flat 4B, Station Road, Bhopal, 536038",90,18,1,0
ORD01738,0,1,0,240.0,beauty,"H.No. 8, Gandhi Marg, Jaipur, 788473",90,22,0,0
ORD01739,0,1,0,600.0,fashion,"Flat 4B, Sector 12, Opposite Petrol Pump, Kanpur",77,5,0,0
ORD01740,0,2,1,560.0,accessories,"H.No. 8, Sector 12, Near Govt School, Mirzapur",77,3,1,0
ORD01741,1,3,0,560.0,accessories,"Plot No. 17, Model Colony, Guwahati",67,0,0,1
ORD01742,1,2,0,460.0,electronics,"Station Road, Pune, 681902",63,16,0,0
ORD01743,1,3,2,540.0,home,"23, Park Street, Opposite SBI Bank, Patna",77,8,0,0
ORD01744,0,3,1,1110.0,grocery,"Model Colony, Mirzapur, 409032",63,15,0,1
ORD01745,0,1,0,210.0,beauty,"Plot No. 17, Ashok Vihar, Ranchi, 332745",90,22,1,0
ORD01746,0,2,1,1930.0,accessories,"Plot No. 17, Park Street, Kanpur, 607326",90,1,0,1
ORD01747,0,2,2,890.0,fashion,"H.No. 8, Sector 12, Nagpur, 300989",90,10,0,0
ORD01748,0,3,0,650.0,home,"Flat 4B, Gandhi Marg, Indore, 676994",90,4,0,0
ORD01749,1,3,0,1150.0,beauty,"Lake View Lane, Opposite Petrol Pump, Mirzapur, 168643",73,12,0,0
ORD01750,0,2,3,280.0,accessories,"Door No. 5, Sector 12, Patna, 146035",90,19,0,0
ORD01751,0,1,0,450.0,accessories,"H.No. 8, Gandhi Marg, Near Govt School, Patna, 601590",100,16,1,0
ORD01752,0,3,0,620.0,accessories,"H.No. 8, Gandhi Marg, Opposite SBI Bank, Ranchi, 488320",100,14,1,0
ORD01753,0,1,0,1510.0,home,"Flat 4B, Lake View Lane, Bhopal, 645374",90,21,1,0
ORD01754,0,3,2,650.0,grocery,"Plot No. 17, Gandhi Marg, Opposite Petrol Pump, Bhopal, 322992",100,11,1,1
ORD01755,1,3,0,870.0,electronics,"Door No. 5, Nehru Nagar, Mumbai, 680311",90,5,0,0
ORD01756,1,2,0,470.0,electronics,"Flat 4B, Church Street, Near Govt School, Ranchi, 223685",100,19,0,0
ORD01757,1,2,0,890.0,fashion,"23, Park Street, Near City Hospital, Ranchi, 570674",100,12,0,0
ORD01758,0,2,5,1820.0,grocery,"23, Model Colony, Behind Central Mall, Indore, 793577",100,17,0,0
ORD01759,0,2,0,1210.0,accessories,"Plot No. 17, Lake View Lane, Opposite SBI Bank, Guwahati, 152782",100,23,0,0
ORD01760,0,2,1,630.0,fashion,"Station Road, Lucknow, 155306",63,14,0,0
ORD01761,0,3,3,1000.0,fashion,"H.No. 8, Sector 12, Near Govt School, Mumbai, 287896",100,14,0,1
ORD01762,1,3,0,940.0,grocery,"Flat 4B, Sector 12, Pune, 415968",90,7,0,0
ORD01763,0,3,4,900.0,beauty,"23, Lake View Lane, Opposite SBI Bank, Nagpur",77,18,0,0
ORD01764,0,1,4,1300.0,accessories,"Door No. 5, Model Colony, Mirzapur, 183012",90,22,0,1
ORD01765,0,3,3,1290.0,fashion,"Flat 4B, Gandhi Marg, Near Water Tank, Nagpur",77,13,0,1
ORD01766,0,2,0,620.0,fashion,"Plot No. 17, Gandhi Marg, Mirzapur, 539573",90,6,0,0
ORD01767,1,1,1,980.0,electronics,"Plot No. 17, Park Street, Ranchi, 215848",90,13,0,0
ORD01768,0,1,2,530.0,fashion,"Door No. 5, Lake View Lane, Mirzapur",67,4,0,0
ORD01769,0,1,5,380.0,fashion,"Door No. 5, Sector 12, Ranchi, 236688",90,14,1,1
ORD01770,0,3,0,570.0,fashion,"Plot No. 17, Ashok Vihar, Bhopal",67,20,0,0
ORD01771,0,2,2,640.0,fashion,"Flat 4B, Station Road, Mirzapur, 212851",90,14,0,0
ORD01772,1,2,0,250.0,fashion,"H.No. 8, Park Street, Indore",67,23,0,0
ORD01773,1,1,0,1110.0,accessories,"Park Street, Nagpur, 713407",63,3,0,1
ORD01774,1,2,0,200.0,fashion,"Model Colony, Mirzapur, 523168",63,0,0,1
ORD01775,1,1,2,3390.0,electronics,"Door No. 5, Sector 12, Indore",67,16,0,1
ORD01776,0,2,0,1640.0,accessories,"Plot No. 17, Lake View Lane, Behind Central Mall, Lucknow, 688815",100,19,0,0
ORD01777,1,2,0,570.0,beauty,"Gandhi Marg, Opposite Petrol Pump, Indore",50,0,0,0
ORD01778,0,1,5,670.0,beauty,"Plot No. 17, Gandhi Marg, Lucknow, 813075",90,15,0,0
ORD01779,0,3,0,800.0,beauty,"23, Gandhi Marg, Guwahati, 319476",90,12,0,0
ORD01780,1,1,1,470.0,grocery,"Flat 4B, Ashok Vihar, Kanpur, 135202",90,17,0,0
ORD01781,0,2,0,750.0,accessories,"Flat 4B, MG Road, Opposite Petrol Pump, Kanpur, 850241",100,9,1,0
ORD01782,1,2,0,610.0,beauty,"Plot No. 17, Sector 12, Bhopal, 839080",90,22,0,0
ORD01783,0,2,1,630.0,accessories,"Flat 4B, Church Street, Near City Hospital, Lucknow, 846425",100,17,0,0
ORD01784,1,1,3,740.0,home,"23, Model Colony, Indore, 514220",90,16,0,0
ORD01785,1,1,0,300.0,fashion,"Door No. 5, MG Road, Guwahati, 296293",90,8,0,0
ORD01786,1,3,2,680.0,accessories,"23, Sector 12, Opposite Petrol Pump, Lucknow, 602842",100,13,0,0
ORD01787,1,1,0,730.0,home,"Flat 4B, Nehru Nagar, Nagpur, 749700",90,20,0,0
ORD01788,1,3,0,720.0,accessories,"Plot No. 17, Station Road, Indore",67,12,0,0
ORD01789,0,3,0,580.0,fashion,"Lake View Lane, Near City Hospital, Patna, 547718",73,19,0,1
ORD01790,0,1,0,1320.0,electronics,"23, Park Street, Nagpur, 532286",90,19,0,1
ORD01791,0,1,0,540.0,accessories,"Flat 4B, Sector 12, Indore, 140408",90,13,0,1
ORD01792,1,2,0,760.0,fashion,"23, Nehru Nagar, Jaipur, 599278",90,10,0,0
ORD01793,0,3,0,1450.0,accessories,"Plot No. 17, Station Road, Opposite Petrol Pump, Indore, 430596",100,12,0,0
ORD01794,1,3,0,630.0,accessories,"23, Park Street, Opposite Petrol Pump, Mirzapur, 279771",100,16,0,0
ORD01795,0,2,0,760.0,accessories,"Flat 4B, Nehru Nagar, Mumbai",67,2,0,0
ORD01796,0,3,1,630.0,home,"23, Lake View Lane, Near Govt School, Pune",77,0,0,0
ORD01797,1,1,3,1400.0,beauty,"Plot No. 17, Park Street, Mirzapur, 680873",90,20,0,0
ORD01798,0,3,1,570.0,accessories,"Plot No. 17, Ashok Vihar, Mirzapur",67,4,1,1
ORD01799,0,3,0,1440.0,grocery,"Gandhi Marg, Mumbai, 371440",63,12,0,1
ORD01800,0,1,3,630.0,beauty,"Lake View Lane, Near City Hospital, Bhopal, 194160",73,23,1,1
ORD01801,1,1,2,400.0,accessories,"Church Street, Near Water Tank, Jaipur, 481927",73,4,0,0
ORD01802,1,1,0,1000.0,beauty,"23, Station Road, Indore, 603748",90,4,0,0
ORD01803,0,1,0,550.0,accessories,"23, Ashok Vihar, Mirzapur, 461268",90,22,0,0
ORD01804,0,3,1,970.0,fashion,"Door No. 5, Ashok Vihar, Near Water Tank, Indore, 395778",100,11,1,0
ORD01805,0,2,1,200.0,fashion,"Plot No. 17, Lake View Lane, Near City Hospital, Lucknow",77,1,1,0
ORD01806,1,1,2,670.0,electronics,"H.No. 8, Park Street, Near Water Tank, Ranchi, 375466",100,22,0,0
ORD01807,1,2,1,500.0,electronics,"H.No. 8, Station Road, Pune, 513794",90,15,0,0
ORD01808,0,3,1,350.0,grocery,"Plot No. 17, Nehru Nagar, Opposite SBI Bank, Ranchi, 776048",100,16,0,1
ORD01809,0,2,5,480.0,fashion,"23, Station Road, Near City Hospital, Guwahati",77,4,1,1
ORD01810,0,2,0,470.0,accessories,"23, Ashok Vihar, Near Govt School, Kanpur, 144296",100,11,0,0
ORD01811,1,1,0,650.0,electronics,"23, MG Road, Lucknow",67,14,0,0
ORD01812,1,3,2,290.0,electronics,"H.No. 8, Gandhi Marg, Opposite SBI Bank, Patna, 236503",100,5,0,0
ORD01813,0,3,0,800.0,fashion,"Plot No. 17, Sector 12, Near Water Tank, Guwahati, 117270",100,12,0,1
ORD01814,0,1,2,1510.0,home,"Sector 12, Pune, 533585",63,10,0,0
ORD01815,0,1,4,790.0,fashion,"H.No. 8, Park Street, Behind Central Mall, Mumbai, 215909",100,16,0,1
ORD01816,1,1,1,1080.0,fashion,"Gandhi Marg, Near City Hospital, Lucknow",50,8,0,0
ORD01817,0,1,1,1280.0,beauty,"23, Model Colony, Pune, 122897",90,15,0,0
ORD01818,1,2,0,1400.0,fashion,"Door No. 5, Lake View Lane, Opposite SBI Bank, Kanpur, 143706",100,16,0,0
ORD01819,1,3,0,2040.0,fashion,"Flat 4B, MG Road, Pune",67,19,0,0
ORD01820,0,2,0,490.0,grocery,"Door No. 5, Church Street, Patna, 672796",90,23,0,0
ORD01821,0,3,1,430.0,fashion,"Model Colony, Nagpur, 488917",63,17,1,0
ORD01822,0,2,2,1060.0,electronics,"Plot No. 17, Sector 12, Kanpur, 313669",90,12,0,0
ORD01823,1,2,1,1020.0,fashion,"23, Gandhi Marg, Behind Central Mall, Kanpur, 162054",100,10,0,0
ORD01824,1,2,0,1060.0,electronics,"Flat 4B, Gandhi Marg, Ranchi",67,12,1,0
ORD01825,1,1,0,2070.0,beauty,"H.No. 8, MG Road, Opposite Petrol Pump, Patna",77,23,1,0
ORD01826,0,2,2,670.0,fashion,"Door No. 5, Nehru Nagar, Guwahati, 239899",90,12,1,0
ORD01827,0,2,0,860.0,accessories,"Door No. 5, Church Street, Opposite Petrol Pump, Mirzapur",77,11,0,0
ORD01828,1,1,0,370.0,accessories,"23, Lake View Lane, Ranchi, 314177",90,13,0,0
ORD01829,1,2,2,2400.0,fashion,"23, Church Street, Pune",67,12,0,0
ORD01830,0,2,1,540.0,accessories,"23, Nehru Nagar, Patna, 665351",90,8,0,0
ORD01831,1,3,0,550.0,fashion,"Plot No. 17, Lake View Lane, Indore",67,13,0,0
ORD01832,1,2,3,540.0,fashion,"H.No. 8, Station Road, Opposite Petrol Pump, Patna, 708560",100,0,0,0
ORD01833,1,3,0,450.0,fashion,"23, Church Street, Behind Central Mall, Nagpur",77,8,0,0
ORD01834,1,2,5,430.0,electronics,"23, Lake View Lane, Opposite SBI Bank, Pune, 196146",100,3,0,0
ORD01835,1,3,0,490.0,beauty,"23, Lake View Lane, Near City Hospital, Bhopal, 302403",100,11,0,0
ORD01836,1,2,0,290.0,electronics,"23, Station Road, Opposite SBI Bank, Patna, 269838",100,23,0,0
ORD01837,0,3,3,420.0,grocery,"Flat 4B, Gandhi Marg, Mumbai, 486168",90,13,0,1
ORD01838,0,2,0,2140.0,beauty,"Door No. 5, Station Road, Lucknow, 630654",90,8,0,0
ORD01839,1,2,1,1030.0,electronics,"Plot No. 17, Gandhi Marg, Near City Hospital, Indore, 432874",100,2,0,0
ORD01840,0,2,2,1160.0,beauty,"Flat 4B, MG Road, Kanpur, 296653",90,5,1,0
ORD01841,0,2,2,1350.0,accessories,"Plot No. 17, Sector 12, Bhopal, 639302",90,2,0,0
ORD01842,0,1,5,2000.0,fashion,"23, Lake View Lane, Nagpur, 145258",90,0,1,1
ORD01843,0,1,0,230.0,electronics,"23, Station Road, Patna",67,21,0,0
ORD01844,1,1,1,320.0,electronics,"Plot No. 17, Park Street, Pune, 304542",90,20,0,0
ORD01845,1,3,0,410.0,electronics,"Sector 12, Bhopal",40,2,0,0
ORD01846,0,1,0,500.0,home,"H.No. 8, Station Road, Jaipur, 429019",90,13,0,0
ORD01847,0,1,2,560.0,electronics,"Flat 4B, MG Road, Guwahati, 214301",90,19,0,0
ORD01848,0,2,0,510.0,beauty,"Flat 4B, Station Road, Indore, 421870",90,1,0,0
ORD01849,1,2,1,760.0,beauty,"Door No. 5, Nehru Nagar, Pune",67,11,0,0
ORD01850,1,2,0,680.0,home,"Station Road, Pune, 439268",63,9,0,0
ORD01851,0,1,1,430.0,fashion,"Flat 4B, Model Colony, Opposite Petrol Pump, Guwahati, 356231",100,12,0,1
ORD01852,1,3,4,200.0,electronics,"Flat 4B, MG Road, Near Water Tank, Bhopal, 110409",100,19,0,0
ORD01853,1,3,0,370.0,electronics,"Flat 4B, Sector 12, Near City Hospital, Bhopal, 790096",100,3,0,0
ORD01854,1,3,1,480.0,electronics,"23, Ashok Vihar, Guwahati",67,18,1,0
ORD01855,1,2,2,570.0,accessories,"Door No. 5, Church Street, Mumbai, 195398",90,21,1,0
ORD01856,0,3,0,340.0,electronics,"23, Model Colony, Behind Central Mall, Ranchi, 187045",100,0,1,0
ORD01857,1,1,0,500.0,fashion,"Door No. 5, Church Street, Indore, 658095",90,10,0,0
ORD01858,0,1,1,340.0,electronics,"Plot No. 17, Nehru Nagar, Kanpur, 454563",90,15,1,0
ORD01859,1,1,0,620.0,grocery,"Church Street, Opposite SBI Bank, Nagpur",50,18,1,0
ORD01860,1,2,0,350.0,grocery,"Plot No. 17, Nehru Nagar, Near Water Tank, Mirzapur, 174385",100,18,0,0
ORD01861,1,2,2,400.0,home,"H.No. 8, Park Street, Jaipur, 540198",90,11,0,0
ORD01862,1,2,0,300.0,fashion,"Church Street, Mumbai",40,2,1,0
ORD01863,0,1,3,610.0,electronics,"Door No. 5, Park Street, Opposite Petrol Pump, Kanpur, 379004",100,22,1,0
ORD01864,0,2,2,400.0,home,"H.No. 8, Lake View Lane, Nagpur, 641323",90,23,0,1
ORD01865,1,2,1,1150.0,accessories,"Plot No. 17, Park Street, Behind Central Mall, Patna, 625257",100,17,0,0
ORD01866,1,2,0,850.0,beauty,"Flat 4B, Sector 12, Opposite Petrol Pump, Lucknow, 325193",100,16,1,0
ORD01867,0,2,0,640.0,beauty,"H.No. 8, Nehru Nagar, Opposite Petrol Pump, Patna, 798811",100,4,0,1
ORD01868,0,1,0,410.0,electronics,"H.No. 8, Gandhi Marg, Guwahati, 820261",90,15,0,0
ORD01869,0,3,3,840.0,electronics,"Plot No. 17, Lake View Lane, Mirzapur, 206587",90,23,1,1
ORD01870,1,2,0,1010.0,grocery,"Plot No. 17, Lake View Lane, Near Govt School, Nagpur, 828913",100,13,1,0
ORD01871,1,1,0,720.0,electronics,"H.No. 8, Sector 12, Bhopal, 804237",90,18,1,0
ORD01872,0,1,0,1740.0,accessories,"Door No. 5, MG Road, Ranchi, 726289",90,5,0,0
ORD01873,0,2,0,880.0,electronics,"Door No. 5, Sector 12, Mirzapur, 205209",90,2,0,0
ORD01874,1,3,0,1150.0,fashion,"23, Ashok Vihar, Bhopal, 324559",90,5,1,1
ORD01875,1,2,1,720.0,beauty,"23, Gandhi Marg, Opposite SBI Bank, Patna, 545206",100,11,0,0
ORD01876,0,1,0,1000.0,fashion,"Plot No. 17, Model Colony, Near Govt School, Jaipur, 700501",100,19,1,1
ORD01877,1,3,0,410.0,fashion,"Gandhi Marg, Near Water Tank, Patna, 355086",73,10,0,0
ORD01878,0,2,0,510.0,electronics,"23, Gandhi Marg, Near City Hospital, Nagpur, 646692",100,6,0,0
ORD01879,0,2,1,820.0,beauty,"Plot No. 17, Gandhi Marg, Kanpur",67,0,0,0
ORD01880,1,2,1,820.0,electronics,"Plot No. 17, MG Road, Mirzapur, 526782",90,15,0,0
ORD01881,1,1,0,900.0,fashion,"H.No. 8, Station Road, Indore, 319051",90,15,0,0
ORD01882,1,2,1,1290.0,beauty,"H.No. 8, Nehru Nagar, Pune",67,16,0,0
ORD01883,1,2,0,280.0,electronics,"Flat 4B, Station Road, Patna, 663731",90,14,0,0
ORD01884,1,3,3,370.0,accessories,"Door No. 5, MG Road, Opposite Petrol Pump, Guwahati, 475547",100,20,0,0
ORD01885,0,2,0,760.0,electronics,"Flat 4B, Nehru Nagar, Bhopal, 465028",90,8,1,1
ORD01886,0,2,1,430.0,beauty,"Flat 4B, Park Street, Near Water Tank, Ranchi",77,4,0,0
ORD01887,0,2,3,5050.0,fashion,"23, Station Road, Opposite Petrol Pump, Nagpur, 259813",100,19,0,1
ORD01888,0,3,2,910.0,grocery,"MG Road, Kanpur, 518245",63,7,0,0
ORD01889,1,3,0,630.0,beauty,"Flat 4B, Gandhi Marg, Jaipur, 319812",90,20,0,0
ORD01890,1,2,0,490.0,accessories,"Door No. 5, Park Street, Near Govt School, Indore",77,0,0,0
ORD01891,0,2,1,500.0,fashion,"23, MG Road, Opposite Petrol Pump, Indore, 148599",100,6,0,0
ORD01892,0,2,0,680.0,electronics,"Door No. 5, Sector 12, Near Govt School, Lucknow",77,10,0,1
ORD01893,1,2,2,710.0,beauty,"23, Sector 12, Pune, 605925",90,19,0,0
ORD01894,0,1,1,510.0,fashion,"H.No. 8, Lake View Lane, Kanpur, 146295",90,20,0,0
ORD01895,1,2,1,560.0,electronics,"23, Gandhi Marg, Guwahati, 145786",90,12,1,0
ORD01896,1,1,0,1490.0,accessories,"Door No. 5, Nehru Nagar, Bhopal, 215622",90,21,1,0
ORD01897,1,3,1,1530.0,electronics,"Door No. 5, Model Colony, Mirzapur, 677499",90,12,0,0
ORD01898,0,2,1,770.0,accessories,"Door No. 5, Lake View Lane, Near City Hospital, Guwahati, 673053",100,6,0,0
ORD01899,0,3,2,300.0,fashion,"H.No. 8, Station Road, Guwahati, 182283",90,10,1,1
ORD01900,1,2,0,920.0,beauty,"Flat 4B, Gandhi Marg, Behind Central Mall, Pune, 607733",100,17,0,0
ORD01901,1,2,0,1690.0,home,"Plot No. 17, MG Road, Mirzapur, 390468",90,0,0,0
ORD01902,0,2,0,1510.0,home,"23, Nehru Nagar, Patna, 542499",90,11,0,0
ORD01903,1,1,0,1030.0,accessories,"Door No. 5, Station Road, Nagpur",67,2,1,0
ORD01904,0,2,1,1560.0,fashion,"23, Lake View Lane, Guwahati, 637951",90,0,1,0
ORD01905,1,1,3,690.0,accessories,"Flat 4B, Model Colony, Behind Central Mall, Pune, 549240",100,3,0,1
ORD01906,0,2,0,970.0,beauty,"Flat 4B, Gandhi Marg, Jaipur, 343717",90,5,0,0
ORD01907,1,2,2,440.0,fashion,"H.No. 8, Sector 12, Near Water Tank, Guwahati, 479492",100,4,1,0
ORD01908,0,3,0,790.0,accessories,"Flat 4B, Lake View Lane, Opposite Petrol Pump, Mumbai, 748695",100,10,0,0
ORD01909,0,1,0,1480.0,electronics,"Door No. 5, Gandhi Marg, Near City Hospital, Mirzapur",77,19,0,0
ORD01910,0,1,0,470.0,grocery,"23, Park Street, Nagpur, 707431",90,22,0,0
ORD01911,0,2,0,400.0,electronics,"Door No. 5, Ashok Vihar, Guwahati, 787928",90,12,1,1
ORD01912,1,3,3,710.0,accessories,"23, MG Road, Guwahati",67,10,0,0
ORD01913,1,2,0,580.0,beauty,"H.No. 8, Gandhi Marg, Behind Central Mall, Jaipur",77,5,1,0
ORD01914,0,2,1,980.0,fashion,"23, Station Road, Near Water Tank, Mirzapur, 805135",100,18,0,0
ORD01915,0,2,0,510.0,beauty,"H.No. 8, Station Road, Indore, 354131",90,14,0,0
ORD01916,1,1,3,1870.0,fashion,"Door No. 5, Sector 12, Near Govt School, Indore, 190603",100,20,0,0
ORD01917,1,3,0,310.0,electronics,"23, Gandhi Marg, Opposite SBI Bank, Mirzapur, 658488",100,12,1,0
ORD01918,1,2,0,1410.0,fashion,"Plot No. 17, Station Road, Near City Hospital, Kanpur, 245109",100,9,0,0
ORD01919,0,1,0,420.0,fashion,"23, Gandhi Marg, Mirzapur, 280784",90,0,0,1
ORD01920,0,2,0,230.0,fashion,"H.No. 8, Gandhi Marg, Jaipur, 644454",90,12,0,0
ORD01921,1,1,0,770.0,home,"H.No. 8, Gandhi Marg, Bhopal",67,5,0,0
ORD01922,0,3,2,570.0,electronics,"H.No. 8, Nehru Nagar, Behind Central Mall, Pune, 618730",100,20,1,0
ORD01923,1,1,1,340.0,home,"Station Road, Mumbai, 173165",63,23,0,0
ORD01924,0,2,1,240.0,fashion,"23, Ashok Vihar, Jaipur",67,19,0,0
ORD01925,1,1,0,660.0,beauty,"Door No. 5, MG Road, Pune, 230891",90,11,0,0
ORD01926,0,2,0,1190.0,beauty,"H.No. 8, Park Street, Lucknow, 572084",90,16,0,0
ORD01927,1,3,0,940.0,electronics,"Plot No. 17, Church Street, Bhopal, 207385",90,17,1,0
ORD01928,0,2,5,690.0,accessories,"Door No. 5, Lake View Lane, Near Govt School, Kanpur, 217668",100,23,0,1
ORD01929,1,2,2,890.0,beauty,"Door No. 5, Park Street, Opposite SBI Bank, Indore, 840595",100,7,0,1
ORD01930,0,3,3,650.0,beauty,"Ashok Vihar, Ranchi, 322055",63,13,0,0
ORD01931,1,1,2,280.0,fashion,"Plot No. 17, Church Street, Opposite SBI Bank, Ranchi",77,4,0,0
ORD01932,1,2,0,280.0,fashion,"H.No. 8, Church Street, Near Water Tank, Nagpur, 385604",100,21,0,0
ORD01933,1,1,0,590.0,accessories,"Plot No. 17, Station Road, Pune, 733737",90,1,0,0
ORD01934,1,3,0,600.0,grocery,"23, Gandhi Marg, Behind Central Mall, Mumbai, 779118",100,21,1,1
ORD01935,1,2,0,1110.0,fashion,"Model Colony, Mirzapur",40,10,0,0
ORD01936,1,2,0,1050.0,electronics,"Flat 4B, Park Street, Behind Central Mall, Mumbai, 173056",100,2,0,0
ORD01937,0,2,0,960.0,beauty,"23, MG Road, Opposite SBI Bank, Lucknow, 703868",100,21,0,0
ORD01938,1,1,1,560.0,beauty,"H.No. 8, Nehru Nagar, Near City Hospital, Mumbai",77,15,0,0
ORD01939,0,1,3,290.0,accessories,"Gandhi Marg, Bhopal, 588968",63,20,0,0
ORD01940,0,1,1,850.0,fashion,"H.No. 8, Sector 12, Near City Hospital, Kanpur, 736397",100,15,0,1
ORD01941,0,2,3,910.0,electronics,"Plot No. 17, Sector 12, Behind Central Mall, Ranchi, 284812",100,8,0,1
ORD01942,0,1,0,200.0,fashion,"Plot No. 17, Nehru Nagar, Opposite SBI Bank, Bhopal, 747629",100,12,0,1
ORD01943,1,1,0,400.0,electronics,"H.No. 8, Station Road, Near City Hospital, Ranchi",77,9,1,1
ORD01944,1,3,1,440.0,fashion,"Plot No. 17, Nehru Nagar, Opposite SBI Bank, Mumbai",77,16,0,0
ORD01945,1,3,0,710.0,accessories,"Park Street, Mirzapur, 645437",63,20,1,0
ORD01946,0,2,0,410.0,home,"H.No. 8, Station Road, Jaipur, 398768",90,16,0,0
ORD01947,0,2,0,650.0,grocery,"Plot No. 17, MG Road, Near City Hospital, Indore, 196599",100,9,0,0
ORD01948,0,1,0,590.0,fashion,"MG Road, Opposite Petrol Pump, Indore, 189891",73,7,0,0
ORD01949,0,2,0,600.0,fashion,"23, Ashok Vihar, Patna, 198020",90,6,0,0
ORD01950,0,3,0,430.0,fashion,"Ashok Vihar, Lucknow, 432892",63,13,0,0
ORD01951,0,1,0,450.0,electronics,"Nehru Nagar, Mumbai, 623629",63,21,0,0
ORD01952,0,1,1,350.0,grocery,"Door No. 5, Sector 12, Indore",67,17,0,0
ORD01953,1,3,0,840.0,electronics,"23, Park Street, Ranchi",67,20,0,0
ORD01954,1,2,0,940.0,fashion,"Plot No. 17, Nehru Nagar, Kanpur, 806314",90,18,0,0
ORD01955,1,1,0,420.0,fashion,"Park Street, Mumbai, 360000",63,17,0,0
ORD01956,1,2,0,1660.0,fashion,"Door No. 5, MG Road, Mumbai, 315174",90,13,0,0
ORD01957,1,2,1,550.0,grocery,"H.No. 8, MG Road, Opposite SBI Bank, Lucknow, 603171",100,9,0,0
ORD01958,0,2,2,1670.0,electronics,"Door No. 5, Nehru Nagar, Lucknow",67,0,1,1
ORD01959,1,3,1,450.0,beauty,"Sector 12, Pune, 671736",63,8,1,0
ORD01960,1,3,0,200.0,beauty,"Gandhi Marg, Behind Central Mall, Guwahati, 210054",73,17,0,0
ORD01961,0,2,1,850.0,fashion,"H.No. 8, Model Colony, Near Govt School, Jaipur",77,12,0,0
ORD01962,0,3,1,770.0,fashion,"Door No. 5, Model Colony, Guwahati",67,16,0,0
ORD01963,1,2,0,680.0,grocery,"Flat 4B, MG Road, Opposite SBI Bank, Nagpur, 418891",100,22,1,0
ORD01964,0,3,0,450.0,beauty,"Plot No. 17, Park Street, Ranchi, 750942",90,21,1,0
ORD01965,1,2,0,650.0,electronics,"Sector 12, Nagpur",40,15,0,0
ORD01966,1,3,1,490.0,fashion,"Flat 4B, Ashok Vihar, Mumbai, 601913",90,23,1,0
ORD01967,0,3,1,550.0,fashion,"Plot No. 17, Lake View Lane, Near City Hospital, Pune",77,10,0,0
ORD01968,0,1,0,1100.0,fashion,"H.No. 8, Park Street, Indore",67,22,1,1
ORD01969,0,3,1,740.0,fashion,"Door No. 5, MG Road, Behind Central Mall, Mumbai, 397800",100,8,0,0
ORD01970,0,3,0,960.0,fashion,"23, Nehru Nagar, Guwahati, 806173",90,6,0,0
ORD01971,0,3,0,580.0,electronics,"Flat 4B, Sector 12, Lucknow, 267351",90,21,1,0
ORD01972,1,1,4,540.0,fashion,"Plot No. 17, Church Street, Patna",67,0,0,0
ORD01973,0,3,4,330.0,fashion,"Flat 4B, Church Street, Indore, 369470",90,8,1,0
ORD01974,0,3,0,530.0,accessories,"Flat 4B, Church Street, Kanpur, 824029",90,9,0,0
ORD01975,0,1,0,200.0,home,"H.No. 8, Model Colony, Near Govt School, Indore, 471981",100,15,0,1
ORD01976,1,3,0,470.0,accessories,"Station Road, Pune, 368984",63,20,1,0
ORD01977,0,1,0,630.0,electronics,"H.No. 8, Lake View Lane, Near Water Tank, Ranchi, 117977",100,17,0,0
ORD01978,0,1,2,930.0,beauty,"Door No. 5, Park Street, Guwahati, 138853",90,13,0,0
ORD01979,1,2,4,570.0,fashion,"23, Sector 12, Behind Central Mall, Bhopal, 631606",100,10,0,0
ORD01980,1,2,1,820.0,beauty,"H.No. 8, MG Road, Near Govt School, Ranchi, 671734",100,23,1,0
ORD01981,0,2,0,200.0,fashion,"Plot No. 17, Sector 12, Opposite Petrol Pump, Pune, 650251",100,3,1,0
ORD01982,1,1,1,640.0,fashion,"H.No. 8, Lake View Lane, Near Govt School, Patna",77,18,0,0
ORD01983,0,3,0,240.0,accessories,"Plot No. 17, Gandhi Marg, Mirzapur, 529892",90,12,0,0
ORD01984,0,1,3,320.0,home,"Flat 4B, Church Street, Ranchi",67,0,0,1
ORD01985,0,1,3,590.0,accessories,"MG Road, Opposite Petrol Pump, Nagpur, 717605",73,20,0,0
ORD01986,0,1,1,1430.0,electronics,"H.No. 8, Ashok Vihar, Jaipur, 553396",90,18,1,0
ORD01987,1,2,0,830.0,electronics,"23, Church Street, Nagpur, 117898",90,14,0,0
ORD01988,0,3,0,670.0,electronics,"Plot No. 17, Lake View Lane, Near City Hospital, Jaipur",77,19,0,0
ORD01989,0,2,0,660.0,beauty,"Flat 4B, Model Colony, Mumbai",67,14,0,1
ORD01990,1,3,2,430.0,home,"Flat 4B, Gandhi Marg, Opposite Petrol Pump, Nagpur, 502230",100,10,1,0
ORD01991,1,1,0,480.0,accessories,"H.No. 8, Lake View Lane, Behind Central Mall, Mirzapur, 286336",100,22,0,0
ORD01992,0,2,0,860.0,fashion,"Gandhi Marg, Opposite Petrol Pump, Kanpur, 559771",73,4,1,0
ORD01993,1,2,0,290.0,beauty,"23, Sector 12, Mumbai, 621799",90,23,0,0
ORD01994,0,2,2,950.0,electronics,"MG Road, Near Water Tank, Ranchi, 686035",73,21,1,1
ORD01995,1,1,0,530.0,fashion,"23, Church Street, Mirzapur",67,9,0,0
ORD01996,1,2,2,1090.0,home,"Flat 4B, Sector 12, Indore, 426205",90,17,0,0
ORD01997,1,2,3,1180.0,home,"Flat 4B, Sector 12, Near Govt School, Guwahati",77,6,0,0
ORD01998,0,3,4,240.0,fashion,"Plot No. 17, Lake View Lane, Mirzapur",67,0,0,1
ORD01999,0,2,0,470.0,fashion,"23, Nehru Nagar, Near Water Tank, Mirzapur, 286561",100,2,0,0
ORD02000,0,1,0,400.0,electronics,"Plot No. 17, Model Colony, Near Govt School, Ranchi, 372832",100,0,1,0
ORD02001,0,2,0,220.0,electronics,"H.No. 8, Station Road, Near City Hospital, Pune, 210964",100,16,0,0
ORD02002,0,1,0,360.0,electronics,"H.No. 8, Gandhi Marg, Lucknow",67,14,1,0
ORD02003,1,3,0,2880.0,fashion,"23, Church Street, Jaipur, 731852",90,4,0,0
ORD02004,0,2,1,960.0,fashion,"23, Church Street, Near Water Tank, Indore",77,21,0,0
ORD02005,0,1,0,2100.0,accessories,"Door No. 5, Park Street, Opposite Petrol Pump, Kanpur, 445092",100,15,1,0
ORD02006,1,3,2,1090.0,accessories,"H.No. 8, Gandhi Marg, Behind Central Mall, Patna, 643753",100,11,1,0
ORD02007,0,2,0,430.0,electronics,"Door No. 5, Station Road, Opposite SBI Bank, Mumbai, 274537",100,18,0,0
ORD02008,1,1,1,530.0,accessories,"23, Gandhi Marg, Lucknow, 477362",90,13,0,0
ORD02009,0,2,2,950.0,beauty,"23, Park Street, Kanpur",67,2,1,1
ORD02010,0,1,2,860.0,fashion,"Door No. 5, Church Street, Pune, 733642",90,18,1,1
ORD02011,0,3,3,470.0,fashion,"H.No. 8, Sector 12, Opposite SBI Bank, Bhopal, 284863",100,0,1,1
ORD02012,0,3,1,270.0,accessories,"Plot No. 17, Nehru Nagar, Mumbai, 687081",90,20,1,0
ORD02013,1,3,3,4780.0,beauty,"Flat 4B, MG Road, Near City Hospital, Bhopal, 124389",100,0,0,0
ORD02014,0,2,0,610.0,grocery,"23, Model Colony, Near Water Tank, Kanpur, 326560",100,9,1,0
ORD02015,0,2,0,550.0,accessories,"Plot No. 17, Church Street, Ranchi, 253033",90,2,0,0
ORD02016,0,3,0,710.0,electronics,"H.No. 8, MG Road, Jaipur, 590271",90,12,0,0
ORD02017,0,1,0,570.0,fashion,"Nehru Nagar, Opposite SBI Bank, Nagpur, 730015",73,5,0,0
ORD02018,1,2,0,720.0,fashion,"Flat 4B, Gandhi Marg, Near Water Tank, Nagpur, 144627",100,10,0,0
ORD02019,0,2,0,1440.0,fashion,"23, Model Colony, Opposite Petrol Pump, Jaipur, 433126",100,5,0,0
ORD02020,1,1,0,620.0,fashion,"H.No. 8, MG Road, Nagpur, 653072",90,2,0,0
ORD02021,1,2,0,330.0,electronics,"23, Church Street, Bhopal, 761616",90,15,0,0
ORD02022,1,3,0,600.0,fashion,"Door No. 5, Model Colony, Opposite SBI Bank, Bhopal, 476914",100,8,0,0
ORD02023,1,3,3,500.0,fashion,"Flat 4B, Gandhi Marg, Near Govt School, Mirzapur, 402390",100,7,0,1
ORD02024,0,1,0,1560.0,electronics,"H.No. 8, Sector 12, Kanpur, 359298",90,2,0,1
ORD02025,0,1,1,1340.0,electronics,"Door No. 5, Park Street, Indore, 400394",90,4,0,0
ORD02026,0,1,0,710.0,electronics,"Door No. 5, Church Street, Lucknow, 296566",90,20,1,0
ORD02027,1,3,3,310.0,electronics,"23, MG Road, Indore, 185957",90,13,0,0
ORD02028,1,1,3,320.0,beauty,"Flat 4B, Park Street, Ranchi, 845362",90,4,0,0
ORD02029,0,2,1,670.0,accessories,"Door No. 5, MG Road, Near City Hospital, Bhopal, 326695",100,18,1,0
ORD02030,1,1,1,810.0,fashion,"23, Church Street, Guwahati",67,4,0,0
ORD02031,0,2,0,530.0,fashion,"23, MG Road, Near Water Tank, Kanpur",77,20,0,0
ORD02032,1,2,5,500.0,accessories,"Flat 4B, Gandhi Marg, Jaipur, 150198",90,19,0,0
ORD02033,0,3,3,470.0,home,"23, Sector 12, Nagpur, 848137",90,19,1,0
ORD02034,1,1,3,660.0,grocery,"23, Lake View Lane, Opposite SBI Bank, Ranchi",77,1,1,0
ORD02035,1,2,1,200.0,fashion,"Flat 4B, Nehru Nagar, Near City Hospital, Kanpur, 163539",100,6,0,0
ORD02036,0,1,0,340.0,grocery,"23, Sector 12, Pune",67,0,1,0
ORD02037,0,2,3,460.0,accessories,"H.No. 8, Lake View Lane, Mirzapur",67,20,1,0
ORD02038,0,3,0,1370.0,beauty,"Door No. 5, Ashok Vihar, Jaipur, 553520",90,17,0,0
ORD02039,0,1,1,410.0,fashion,"H.No. 8, Ashok Vihar, Near Govt School, Lucknow, 205695",100,9,0,0
ORD02040,0,3,0,740.0,accessories,"Park Street, Opposite Petrol Pump, Mirzapur, 760383",73,5,1,0
ORD02041,1,2,3,760.0,grocery,"Plot No. 17, Church Street, Mirzapur",67,6,0,0
ORD02042,1,1,0,1450.0,grocery,"Door No. 5, Gandhi Marg, Behind Central Mall, Lucknow, 156632",100,11,0,0
ORD02043,0,2,0,1420.0,fashion,"Door No. 5, Gandhi Marg, Patna, 279095",90,17,0,1
ORD02044,0,1,1,640.0,grocery,"Door No. 5, Gandhi Marg, Lucknow, 110911",90,10,0,0
ORD02045,1,2,2,500.0,fashion,"H.No. 8, Gandhi Marg, Near Govt School, Indore, 813243",100,21,0,0
ORD02046,1,3,1,450.0,fashion,"MG Road, Nagpur, 608541",63,18,0,0
ORD02047,0,1,0,580.0,home,"23, Station Road, Guwahati",67,3,0,0
ORD02048,1,2,0,510.0,fashion,"23, Ashok Vihar, Opposite Petrol Pump, Pune",77,18,1,0
ORD02049,0,3,2,930.0,beauty,"Door No. 5, Park Street, Pune",67,12,0,1
ORD02050,0,3,5,860.0,beauty,"Door No. 5, Gandhi Marg, Mumbai, 187122",90,18,0,1
ORD02051,0,2,2,950.0,fashion,"23, Nehru Nagar, Ranchi, 125993",90,1,1,1
ORD02052,0,3,0,1420.0,beauty,"H.No. 8, Model Colony, Indore, 164622",90,8,1,0
ORD02053,0,2,3,2030.0,accessories,"Flat 4B, Ashok Vihar, Bhopal, 535885",90,7,0,0
ORD02054,1,2,0,720.0,fashion,"Gandhi Marg, Ranchi, 170278",63,20,0,0
ORD02055,1,3,0,1290.0,home,"Park Street, Near Govt School, Mirzapur",50,13,0,0
ORD02056,1,2,0,540.0,electronics,"Plot No. 17, Nehru Nagar, Opposite SBI Bank, Mirzapur",77,8,1,0
ORD02057,0,2,0,1350.0,electronics,"Flat 4B, Lake View Lane, Mumbai, 510322",90,12,0,0
ORD02058,0,2,2,1260.0,fashion,"Flat 4B, Model Colony, Opposite Petrol Pump, Lucknow, 607734",100,17,0,0
ORD02059,1,3,0,1220.0,electronics,"Door No. 5, Sector 12, Behind Central Mall, Guwahati, 697011",100,5,1,0
ORD02060,0,3,0,700.0,fashion,"H.No. 8, Park Street, Lucknow",67,22,0,0
ORD02061,0,2,0,450.0,accessories,"Flat 4B, Lake View Lane, Indore, 690643",90,21,1,1
ORD02062,0,2,0,290.0,beauty,"23, Ashok Vihar, Near Govt School, Kanpur, 216270",100,2,0,0
ORD02063,1,2,1,650.0,home,"Plot No. 17, Ashok Vihar, Behind Central Mall, Lucknow",77,9,0,0
ORD02064,0,2,0,1670.0,electronics,"H.No. 8, Lake View Lane, Pune",67,9,0,0
ORD02065,0,1,0,550.0,home,"H.No. 8, Ashok Vihar, Jaipur, 709766",90,9,0,0
ORD02066,1,3,1,1070.0,electronics,"Plot No. 17, Park Street, Kanpur, 706424",90,8,1,0
ORD02067,0,2,1,1100.0,electronics,"Door No. 5, Park Street, Nagpur, 327565",90,11,1,1
ORD02068,0,2,2,560.0,electronics,"H.No. 8, Station Road, Opposite Petrol Pump, Pune, 139794",100,23,1,1
ORD02069,0,1,0,1470.0,fashion,"Flat 4B, Station Road, Behind Central Mall, Kanpur, 691179",100,7,0,0
ORD02070,0,1,3,200.0,fashion,"Plot No. 17, Sector 12, Near Govt School, Ranchi, 316720",100,23,0,1
ORD02071,1,3,3,320.0,home,"Flat 4B, Gandhi Marg, Near Water Tank, Ranchi, 195332",100,8,0,0
ORD02072,0,2,2,380.0,grocery,"23, Lake View Lane, Near Water Tank, Ranchi, 591676",100,16,0,0
ORD02073,0,1,1,410.0,fashion,"Plot No. 17, Sector 12, Near Water Tank, Nagpur, 814784",100,7,0,0
ORD02074,1,2,0,810.0,fashion,"Door No. 5, Church Street, Lucknow",67,17,1,0
ORD02075,1,2,5,790.0,fashion,"23, Park Street, Kanpur, 664906",90,19,0,0
ORD02076,1,1,0,840.0,accessories,"H.No. 8, Park Street, Ranchi",67,16,0,0
ORD02077,0,2,0,950.0,grocery,"Plot No. 17, Model Colony, Behind Central Mall, Guwahati, 565002",100,5,1,0
ORD02078,0,2,0,380.0,home,"Church Street, Opposite Petrol Pump, Patna, 406876",73,9,0,0
ORD02079,1,2,0,320.0,accessories,"Flat 4B, Church Street, Ranchi",67,0,0,0
ORD02080,1,2,4,840.0,electronics,"23, Nehru Nagar, Opposite Petrol Pump, Mumbai",77,20,0,0
ORD02081,0,2,1,460.0,accessories,"MG Road, Opposite SBI Bank, Mumbai",50,0,1,0
ORD02082,0,3,1,260.0,fashion,"Flat 4B, Park Street, Near Water Tank, Guwahati, 791758",100,8,0,0
ORD02083,0,2,1,1190.0,fashion,"23, Ashok Vihar, Near Govt School, Pune, 760224",100,19,0,1
ORD02084,1,1,0,1540.0,beauty,"23, Park Street, Kanpur, 450510",90,2,1,0
ORD02085,0,1,0,1690.0,electronics,"Flat 4B, Ashok Vihar, Kanpur, 745967",90,23,1,0
ORD02086,0,2,1,740.0,beauty,"Flat 4B, Park Street, Indore",67,5,1,1
ORD02087,0,3,1,970.0,electronics,"Plot No. 17, Church Street, Near Govt School, Indore",77,6,0,1
ORD02088,1,1,0,1510.0,beauty,"23, Station Road, Mirzapur, 290587",90,8,1,0
ORD02089,1,2,2,450.0,fashion,"Plot No. 17, Model Colony, Bhopal, 642979",90,4,0,0
ORD02090,0,1,0,1300.0,fashion,"23, Ashok Vihar, Near Govt School, Mumbai, 714562",100,15,0,0
ORD02091,1,2,0,780.0,accessories,"23, Park Street, Near Govt School, Pune, 375116",100,1,0,0
ORD02092,1,3,0,1150.0,accessories,"Flat 4B, Gandhi Marg, Mumbai",67,2,1,0
ORD02093,0,2,0,740.0,accessories,"Flat 4B, MG Road, Opposite Petrol Pump, Mumbai, 679469",100,2,0,0
ORD02094,0,2,2,1450.0,beauty,"Flat 4B, Ashok Vihar, Mirzapur, 767164",90,19,0,1
ORD02095,0,1,2,760.0,beauty,"Plot No. 17, Gandhi Marg, Patna, 218995",90,22,0,0
ORD02096,1,2,0,270.0,home,"23, Sector 12, Guwahati",67,9,0,0
ORD02097,1,1,1,1590.0,fashion,"H.No. 8, MG Road, Kanpur, 787960",90,21,0,0
ORD02098,1,3,1,380.0,fashion,"H.No. 8, Gandhi Marg, Guwahati, 700594",90,2,0,0
ORD02099,1,1,0,1410.0,fashion,"Flat 4B, Nehru Nagar, Behind Central Mall, Jaipur, 156536",100,14,1,0
ORD02100,0,3,0,630.0,accessories,"Flat 4B, Station Road, Behind Central Mall, Jaipur, 819987",100,13,0,0
ORD02101,1,2,4,1350.0,fashion,"H.No. 8, Gandhi Marg, Mirzapur",67,22,1,0
ORD02102,0,2,1,1310.0,accessories,"Park Street, Near Water Tank, Bhopal, 789470",73,3,0,1
ORD02103,0,2,5,860.0,home,"Flat 4B, Gandhi Marg, Near Water Tank, Pune, 270360",100,9,0,1
ORD02104,1,3,0,900.0,beauty,"Lake View Lane, Indore, 781279",63,10,0,0
ORD02105,1,1,1,860.0,fashion,"H.No. 8, Park Street, Jaipur",67,10,1,0
ORD02106,0,1,0,200.0,fashion,"Door No. 5, Ashok Vihar, Patna, 220253",90,7,0,0
ORD02107,1,2,0,710.0,accessories,"Church Street, Lucknow",40,22,0,0
ORD02108,1,1,0,340.0,fashion,"Plot No. 17, Sector 12, Jaipur, 398201",90,22,0,0
ORD02109,0,1,0,740.0,fashion,"H.No. 8, Sector 12, Patna, 795109",90,8,1,0
ORD02110,1,3,0,340.0,fashion,"Plot No. 17, Gandhi Marg, Opposite Petrol Pump, Patna",77,7,0,0
ORD02111,0,3,0,330.0,fashion,"Door No. 5, Lake View Lane, Lucknow, 782106",90,11,0,0
ORD02112,0,2,0,1740.0,fashion,"H.No. 8, Ashok Vihar, Behind Central Mall, Bhopal",77,16,1,0
ORD02113,0,3,1,1260.0,beauty,"Plot No. 17, Nehru Nagar, Guwahati, 227439",90,22,1,1
ORD02114,1,2,0,660.0,electronics,"Door No. 5, Gandhi Marg, Jaipur",67,14,0,0
ORD02115,1,1,0,740.0,home,"Plot No. 17, Church Street, Kanpur, 819898",90,18,0,0
ORD02116,0,2,0,570.0,fashion,"Flat 4B, Gandhi Marg, Near Govt School, Jaipur, 763460",100,19,0,0
ORD02117,0,2,0,940.0,grocery,"Plot No. 17, Station Road, Near City Hospital, Jaipur",77,5,1,0
ORD02118,1,3,1,440.0,grocery,"Ashok Vihar, Opposite SBI Bank, Pune, 530806",73,4,0,0
ORD02119,0,1,0,1210.0,fashion,"H.No. 8, MG Road, Lucknow, 512086",90,7,1,0
ORD02120,1,2,2,570.0,electronics,"Plot No. 17, Nehru Nagar, Kanpur, 650186",90,17,1,0
ORD02121,1,1,0,520.0,fashion,"Door No. 5, Sector 12, Near City Hospital, Indore, 485117",100,20,1,0
ORD02122,0,1,0,670.0,grocery,"Door No. 5, Station Road, Near Water Tank, Ranchi, 115783",100,20,1,0
ORD02123,1,1,3,470.0,beauty,"H.No. 8, Ashok Vihar, Mumbai, 569241",90,14,0,0
ORD02124,0,3,1,810.0,accessories,"H.No. 8, Gandhi Marg, Mumbai, 842310",90,2,0,1
ORD02125,1,3,0,480.0,fashion,"Door No. 5, Church Street, Jaipur, 163228",90,13,0,0
ORD02126,1,3,2,880.0,electronics,"Plot No. 17, Station Road, Guwahati",67,14,0,0
ORD02127,1,2,0,1380.0,fashion,"23, Church Street, Near Govt School, Nagpur",77,12,0,0
ORD02128,0,2,2,430.0,electronics,"Church Street, Patna, 836707",63,20,0,1
ORD02129,1,1,1,620.0,home,"Flat 4B, Park Street, Behind Central Mall, Lucknow",77,19,1,0
ORD02130,0,1,1,880.0,fashion,"23, Gandhi Marg, Behind Central Mall, Bhopal, 578220",100,20,1,0
ORD02131,0,2,5,510.0,beauty,"MG Road, Behind Central Mall, Bhopal, 485129",73,8,0,1
ORD02132,0,3,0,880.0,home,"H.No. 8, MG Road, Opposite Petrol Pump, Jaipur, 769669",100,22,0,0
ORD02133,1,2,1,930.0,grocery,"H.No. 8, Sector 12, Opposite Petrol Pump, Patna, 638159",100,16,0,0
ORD02134,0,1,0,1270.0,fashion,"23, Nehru Nagar, Near Govt School, Mirzapur, 825503",100,18,1,0
ORD02135,1,1,0,460.0,accessories,"Gandhi Marg, Near Govt School, Guwahati, 733545",73,3,0,0
ORD02136,1,1,0,380.0,accessories,"23, Station Road, Opposite SBI Bank, Patna, 432695",100,19,1,0
ORD02137,0,2,0,550.0,accessories,"Door No. 5, Sector 12, Guwahati, 629721",90,9,1,0
ORD02138,1,3,1,370.0,grocery,"Lake View Lane, Indore, 332233",63,21,1,0
ORD02139,0,2,1,930.0,grocery,"H.No. 8, Park Street, Jaipur",67,2,1,0
ORD02140,1,3,1,330.0,home,"23, Gandhi Marg, Nagpur, 578502",90,18,1,0
ORD02141,1,2,0,2700.0,fashion,"H.No. 8, Ashok Vihar, Near City Hospital, Indore, 660748",100,8,1,0
ORD02142,0,2,0,1450.0,beauty,"Plot No. 17, Gandhi Marg, Near Govt School, Nagpur, 702690",100,4,0,0
ORD02143,1,1,3,670.0,beauty,"23, Gandhi Marg, Near City Hospital, Mirzapur, 468471",100,13,0,0
ORD02144,0,3,0,1120.0,accessories,"Door No. 5, Sector 12, Jaipur, 855594",90,6,1,0
ORD02145,0,3,1,250.0,home,"23, Gandhi Marg, Nagpur, 530207",90,20,0,1
ORD02146,1,1,2,3020.0,fashion,"Flat 4B, Model Colony, Indore, 453266",90,5,0,0
ORD02147,0,2,2,470.0,beauty,"Ashok Vihar, Patna, 571895",63,23,1,1
ORD02148,0,2,0,620.0,accessories,"H.No. 8, Sector 12, Near Govt School, Jaipur",77,7,1,0
ORD02149,0,2,2,220.0,fashion,"H.No. 8, Lake View Lane, Ranchi, 737169",90,1,0,0
ORD02150,1,3,0,890.0,electronics,"H.No. 8, Gandhi Marg, Bhopal, 535771",90,13,0,0
ORD02151,0,2,3,340.0,home,"Plot No. 17, Model Colony, Pune, 552417",90,21,0,0
ORD02152,0,2,0,710.0,fashion,"Door No. 5, Station Road, Bhopal, 816186",90,6,0,0
ORD02153,1,1,0,480.0,fashion,"Church Street, Ranchi, 364456",63,2,1,0
ORD02154,1,1,0,350.0,electronics,"H.No. 8, Lake View Lane, Kanpur, 260308",90,19,0,0
ORD02155,0,1,2,410.0,accessories,"Plot No. 17, Ashok Vihar, Mumbai, 166713",90,21,1,1
ORD02156,0,1,0,760.0,fashion,"Sector 12, Mirzapur, 669829",63,22,0,0
ORD02157,0,2,0,310.0,electronics,"Flat 4B, Church Street, Near Water Tank, Indore",77,5,0,0
ORD02158,0,2,0,420.0,grocery,"Flat 4B, Park Street, Ranchi",67,20,1,0
ORD02159,0,1,3,990.0,accessories,"Plot No. 17, Model Colony, Opposite SBI Bank, Lucknow",77,13,0,1
ORD02160,1,3,2,3170.0,accessories,"Station Road, Lucknow, 411601",63,11,0,0
ORD02161,1,1,1,890.0,electronics,"Flat 4B, Model Colony, Behind Central Mall, Mumbai, 474305",100,17,1,0
ORD02162,1,2,1,380.0,accessories,"Plot No. 17, Model Colony, Near Water Tank, Indore",77,11,1,0
ORD02163,0,1,0,530.0,fashion,"Plot No. 17, Ashok Vihar, Pune",67,6,0,1
ORD02164,1,2,0,680.0,beauty,"Lake View Lane, Guwahati, 331281",63,4,0,0
ORD02165,0,1,3,540.0,beauty,"Flat 4B, Nehru Nagar, Patna",67,11,0,0
ORD02166,1,2,0,1140.0,fashion,"Plot No. 17, Ashok Vihar, Near Water Tank, Patna",77,8,1,0
ORD02167,1,2,0,760.0,home,"Model Colony, Mirzapur, 595117",63,10,1,0
ORD02168,0,3,0,1150.0,fashion,"H.No. 8, Model Colony, Ranchi, 796472",90,3,0,0
ORD02169,1,1,0,550.0,accessories,"Door No. 5, Model Colony, Near Govt School, Bhopal",77,13,0,0
ORD02170,0,1,0,1470.0,electronics,"H.No. 8, Station Road, Indore, 815611",90,11,1,0
ORD02171,1,1,0,600.0,beauty,"Door No. 5, Nehru Nagar, Lucknow, 452756",90,17,0,0
ORD02172,0,2,0,370.0,fashion,"Door No. 5, Model Colony, Opposite Petrol Pump, Patna",77,6,1,0
ORD02173,0,1,0,2460.0,fashion,"23, MG Road, Near Govt School, Bhopal",77,22,1,0
ORD02174,1,3,0,220.0,accessories,"Plot No. 17, Model Colony, Behind Central Mall, Mumbai",77,0,1,0
ORD02175,0,2,0,430.0,grocery,"Flat 4B, Sector 12, Near Water Tank, Guwahati, 157502",100,12,1,0
ORD02176,1,2,0,460.0,accessories,"H.No. 8, Ashok Vihar, Near City Hospital, Guwahati",77,15,0,0
ORD02177,0,2,2,3000.0,fashion,"H.No. 8, Station Road, Opposite SBI Bank, Indore, 131877",100,4,0,1
ORD02178,1,1,0,1970.0,fashion,"Flat 4B, Park Street, Nagpur, 184210",90,18,1,0
ORD02179,1,1,1,1630.0,home,"23, MG Road, Indore",67,8,0,0
ORD02180,0,2,1,550.0,electronics,"Plot No. 17, Nehru Nagar, Kanpur, 441778",90,22,0,0
ORD02181,0,2,1,2850.0,fashion,"Plot No. 17, MG Road, Behind Central Mall, Patna, 553466",100,8,0,0
ORD02182,0,1,0,830.0,beauty,"Plot No. 17, Model Colony, Patna, 767333",90,11,0,0
ORD02183,0,1,0,1200.0,electronics,"H.No. 8, Station Road, Ranchi, 111055",90,17,0,0
ORD02184,0,3,0,740.0,fashion,"H.No. 8, Gandhi Marg, Patna, 759077",90,23,1,0
ORD02185,1,1,1,650.0,electronics,"23, Nehru Nagar, Opposite Petrol Pump, Patna, 240651",100,9,0,0
ORD02186,1,3,0,570.0,home,"Flat 4B, Gandhi Marg, Near Govt School, Bhopal, 424305",100,16,0,0
ORD02187,1,3,2,590.0,beauty,"Flat 4B, Church Street, Nagpur, 447268",90,18,0,0
ORD02188,1,1,3,960.0,electronics,"Flat 4B, MG Road, Opposite Petrol Pump, Lucknow, 474476",100,23,0,0
ORD02189,1,1,0,830.0,home,"23, Gandhi Marg, Lucknow, 299619",90,10,1,0
ORD02190,1,1,0,650.0,fashion,"H.No. 8, MG Road, Kanpur, 442786",90,15,0,0
ORD02191,0,2,1,1650.0,accessories,"MG Road, Near Water Tank, Guwahati, 796784",73,7,0,0
ORD02192,1,2,0,200.0,accessories,"Flat 4B, Ashok Vihar, Behind Central Mall, Lucknow, 449232",100,23,0,0
ORD02193,1,3,0,900.0,beauty,"Plot No. 17, Church Street, Patna, 733185",90,14,1,0
ORD02194,1,3,3,1020.0,fashion,"H.No. 8, Station Road, Behind Central Mall, Nagpur",77,10,0,0
ORD02195,0,2,0,1320.0,home,"Plot No. 17, Park Street, Bhopal, 618008",90,6,0,0
ORD02196,0,1,3,640.0,beauty,"H.No. 8, Station Road, Near City Hospital, Nagpur, 441502",100,1,0,1
ORD02197,0,1,1,750.0,accessories,"23, Model Colony, Near Water Tank, Lucknow",77,18,0,0
ORD02198,1,3,2,1200.0,accessories,"Ashok Vihar, Jaipur, 509781",63,8,0,0
ORD02199,0,1,0,1630.0,accessories,"Door No. 5, MG Road, Nagpur, 458377",90,17,1,0
ORD02200,0,1,0,560.0,fashion,"Ashok Vihar, Patna, 795837",63,12,0,0
ORD02201,1,2,0,780.0,accessories,"Door No. 5, Nehru Nagar, Ranchi, 746251",90,22,1,0
ORD02202,0,2,0,1820.0,beauty,"Flat 4B, Church Street, Ranchi",67,0,0,0
ORD02203,0,3,0,200.0,grocery,"Door No. 5, Gandhi Marg, Lucknow",67,18,0,0
ORD02204,0,2,0,440.0,electronics,"23, Nehru Nagar, Opposite SBI Bank, Ranchi, 676650",100,12,1,0
ORD02205,1,1,0,1600.0,electronics,"Plot No. 17, MG Road, Near City Hospital, Jaipur",77,13,0,0
ORD02206,1,3,0,1280.0,electronics,"Door No. 5, Park Street, Near City Hospital, Jaipur, 613899",100,16,1,1
ORD02207,0,1,2,910.0,fashion,"Door No. 5, Church Street, Ranchi",67,21,1,0
ORD02208,1,2,0,510.0,electronics,"Flat 4B, Ashok Vihar, Indore, 260786",90,19,1,0
ORD02209,0,2,0,390.0,accessories,"Plot No. 17, Station Road, Bhopal, 379121",90,0,0,0
ORD02210,1,1,1,470.0,fashion,"Plot No. 17, Sector 12, Opposite SBI Bank, Ranchi, 335763",100,4,0,0
ORD02211,1,2,4,1680.0,fashion,"H.No. 8, Nehru Nagar, Near Govt School, Bhopal, 472552",100,19,0,0
ORD02212,1,1,0,460.0,fashion,"H.No. 8, Ashok Vihar, Near Water Tank, Ranchi, 375254",100,13,0,0
ORD02213,0,2,0,710.0,electronics,"Sector 12, Patna, 664361",63,17,0,0
ORD02214,1,2,1,420.0,accessories,"Model Colony, Near Water Tank, Nagpur, 180581",73,12,0,0
ORD02215,1,3,3,1100.0,fashion,"23, Gandhi Marg, Opposite Petrol Pump, Guwahati, 700610",100,22,0,0
ORD02216,0,3,2,480.0,fashion,"Church Street, Behind Central Mall, Patna, 361115",73,11,0,0
ORD02217,1,1,1,630.0,accessories,"Flat 4B, Station Road, Near City Hospital, Ranchi, 131600",100,14,1,0
ORD02218,0,2,0,240.0,accessories,"Door No. 5, Nehru Nagar, Kanpur, 636104",90,23,1,1
ORD02219,1,2,0,250.0,fashion,"Nehru Nagar, Behind Central Mall, Mumbai",50,3,0,0
ORD02220,0,1,0,670.0,grocery,"23, Gandhi Marg, Near City Hospital, Kanpur, 547168",100,8,1,0
ORD02221,1,3,1,300.0,beauty,"Flat 4B, Nehru Nagar, Jaipur, 345805",90,2,0,0
ORD02222,0,2,1,2350.0,grocery,"Door No. 5, Church Street, Behind Central Mall, Mumbai, 700551",100,21,0,1
ORD02223,0,1,4,200.0,electronics,"Plot No. 17, Station Road, Guwahati, 777986",90,10,0,0
ORD02224,0,2,0,410.0,accessories,"Nehru Nagar, Near City Hospital, Indore, 835068",73,14,1,0
ORD02225,0,1,0,670.0,fashion,"Door No. 5, Nehru Nagar, Near Govt School, Ranchi, 824070",100,15,0,0
ORD02226,0,2,0,530.0,fashion,"Plot No. 17, Church Street, Near Water Tank, Bhopal, 731539",100,6,0,0
ORD02227,0,1,1,340.0,electronics,"Door No. 5, Sector 12, Mumbai, 775920",90,6,1,1
ORD02228,1,3,2,370.0,electronics,"Flat 4B, MG Road, Near Govt School, Lucknow",77,21,0,0
ORD02229,0,3,0,370.0,accessories,"H.No. 8, Lake View Lane, Nagpur, 670472",90,8,1,0
ORD02230,0,2,0,560.0,home,"H.No. 8, Ashok Vihar, Near Water Tank, Mumbai, 324367",100,16,0,0
ORD02231,1,2,0,2150.0,fashion,"MG Road, Jaipur",40,12,1,0
ORD02232,0,3,0,700.0,electronics,"Flat 4B, Lake View Lane, Nagpur",67,8,0,0
ORD02233,1,2,2,1350.0,electronics,"Flat 4B, Nehru Nagar, Near Govt School, Pune",77,8,1,0
ORD02234,1,1,0,900.0,accessories,"H.No. 8, Lake View Lane, Kanpur, 129220",90,19,1,0
ORD02235,1,2,2,1300.0,home,"H.No. 8, Model Colony, Ranchi, 474290",90,11,1,0
ORD02236,1,3,1,200.0,beauty,"Church Street, Opposite SBI Bank, Mirzapur, 316269",73,20,0,0
ORD02237,1,2,2,550.0,beauty,"H.No. 8, Nehru Nagar, Kanpur, 548289",90,18,1,0
ORD02238,0,2,0,1460.0,grocery,"H.No. 8, MG Road, Pune, 722123",90,22,1,0
ORD02239,0,3,2,470.0,beauty,"Station Road, Mumbai, 780868",63,14,0,1
ORD02240,0,3,0,1920.0,fashion,"Door No. 5, Lake View Lane, Near Water Tank, Jaipur, 676419",100,17,1,0
ORD02241,1,3,0,1620.0,accessories,"H.No. 8, Lake View Lane, Jaipur, 401261",90,7,0,0
ORD02242,0,1,0,500.0,beauty,"Plot No. 17, Ashok Vihar, Opposite Petrol Pump, Patna",77,5,0,0
ORD02243,1,2,0,490.0,beauty,"H.No. 8, Station Road, Pune",67,5,0,0
ORD02244,1,2,0,360.0,accessories,"Door No. 5, Station Road, Bhopal, 241250",90,2,0,0
ORD02245,1,3,0,460.0,grocery,"Plot No. 17, Sector 12, Jaipur",67,2,0,0
ORD02246,0,2,4,320.0,grocery,"H.No. 8, Nehru Nagar, Near Govt School, Mirzapur",77,1,0,1
ORD02247,0,1,0,860.0,accessories,"23, Church Street, Mirzapur, 615558",90,4,0,0
ORD02248,1,3,2,280.0,fashion,"23, Sector 12, Lucknow, 839349",90,19,0,0
ORD02249,1,2,5,960.0,electronics,"Plot No. 17, Lake View Lane, Jaipur, 540340",90,11,1,0
ORD02250,0,1,0,970.0,home,"23, Station Road, Bhopal, 114542",90,5,0,0
ORD02251,0,2,1,250.0,electronics,"Door No. 5, Ashok Vihar, Patna",67,15,0,0
ORD02252,1,1,0,1690.0,grocery,"23, Park Street, Kanpur, 497666",90,4,0,0
ORD02253,1,2,0,910.0,grocery,"Plot No. 17, Model Colony, Jaipur, 428373",90,5,0,0
ORD02254,1,1,0,1040.0,beauty,"Door No. 5, Ashok Vihar, Opposite Petrol Pump, Indore",77,3,0,0
ORD02255,1,2,3,420.0,accessories,"Door No. 5, Church Street, Indore, 823114",90,13,0,0
ORD02256,1,2,0,970.0,fashion,"Door No. 5, Station Road, Nagpur, 285321",90,2,1,0
ORD02257,0,2,1,1310.0,beauty,"Flat 4B, Ashok Vihar, Guwahati",67,16,0,0
ORD02258,0,2,0,630.0,home,"Plot No. 17, Nehru Nagar, Mirzapur",67,4,0,1
ORD02259,0,3,3,2210.0,electronics,"23, Gandhi Marg, Mirzapur, 136552",90,21,0,1
ORD02260,0,1,0,680.0,fashion,"H.No. 8, Lake View Lane, Nagpur, 469069",90,20,1,0
ORD02261,1,1,1,1320.0,accessories,"23, MG Road, Near Water Tank, Bhopal, 179394",100,20,0,0
ORD02262,1,3,1,790.0,home,"Plot No. 17, Lake View Lane, Ranchi",67,5,0,0
ORD02263,1,1,1,950.0,grocery,"Door No. 5, Nehru Nagar, Mirzapur, 666726",90,19,1,0
ORD02264,0,3,4,240.0,home,"23, Model Colony, Opposite SBI Bank, Lucknow",77,3,1,1
ORD02265,1,3,2,830.0,fashion,"Flat 4B, Gandhi Marg, Near Water Tank, Ranchi, 844550",100,12,0,0
ORD02266,1,2,0,430.0,electronics,"Ashok Vihar, Patna, 813767",63,7,0,0
ORD02267,1,3,0,400.0,electronics,"23, MG Road, Lucknow, 623051",90,10,0,0
ORD02268,1,1,0,1890.0,accessories,"H.No. 8, Park Street, Mumbai, 779265",90,23,0,1
ORD02269,0,2,0,590.0,fashion,"Flat 4B, Church Street, Near Water Tank, Guwahati, 302529",100,18,0,0
ORD02270,0,2,0,360.0,accessories,"Door No. 5, Gandhi Marg, Opposite SBI Bank, Patna",77,22,0,1
ORD02271,0,2,0,540.0,accessories,"H.No. 8, Park Street, Jaipur, 620758",90,4,1,0
ORD02272,0,3,0,300.0,accessories,"H.No. 8, MG Road, Lucknow, 424498",90,4,0,0
ORD02273,0,1,4,1570.0,electronics,"Flat 4B, Church Street, Opposite Petrol Pump, Jaipur, 514609",100,2,0,1
ORD02274,1,2,0,440.0,accessories,"23, Sector 12, Patna, 596669",90,1,0,0
ORD02275,1,2,3,910.0,electronics,"Plot No. 17, Station Road, Near Govt School, Mumbai, 244630",100,2,0,0
ORD02276,1,2,0,1500.0,fashion,"Flat 4B, Ashok Vihar, Opposite Petrol Pump, Jaipur, 112593",100,14,0,0
ORD02277,1,1,1,490.0,fashion,"23, Park Street, Nagpur, 289611",90,6,1,0
ORD02278,0,2,2,920.0,accessories,"23, Lake View Lane, Lucknow",67,2,1,1
ORD02279,1,3,0,360.0,fashion,"Flat 4B, MG Road, Guwahati, 676968",90,14,1,0
ORD02280,0,1,0,2890.0,home,"Door No. 5, MG Road, Mirzapur, 592440",90,10,1,1
ORD02281,0,3,0,1170.0,fashion,"Flat 4B, Church Street, Opposite Petrol Pump, Kanpur, 481376",100,15,1,0
ORD02282,0,2,0,590.0,fashion,"Flat 4B, MG Road, Ranchi, 308110",90,12,0,0
ORD02283,0,3,3,420.0,fashion,"Door No. 5, Nehru Nagar, Bhopal",67,1,0,1
ORD02284,0,2,2,620.0,accessories,"23, Park Street, Bhopal, 487499",90,19,1,1
ORD02285,0,1,0,540.0,home,"Door No. 5, Lake View Lane, Near Water Tank, Mirzapur, 207944",100,11,0,0
ORD02286,0,2,0,2150.0,accessories,"Flat 4B, MG Road, Pune, 786164",90,20,0,0
ORD02287,1,3,0,320.0,beauty,"Flat 4B, Sector 12, Ranchi, 263804",90,6,1,0
ORD02288,0,2,0,720.0,accessories,"Model Colony, Indore, 853146",63,0,1,0
ORD02289,0,3,1,660.0,home,"Flat 4B, Gandhi Marg, Near City Hospital, Indore, 275654",100,13,0,0
ORD02290,0,2,0,620.0,beauty,"Flat 4B, Model Colony, Kanpur, 222559",90,23,0,0
ORD02291,1,1,0,620.0,home,"H.No. 8, Ashok Vihar, Lucknow, 485309",90,9,0,0
ORD02292,0,2,0,620.0,electronics,"H.No. 8, Church Street, Opposite SBI Bank, Indore, 693581",100,2,0,0
ORD02293,0,3,0,1120.0,grocery,"H.No. 8, Sector 12, Indore",67,10,0,0
ORD02294,0,2,1,960.0,beauty,"Church Street, Patna, 799336",63,21,1,0
ORD02295,0,3,0,860.0,grocery,"H.No. 8, Model Colony, Near Govt School, Mirzapur",77,19,0,0
ORD02296,0,3,4,200.0,grocery,"23, MG Road, Indore",67,20,0,1
ORD02297,0,2,3,800.0,fashion,"23, Church Street, Guwahati, 160862",90,14,1,1
ORD02298,0,1,0,250.0,beauty,"H.No. 8, Station Road, Lucknow, 683447",90,5,0,0
ORD02299,0,2,0,980.0,fashion,"23, Model Colony, Near Govt School, Pune",77,17,1,0
ORD02300,0,2,2,1610.0,home,"Sector 12, Opposite SBI Bank, Bhopal, 235164",73,12,0,0
ORD02301,1,3,3,380.0,beauty,"Lake View Lane, Near Water Tank, Jaipur",50,14,1,0
ORD02302,1,2,2,570.0,accessories,"H.No. 8, Lake View Lane, Jaipur, 355138",90,2,0,0
ORD02303,0,2,0,460.0,fashion,"23, MG Road, Indore, 371087",90,14,0,0
ORD02304,0,3,5,1400.0,fashion,"Door No. 5, Lake View Lane, Mumbai, 344852",90,23,0,1
ORD02305,1,2,0,700.0,fashion,"23, Church Street, Behind Central Mall, Kanpur, 347504",100,23,0,0
ORD02306,0,2,1,1880.0,electronics,"Park Street, Opposite Petrol Pump, Kanpur, 511834",73,0,0,1
ORD02307,0,2,3,850.0,grocery,"Flat 4B, Station Road, Opposite SBI Bank, Bhopal, 479150",100,9,0,0
ORD02308,1,2,0,770.0,grocery,"H.No. 8, Park Street, Behind Central Mall, Ranchi, 800897",100,23,1,0
ORD02309,0,2,3,690.0,beauty,"H.No. 8, Station Road, Pune",67,17,0,0
ORD02310,0,3,0,1090.0,accessories,"Door No. 5, Nehru Nagar, Indore, 806715",90,7,1,0
ORD02311,0,2,4,230.0,electronics,"23, Lake View Lane, Near Govt School, Bhopal, 121782",100,11,1,0
ORD02312,1,2,0,700.0,fashion,"Door No. 5, Lake View Lane, Lucknow, 848071",90,4,1,0
ORD02313,0,2,4,640.0,fashion,"Model Colony, Patna, 853006",63,0,1,0
ORD02314,1,1,0,1030.0,accessories,"H.No. 8, Sector 12, Bhopal, 161826",90,7,0,0
ORD02315,1,1,1,590.0,beauty,"H.No. 8, Ashok Vihar, Pune, 824938",90,4,0,0
ORD02316,0,3,0,360.0,beauty,"Door No. 5, Church Street, Patna, 654282",90,16,0,0
ORD02317,0,2,0,670.0,electronics,"Door No. 5, Sector 12, Behind Central Mall, Ranchi, 734031",100,14,0,0
ORD02318,0,2,0,350.0,electronics,"Flat 4B, Station Road, Patna, 440956",90,3,0,0
ORD02319,0,2,1,210.0,accessories,"Flat 4B, Church Street, Indore, 804575",90,12,0,1
ORD02320,0,1,0,1030.0,fashion,"Flat 4B, MG Road, Nagpur, 839070",90,16,0,0
ORD02321,1,2,1,940.0,grocery,"Model Colony, Near Water Tank, Bhopal, 704891",73,12,1,0
ORD02322,1,2,0,880.0,electronics,"Flat 4B, Lake View Lane, Mirzapur, 297377",90,1,1,0
ORD02323,1,2,4,1450.0,fashion,"Door No. 5, Lake View Lane, Opposite Petrol Pump, Patna, 377252",100,23,1,1
ORD02324,0,2,0,450.0,beauty,"23, Church Street, Mirzapur, 589956",90,3,0,0
ORD02325,1,1,0,280.0,electronics,"H.No. 8, Park Street, Bhopal, 606927",90,1,0,0
ORD02326,1,1,0,640.0,beauty,"Sector 12, Behind Central Mall, Mumbai, 397116",73,11,1,0
ORD02327,1,3,0,540.0,beauty,"Lake View Lane, Jaipur, 469187",63,18,0,0
ORD02328,0,2,0,400.0,home,"H.No. 8, Ashok Vihar, Nagpur, 639985",90,17,1,0
ORD02329,1,2,0,630.0,grocery,"23, Lake View Lane, Near Water Tank, Indore",77,9,1,0
ORD02330,0,1,3,460.0,home,"23, Park Street, Bhopal, 200958",90,4,0,1
ORD02331,0,1,1,220.0,fashion,"Plot No. 17, Park Street, Near City Hospital, Mumbai",77,10,0,0
ORD02332,0,2,1,510.0,beauty,"Plot No. 17, Park Street, Mirzapur, 373530",90,0,0,0
ORD02333,1,2,0,340.0,home,"23, Ashok Vihar, Near City Hospital, Jaipur",77,2,0,0
ORD02334,1,2,1,760.0,fashion,"H.No. 8, Model Colony, Near City Hospital, Jaipur",77,16,0,0
ORD02335,0,1,0,450.0,accessories,"Door No. 5, Station Road, Mumbai, 591173",90,14,1,1
ORD02336,0,2,2,1300.0,home,"H.No. 8, Nehru Nagar, Pune, 783908",90,13,0,1
ORD02337,0,1,0,1740.0,accessories,"Plot No. 17, Gandhi Marg, Nagpur, 387668",90,23,0,0
ORD02338,0,1,0,1000.0,accessories,"Door No. 5, Gandhi Marg, Behind Central Mall, Lucknow",77,14,0,0
ORD02339,0,2,0,260.0,electronics,"Door No. 5, Gandhi Marg, Near City Hospital, Mirzapur, 644761",100,15,0,0
ORD02340,0,1,2,1640.0,home,"Flat 4B, Gandhi Marg, Nagpur, 347859",90,3,1,0
ORD02341,1,1,0,1710.0,electronics,"Door No. 5, Park Street, Pune, 565773",90,18,0,0
ORD02342,0,2,1,670.0,electronics,"H.No. 8, Station Road, Kanpur, 276667",90,23,1,1
ORD02343,0,2,0,1470.0,accessories,"H.No. 8, Lake View Lane, Opposite Petrol Pump, Nagpur",77,7,1,1
ORD02344,0,3,1,480.0,grocery,"23, Model Colony, Near City Hospital, Indore, 468680",100,5,1,0
ORD02345,1,2,3,220.0,fashion,"H.No. 8, Gandhi Marg, Nagpur, 237537",90,15,0,1
ORD02346,1,1,0,420.0,beauty,"Door No. 5, Model Colony, Behind Central Mall, Pune, 310111",100,2,0,0
ORD02347,1,1,0,1880.0,accessories,"23, Church Street, Ranchi, 281935",90,7,1,0
ORD02348,0,3,3,270.0,home,"H.No. 8, Gandhi Marg, Opposite SBI Bank, Kanpur, 748259",100,4,1,0
ORD02349,1,2,0,660.0,grocery,"Sector 12, Nagpur",40,4,1,0
ORD02350,0,2,0,680.0,grocery,"23, Church Street, Opposite SBI Bank, Guwahati",77,11,0,0
ORD02351,1,1,1,490.0,electronics,"H.No. 8, Station Road, Opposite Petrol Pump, Bhopal",77,0,0,0
ORD02352,1,2,1,510.0,electronics,"Door No. 5, MG Road, Near City Hospital, Ranchi, 694212",100,6,1,0
ORD02353,1,1,0,690.0,beauty,"H.No. 8, Model Colony, Opposite Petrol Pump, Jaipur",77,23,0,0
ORD02354,1,2,2,470.0,electronics,"Ashok Vihar, Indore, 360676",63,10,0,0
ORD02355,1,3,0,280.0,home,"Park Street, Near City Hospital, Patna, 352751",73,9,0,0
ORD02356,0,3,0,760.0,beauty,"H.No. 8, Model Colony, Opposite Petrol Pump, Kanpur, 615060",100,2,1,1
ORD02357,1,2,2,1270.0,grocery,"Plot No. 17, Sector 12, Jaipur, 474544",90,7,0,0
ORD02358,0,2,0,1120.0,fashion,"Flat 4B, Gandhi Marg, Ranchi, 357029",90,0,0,0
ORD02359,0,3,0,410.0,fashion,"H.No. 8, Lake View Lane, Opposite Petrol Pump, Mumbai, 390889",100,7,0,0
ORD02360,0,2,1,310.0,fashion,"H.No. 8, Nehru Nagar, Lucknow, 469750",90,22,0,1
ORD02361,0,1,3,560.0,home,"H.No. 8, Sector 12, Pune, 729696",90,19,1,0
ORD02362,0,2,3,1700.0,electronics,"Plot No. 17, Nehru Nagar, Near City Hospital, Nagpur, 209270",100,10,0,0
ORD02363,0,1,4,980.0,home,"Church Street, Bhopal, 299489",63,6,0,0
ORD02364,0,2,2,1010.0,fashion,"23, Ashok Vihar, Opposite Petrol Pump, Kanpur",77,15,0,1
ORD02365,1,2,0,1130.0,home,"MG Road, Lucknow, 676496",63,6,0,0
ORD02366,0,2,0,860.0,electronics,"Flat 4B, Model Colony, Jaipur, 593981",90,12,0,0
ORD02367,0,2,2,720.0,home,"Plot No. 17, MG Road, Near Water Tank, Mirzapur, 536418",100,9,1,0
ORD02368,1,1,0,990.0,electronics,"Flat 4B, Sector 12, Jaipur, 139739",90,16,1,0
ORD02369,0,2,1,480.0,fashion,"Model Colony, Opposite Petrol Pump, Pune",50,2,0,1
ORD02370,1,3,1,280.0,accessories,"Door No. 5, Church Street, Opposite Petrol Pump, Pune",77,6,0,0
ORD02371,1,2,0,1030.0,fashion,"H.No. 8, Park Street, Nagpur, 852058",90,10,0,0
ORD02372,1,2,3,1400.0,beauty,"Door No. 5, MG Road, Near Water Tank, Kanpur, 745169",100,12,1,0
ORD02373,1,3,0,340.0,accessories,"H.No. 8, MG Road, Near Water Tank, Nagpur",77,4,0,0
ORD02374,0,3,0,1090.0,home,"Nehru Nagar, Opposite Petrol Pump, Ranchi, 559510",73,22,0,0
ORD02375,1,1,5,1820.0,accessories,"Door No. 5, Ashok Vihar, Near Govt School, Bhopal",77,18,1,0
ORD02376,0,1,0,660.0,fashion,"Door No. 5, Ashok Vihar, Indore, 568829",90,14,0,0
ORD02377,0,2,0,410.0,electronics,"23, Gandhi Marg, Indore, 551883",90,0,0,0
ORD02378,1,3,0,720.0,electronics,"H.No. 8, MG Road, Near Govt School, Mirzapur, 583443",100,4,0,0
ORD02379,0,3,2,480.0,fashion,"Lake View Lane, Behind Central Mall, Mumbai",50,12,0,0
ORD02380,1,3,2,460.0,electronics,"23, Sector 12, Kanpur",67,9,1,0
ORD02381,1,2,2,860.0,electronics,"Plot No. 17, Nehru Nagar, Near Water Tank, Kanpur, 184406",100,4,1,0
ORD02382,1,2,1,250.0,beauty,"Plot No. 17, Church Street, Pune, 437043",90,22,0,1
ORD02383,1,1,0,280.0,accessories,"H.No. 8, MG Road, Jaipur, 218619",90,0,0,0
ORD02384,0,1,2,670.0,fashion,"H.No. 8, Station Road, Behind Central Mall, Lucknow, 680335",100,9,0,0
ORD02385,0,2,3,660.0,electronics,"23, Lake View Lane, Ranchi",67,17,0,0
ORD02386,1,2,0,820.0,electronics,"23, MG Road, Near City Hospital, Mirzapur, 855157",100,21,0,0
ORD02387,0,2,0,2050.0,electronics,"Flat 4B, Church Street, Jaipur, 136197",90,7,0,0
ORD02388,1,2,4,710.0,grocery,"Flat 4B, Ashok Vihar, Patna",67,19,0,0
ORD02389,1,1,2,950.0,electronics,"Plot No. 17, Nehru Nagar, Guwahati, 210759",90,2,0,0
ORD02390,1,2,3,370.0,fashion,"Flat 4B, MG Road, Mirzapur, 850366",90,18,0,0
ORD02391,0,1,3,1050.0,beauty,"Flat 4B, Station Road, Patna, 605766",90,18,0,1
ORD02392,0,2,0,490.0,accessories,"23, MG Road, Opposite SBI Bank, Nagpur, 450734",100,1,0,0
ORD02393,0,3,1,690.0,home,"H.No. 8, Park Street, Bhopal, 501823",90,16,0,0
ORD02394,0,2,0,620.0,home,"23, Model Colony, Near Govt School, Pune, 836402",100,15,0,0
ORD02395,1,3,0,1240.0,fashion,"Lake View Lane, Guwahati, 385498",63,20,0,0
ORD02396,0,1,1,300.0,fashion,"Door No. 5, Station Road, Behind Central Mall, Jaipur",77,9,0,1
ORD02397,0,2,0,200.0,fashion,"Plot No. 17, Park Street, Ranchi, 838031",90,20,0,0
ORD02398,0,2,1,590.0,electronics,"23, Gandhi Marg, Kanpur, 181705",90,15,0,0
ORD02399,1,2,0,880.0,accessories,"Door No. 5, Park Street, Opposite SBI Bank, Nagpur, 414624",100,4,0,0
ORD02400,1,3,0,730.0,home,"Flat 4B, Sector 12, Opposite Petrol Pump, Lucknow, 124879",100,19,0,0
ORD02401,0,2,0,1390.0,fashion,"Door No. 5, Model Colony, Guwahati, 824235",90,2,1,0
ORD02402,0,3,0,860.0,fashion,"Plot No. 17, Model Colony, Pune, 797290",90,2,0,0
ORD02403,0,1,0,470.0,electronics,"Park Street, Mumbai, 369909",63,1,1,0
ORD02404,0,3,0,200.0,beauty,"Door No. 5, Nehru Nagar, Mirzapur, 809806",90,20,1,0
ORD02405,1,1,4,580.0,electronics,"23, Gandhi Marg, Jaipur, 415249",90,3,0,0
ORD02406,1,3,0,1230.0,electronics,"23, MG Road, Mumbai, 315859",90,21,1,0
ORD02407,0,2,0,530.0,home,"Flat 4B, Gandhi Marg, Behind Central Mall, Guwahati, 398386",100,17,0,0
ORD02408,0,2,1,680.0,fashion,"Plot No. 17, Park Street, Behind Central Mall, Pune, 628837",100,1,0,0
ORD02409,1,2,1,860.0,fashion,"Plot No. 17, Ashok Vihar, Ranchi, 202828",90,23,1,0
ORD02410,0,3,0,360.0,fashion,"Flat 4B, Nehru Nagar, Opposite Petrol Pump, Pune, 804613",100,5,1,1
ORD02411,1,1,2,970.0,fashion,"H.No. 8, MG Road, Mirzapur, 578440",90,2,0,0
ORD02412,0,2,2,1780.0,fashion,"Flat 4B, Lake View Lane, Patna",67,20,0,0
ORD02413,0,3,0,600.0,electronics,"H.No. 8, Sector 12, Near City Hospital, Bhopal, 236072",100,2,1,0
ORD02414,0,2,0,340.0,grocery,"23, Model Colony, Near Govt School, Pune",77,1,1,0
ORD02415,0,1,3,640.0,beauty,"Plot No. 17, Ashok Vihar, Near Water Tank, Patna",77,2,0,1
ORD02416,1,2,2,200.0,beauty,"23, Lake View Lane, Behind Central Mall, Kanpur",77,16,0,0
ORD02417,0,2,1,810.0,accessories,"Ashok Vihar, Ranchi, 119232",63,13,0,0
ORD02418,0,3,0,870.0,fashion,"H.No. 8, Gandhi Marg, Kanpur, 331222",90,6,0,0
ORD02419,0,3,0,1820.0,accessories,"23, Nehru Nagar, Opposite Petrol Pump, Kanpur, 841497",100,21,1,1
ORD02420,0,2,1,590.0,electronics,"Door No. 5, Model Colony, Ranchi, 129137",90,20,0,1
ORD02421,0,3,0,850.0,electronics,"Flat 4B, Park Street, Jaipur, 274021",90,5,1,0
ORD02422,0,2,0,400.0,electronics,"Flat 4B, Park Street, Jaipur, 516797",90,7,1,1
ORD02423,1,1,1,540.0,fashion,"H.No. 8, Gandhi Marg, Near Govt School, Ranchi",77,18,0,0
ORD02424,0,1,0,270.0,accessories,"H.No. 8, Church Street, Near Govt School, Kanpur, 471756",100,18,0,0
ORD02425,0,2,2,590.0,fashion,"Plot No. 17, Model Colony, Kanpur",67,11,0,1
ORD02426,1,1,2,550.0,electronics,"Plot No. 17, Model Colony, Opposite Petrol Pump, Pune, 429552",100,4,0,0
ORD02427,0,3,0,800.0,electronics,"23, MG Road, Opposite SBI Bank, Guwahati, 594760",100,4,0,0
ORD02428,1,3,2,460.0,fashion,"Model Colony, Mirzapur, 410632",63,13,0,0
ORD02429,0,1,0,700.0,fashion,"Flat 4B, Nehru Nagar, Ranchi",67,16,0,0
ORD02430,1,2,2,540.0,fashion,"MG Road, Opposite Petrol Pump, Nagpur, 515123",73,15,0,1
ORD02431,1,2,0,550.0,fashion,"Door No. 5, Ashok Vihar, Guwahati, 491221",90,3,0,0
ORD02432,1,3,0,700.0,accessories,"Plot No. 17, Sector 12, Opposite Petrol Pump, Guwahati, 594379",100,7,0,0
ORD02433,1,3,1,680.0,electronics,"Flat 4B, Nehru Nagar, Opposite Petrol Pump, Kanpur",77,2,1,0
ORD02434,0,2,0,1050.0,fashion,"Flat 4B, Model Colony, Indore, 245834",90,20,0,0
ORD02435,1,3,3,620.0,beauty,"H.No. 8, Station Road, Near Govt School, Guwahati, 578852",100,4,0,0
ORD02436,0,2,0,540.0,accessories,"Door No. 5, Nehru Nagar, Kanpur",67,22,1,0
ORD02437,0,2,0,600.0,fashion,"Gandhi Marg, Mirzapur",40,23,1,1
ORD02438,0,1,0,430.0,fashion,"Door No. 5, Park Street, Near City Hospital, Indore",77,6,1,0
ORD02439,0,1,0,540.0,accessories,"23, Lake View Lane, Near City Hospital, Kanpur, 256384",100,17,0,0
ORD02440,0,2,0,2250.0,fashion,"Plot No. 17, Nehru Nagar, Near Govt School, Nagpur",77,23,0,0
ORD02441,1,1,1,380.0,home,"Flat 4B, Church Street, Ranchi, 459392",90,7,0,0
ORD02442,0,1,2,560.0,fashion,"Door No. 5, Park Street, Opposite SBI Bank, Ranchi, 313744",100,10,0,0
ORD02443,1,2,2,530.0,accessories,"23, Ashok Vihar, Guwahati, 742741",90,13,0,0
ORD02444,1,1,4,570.0,accessories,"H.No. 8, Park Street, Mumbai, 553624",90,17,0,0
ORD02445,0,2,0,550.0,grocery,"Plot No. 17, Ashok Vihar, Pune, 451004",90,12,0,0
ORD02446,0,2,1,790.0,electronics,"H.No. 8, MG Road, Opposite Petrol Pump, Mumbai, 823943",100,5,0,0
ORD02447,0,3,0,240.0,electronics,"23, Sector 12, Kanpur",67,12,0,1
ORD02448,0,2,1,1240.0,fashion,"Gandhi Marg, Indore",40,0,0,1
ORD02449,0,1,0,970.0,accessories,"Plot No. 17, Station Road, Bhopal, 630297",90,10,0,0
ORD02450,0,2,5,320.0,accessories,"Flat 4B, Station Road, Behind Central Mall, Indore, 620723",100,6,1,1
ORD02451,0,3,1,200.0,electronics,"23, MG Road, Bhopal",67,9,1,0
ORD02452,1,3,4,370.0,beauty,"Door No. 5, Sector 12, Near Water Tank, Patna, 542979",100,1,0,1
ORD02453,1,2,2,580.0,fashion,"Door No. 5, MG Road, Indore, 772201",90,15,1,1
ORD02454,0,2,3,3130.0,electronics,"Door No. 5, MG Road, Behind Central Mall, Jaipur, 118078",100,4,0,1
ORD02455,1,3,2,920.0,beauty,"Station Road, Opposite SBI Bank, Kanpur, 658970",73,15,0,0
ORD02456,0,1,0,220.0,electronics,"H.No. 8, Sector 12, Kanpur, 116210",90,22,0,0
ORD02457,0,2,0,440.0,electronics,"23, Nehru Nagar, Indore",67,15,1,0
ORD02458,1,2,0,640.0,fashion,"H.No. 8, Park Street, Kanpur, 427112",90,14,0,0
ORD02459,0,1,0,770.0,grocery,"Door No. 5, Sector 12, Opposite Petrol Pump, Kanpur, 420899",100,8,0,0
ORD02460,0,2,0,300.0,accessories,"Flat 4B, Lake View Lane, Pune, 282791",90,0,1,0
ORD02461,1,1,0,610.0,accessories,"23, Gandhi Marg, Pune",67,8,0,0
ORD02462,1,2,0,430.0,beauty,"Door No. 5, Nehru Nagar, Guwahati, 313122",90,10,1,0
ORD02463,1,3,4,340.0,home,"H.No. 8, Sector 12, Pune",67,4,0,0
ORD02464,1,1,3,780.0,fashion,"Door No. 5, Nehru Nagar, Behind Central Mall, Mumbai, 833372",100,5,0,0
ORD02465,1,3,0,1060.0,accessories,"Plot No. 17, Nehru Nagar, Mumbai, 582073",90,7,1,0
ORD02466,0,1,0,1100.0,home,"Door No. 5, Lake View Lane, Opposite Petrol Pump, Mumbai, 118616",100,14,0,1
ORD02467,0,2,0,940.0,beauty,"H.No. 8, Park Street, Opposite Petrol Pump, Nagpur, 397349",100,15,1,0
ORD02468,0,1,0,490.0,beauty,"H.No. 8, Nehru Nagar, Ranchi, 566026",90,17,1,1
ORD02469,0,3,2,1020.0,grocery,"Door No. 5, MG Road, Opposite SBI Bank, Indore, 504761",100,11,0,1
ORD02470,0,3,0,800.0,fashion,"23, Church Street, Lucknow, 111497",90,22,0,1
ORD02471,0,2,1,720.0,fashion,"Flat 4B, Station Road, Opposite Petrol Pump, Ranchi, 634250",100,3,0,1
ORD02472,1,3,2,460.0,beauty,"23, Sector 12, Pune, 845615",90,21,0,0
ORD02473,1,2,2,490.0,accessories,"Door No. 5, Church Street, Opposite SBI Bank, Mirzapur, 473968",100,15,0,0
ORD02474,1,3,0,700.0,beauty,"Lake View Lane, Bhopal, 820858",63,22,1,0
ORD02475,0,2,1,2880.0,electronics,"Flat 4B, Park Street, Near City Hospital, Bhopal, 401032",100,10,0,0
ORD02476,1,3,0,800.0,electronics,"Plot No. 17, Station Road, Opposite SBI Bank, Patna, 255044",100,21,1,0
ORD02477,0,2,0,460.0,beauty,"Door No. 5, Church Street, Pune, 696315",90,23,1,1
ORD02478,1,1,0,400.0,beauty,"Model Colony, Kanpur, 510472",63,21,1,0
ORD02479,0,2,0,500.0,beauty,"23, Nehru Nagar, Near Water Tank, Guwahati, 737698",100,6,1,0
ORD02480,1,1,0,2460.0,fashion,"Plot No. 17, Gandhi Marg, Patna, 127686",90,23,1,1
ORD02481,0,2,0,520.0,accessories,"Plot No. 17, Church Street, Near Water Tank, Ranchi, 120152",100,14,1,0
ORD02482,1,2,1,1150.0,home,"Door No. 5, Model Colony, Opposite Petrol Pump, Patna",77,16,1,0
ORD02483,1,2,2,530.0,grocery,"H.No. 8, Sector 12, Opposite SBI Bank, Pune, 204217",100,14,1,0
ORD02484,0,1,0,780.0,fashion,"Plot No. 17, Church Street, Nagpur, 379763",90,9,1,0
ORD02485,0,1,0,1070.0,electronics,"Door No. 5, Model Colony, Mumbai",67,3,1,0
ORD02486,1,2,2,470.0,accessories,"Door No. 5, Lake View Lane, Near Water Tank, Jaipur, 687759",100,21,0,0
ORD02487,0,3,0,450.0,fashion,"23, Model Colony, Guwahati, 667898",90,16,0,0
ORD02488,1,2,3,1800.0,home,"Plot No. 17, Model Colony, Mirzapur, 691398",90,3,0,1
ORD02489,1,2,1,1200.0,electronics,"23, Nehru Nagar, Mumbai, 521027",90,21,0,0
ORD02490,0,2,0,1070.0,grocery,"Flat 4B, Station Road, Opposite Petrol Pump, Ranchi, 792678",100,22,0,0
ORD02491,0,2,0,1070.0,fashion,"23, MG Road, Bhopal",67,21,1,1
ORD02492,0,1,0,880.0,fashion,"23, Church Street, Opposite SBI Bank, Mumbai, 162957",100,10,0,0
ORD02493,1,2,0,2230.0,accessories,"Door No. 5, Model Colony, Kanpur, 831175",90,3,0,0
ORD02494,0,1,0,680.0,home,"23, Park Street, Indore, 193963",90,11,1,0
ORD02495,0,3,1,940.0,fashion,"Door No. 5, MG Road, Near Water Tank, Indore, 733098",100,22,1,1
ORD02496,0,1,0,280.0,fashion,"23, MG Road, Ranchi, 702627",90,9,1,1
ORD02497,1,2,0,410.0,accessories,"Station Road, Patna, 257164",63,13,1,0
ORD02498,1,1,1,320.0,fashion,"Door No. 5, Park Street, Opposite SBI Bank, Bhopal, 241333",100,17,0,0
ORD02499,1,1,0,1430.0,beauty,"Plot No. 17, Model Colony, Ranchi, 539583",90,5,0,0
ORD02500,0,3,0,200.0,electronics,"Sector 12, Mumbai, 585521",63,4,0,0
ORD02501,1,1,0,520.0,accessories,"Door No. 5, Sector 12, Bhopal, 337538",90,1,0,0
ORD02502,1,1,0,200.0,grocery,"Plot No. 17, Gandhi Marg, Near Govt School, Mirzapur",77,12,0,0
ORD02503,1,2,1,400.0,home,"23, MG Road, Near City Hospital, Jaipur",77,22,1,0
ORD02504,1,1,0,500.0,fashion,"H.No. 8, MG Road, Ranchi, 457751",90,13,1,0
ORD02505,0,1,2,1530.0,accessories,"Flat 4B, Model Colony, Bhopal",67,2,0,0
ORD02506,0,3,0,840.0,electronics,"Door No. 5, MG Road, Mirzapur, 346585",90,22,0,0
ORD02507,1,3,0,400.0,accessories,"Plot No. 17, Park Street, Mirzapur, 455549",90,10,0,1
ORD02508,0,3,0,1260.0,electronics,"23, Church Street, Guwahati, 191544",90,21,0,1
ORD02509,1,3,1,670.0,beauty,"23, MG Road, Jaipur, 138728",90,22,1,1
ORD02510,1,2,0,680.0,fashion,"23, Nehru Nagar, Near Govt School, Kanpur, 392489",100,3,0,0
ORD02511,0,1,0,320.0,beauty,"Lake View Lane, Opposite Petrol Pump, Indore, 376672",73,12,1,0
ORD02512,1,3,1,370.0,electronics,"H.No. 8, Nehru Nagar, Opposite SBI Bank, Mirzapur, 623912",100,7,1,0
ORD02513,0,3,0,410.0,electronics,"Plot No. 17, Station Road, Jaipur, 481906",90,7,0,0
ORD02514,0,3,0,680.0,fashion,"Ashok Vihar, Nagpur, 215425",63,22,1,0
ORD02515,1,2,1,700.0,fashion,"H.No. 8, Gandhi Marg, Near Govt School, Bhopal",77,12,0,0
ORD02516,1,1,0,1680.0,fashion,"H.No. 8, Gandhi Marg, Jaipur, 536539",90,22,0,0
ORD02517,0,3,1,840.0,electronics,"Lake View Lane, Near Water Tank, Patna, 755124",73,9,0,0
ORD02518,0,2,0,200.0,accessories,"Door No. 5, Gandhi Marg, Opposite SBI Bank, Ranchi",77,12,0,0
ORD02519,1,3,1,780.0,electronics,"Flat 4B, Ashok Vihar, Jaipur, 853411",90,12,0,0
ORD02520,1,1,1,280.0,beauty,"Flat 4B, Church Street, Mumbai",67,23,0,0
ORD02521,1,1,0,370.0,fashion,"H.No. 8, Lake View Lane, Indore, 707755",90,16,0,0
ORD02522,0,1,1,410.0,home,"Door No. 5, Ashok Vihar, Nagpur",67,5,0,0
ORD02523,0,3,3,450.0,electronics,"Flat 4B, Gandhi Marg, Opposite Petrol Pump, Mirzapur, 825121",100,1,1,1
ORD02524,0,1,0,290.0,accessories,"Church Street, Opposite SBI Bank, Indore, 537090",73,16,0,0
ORD02525,1,1,0,750.0,grocery,"Lake View Lane, Opposite Petrol Pump, Mumbai, 427263",73,11,1,0
ORD02526,0,3,2,290.0,electronics,"H.No. 8, Station Road, Indore, 643593",90,22,0,0
ORD02527,0,1,1,820.0,grocery,"H.No. 8, Lake View Lane, Near Govt School, Indore, 316328",100,5,1,0
ORD02528,1,3,0,2550.0,fashion,"Sector 12, Behind Central Mall, Guwahati, 438810",73,4,0,0
ORD02529,0,2,3,300.0,home,"23, Sector 12, Near City Hospital, Pune",77,4,0,0
ORD02530,1,3,0,560.0,fashion,"Model Colony, Opposite Petrol Pump, Mumbai, 313347",73,8,0,0
ORD02531,1,2,1,200.0,electronics,"Plot No. 17, Lake View Lane, Jaipur, 564916",90,21,0,0
ORD02532,1,3,2,560.0,fashion,"H.No. 8, Church Street, Mumbai, 338111",90,2,0,1
ORD02533,0,3,4,980.0,beauty,"Sector 12, Guwahati, 351884",63,22,1,1
ORD02534,0,1,0,1020.0,electronics,"Door No. 5, Park Street, Indore",67,19,1,0
ORD02535,1,1,1,700.0,grocery,"Door No. 5, Church Street, Opposite Petrol Pump, Bhopal",77,4,0,0
ORD02536,1,1,0,1130.0,home,"H.No. 8, Lake View Lane, Pune, 494615",90,6,0,0
ORD02537,1,2,0,3060.0,fashion,"Door No. 5, Model Colony, Patna, 592467",90,11,0,0
ORD02538,0,3,0,1860.0,beauty,"Door No. 5, Ashok Vihar, Guwahati, 255585",90,6,1,0
ORD02539,1,2,1,490.0,grocery,"Plot No. 17, MG Road, Behind Central Mall, Nagpur, 155433",100,9,0,0
ORD02540,1,2,0,280.0,accessories,"H.No. 8, Church Street, Pune, 725559",90,7,0,0
ORD02541,1,1,0,520.0,home,"Station Road, Kanpur",40,16,0,0
ORD02542,1,3,1,380.0,grocery,"23, Station Road, Pune",67,4,0,1
ORD02543,1,3,1,870.0,grocery,"23, Park Street, Indore",67,14,0,0
ORD02544,1,1,2,330.0,fashion,"H.No. 8, Ashok Vihar, Opposite SBI Bank, Bhopal, 619063",100,8,0,0
ORD02545,0,2,3,640.0,fashion,"Door No. 5, Gandhi Marg, Guwahati, 496413",90,22,0,1
ORD02546,0,1,0,1100.0,fashion,"Gandhi Marg, Pune, 783091",63,10,0,0
ORD02547,0,2,4,630.0,electronics,"Plot No. 17, Nehru Nagar, Near Govt School, Lucknow",77,12,1,1
ORD02548,0,2,2,380.0,electronics,"Flat 4B, Model Colony, Guwahati, 280725",90,17,1,0
ORD02549,0,1,0,1350.0,accessories,"Flat 4B, Nehru Nagar, Near City Hospital, Patna, 179100",100,16,0,1
ORD02550,0,2,0,220.0,electronics,"H.No. 8, Lake View Lane, Opposite Petrol Pump, Nagpur, 819526",100,23,0,0
ORD02551,0,2,0,550.0,beauty,"H.No. 8, Lake View Lane, Opposite SBI Bank, Jaipur, 429760",100,8,0,0
ORD02552,0,2,0,650.0,beauty,"Model Colony, Pune, 149310",63,9,0,0
ORD02553,1,2,1,670.0,fashion,"23, Ashok Vihar, Mumbai, 628484",90,4,0,0
ORD02554,1,1,1,740.0,fashion,"Door No. 5, Lake View Lane, Nagpur",67,10,0,0
ORD02555,0,3,1,960.0,home,"Ashok Vihar, Guwahati, 524556",63,21,0,1
ORD02556,1,2,0,650.0,beauty,"Flat 4B, MG Road, Ranchi",67,14,0,0
ORD02557,0,2,0,530.0,accessories,"Lake View Lane, Mumbai, 556713",63,1,0,1
ORD02558,0,1,2,520.0,electronics,"H.No. 8, Gandhi Marg, Kanpur, 610267",90,20,0,0
ORD02559,0,3,0,460.0,accessories,"23, Sector 12, Pune, 715528",90,19,1,0
ORD02560,0,3,4,1070.0,electronics,"Plot No. 17, Church Street, Opposite Petrol Pump, Lucknow",77,23,1,1
ORD02561,1,1,0,450.0,beauty,"Plot No. 17, Sector 12, Near Govt School, Jaipur, 792485",100,23,1,0
ORD02562,1,2,4,1110.0,home,"H.No. 8, Ashok Vihar, Pune, 495083",90,13,1,0
ORD02563,0,1,0,670.0,fashion,"Flat 4B, MG Road, Opposite SBI Bank, Bhopal, 791730",100,4,0,1
ORD02564,0,2,0,490.0,fashion,"Door No. 5, Nehru Nagar, Near Water Tank, Kanpur, 206270",100,23,1,0
ORD02565,0,1,0,960.0,fashion,"Door No. 5, Park Street, Pune",67,5,0,0
ORD02566,0,2,1,430.0,electronics,"H.No. 8, Nehru Nagar, Lucknow, 697309",90,21,0,1
ORD02567,0,2,2,980.0,beauty,"Park Street, Bhopal",40,14,0,1
ORD02568,0,2,0,760.0,fashion,"H.No. 8, Nehru Nagar, Near City Hospital, Mirzapur, 538440",100,3,0,1
ORD02569,1,2,3,470.0,beauty,"Gandhi Marg, Lucknow",40,9,1,0
ORD02570,1,2,1,910.0,fashion,"23, Model Colony, Near City Hospital, Guwahati",77,18,1,0
ORD02571,0,2,1,920.0,grocery,"H.No. 8, Model Colony, Near City Hospital, Guwahati, 412935",100,8,0,0
ORD02572,1,1,2,1330.0,grocery,"Door No. 5, Gandhi Marg, Behind Central Mall, Mirzapur",77,20,0,0
ORD02573,0,1,0,1190.0,grocery,"H.No. 8, Lake View Lane, Lucknow, 429698",90,9,1,0
ORD02574,0,3,0,890.0,home,"Door No. 5, Nehru Nagar, Kanpur, 191931",90,3,0,0
ORD02575,0,1,3,340.0,fashion,"Nehru Nagar, Jaipur, 303305",63,21,0,1
ORD02576,1,2,3,2890.0,grocery,"Plot No. 17, Station Road, Kanpur, 636012",90,3,0,0
ORD02577,1,3,4,290.0,fashion,"Flat 4B, Nehru Nagar, Opposite Petrol Pump, Lucknow, 223344",100,5,1,0
ORD02578,1,1,3,1180.0,fashion,"Door No. 5, Model Colony, Opposite Petrol Pump, Guwahati",77,7,0,0
ORD02579,0,2,0,860.0,fashion,"Plot No. 17, Station Road, Opposite Petrol Pump, Lucknow, 226298",100,15,1,0
ORD02580,1,2,2,330.0,beauty,"Flat 4B, Sector 12, Patna, 399140",90,7,1,0
ORD02581,0,3,0,620.0,beauty,"H.No. 8, Park Street, Ranchi",67,15,0,1
ORD02582,1,3,5,630.0,beauty,"23, Nehru Nagar, Near City Hospital, Indore, 204545",100,5,0,0
ORD02583,0,2,0,1460.0,electronics,"Flat 4B, Church Street, Opposite Petrol Pump, Mumbai, 759086",100,16,0,1
ORD02584,0,1,1,430.0,fashion,"Flat 4B, Lake View Lane, Guwahati, 765917",90,0,0,0
ORD02585,1,2,0,570.0,accessories,"23, Church Street, Near City Hospital, Lucknow",77,18,0,0
ORD02586,1,2,0,200.0,home,"Door No. 5, Station Road, Indore, 835885",90,17,0,0
ORD02587,0,2,0,1880.0,electronics,"23, Lake View Lane, Mirzapur, 402914",90,16,0,0
ORD02588,1,1,3,350.0,home,"Flat 4B, Lake View Lane, Near City Hospital, Kanpur",77,16,0,0
ORD02589,0,1,2,810.0,fashion,"Door No. 5, Gandhi Marg, Near Govt School, Mirzapur, 175527",100,11,0,1
ORD02590,1,3,0,630.0,fashion,"Gandhi Marg, Lucknow, 475263",63,11,0,0
ORD02591,1,2,2,630.0,electronics,"H.No. 8, Park Street, Near City Hospital, Bhopal, 146820",100,5,0,0
ORD02592,1,2,1,1080.0,fashion,"Station Road, Behind Central Mall, Kanpur, 715680",73,6,1,0
ORD02593,1,2,0,1810.0,fashion,"H.No. 8, Church Street, Ranchi, 638697",90,7,0,0
ORD02594,0,3,0,770.0,accessories,"Flat 4B, Station Road, Behind Central Mall, Lucknow, 586404",100,2,0,0
ORD02595,0,2,2,990.0,home,"Church Street, Lucknow",40,16,0,0
ORD02596,1,1,1,810.0,electronics,"Nehru Nagar, Patna, 514436",63,20,1,0
ORD02597,0,1,0,1220.0,beauty,"H.No. 8, Station Road, Near Water Tank, Ranchi, 783387",100,7,0,0
ORD02598,0,1,1,500.0,accessories,"Door No. 5, Nehru Nagar, Ranchi, 563333",90,10,1,1
ORD02599,0,3,0,1270.0,fashion,"Plot No. 17, Park Street, Guwahati, 600204",90,19,1,0
ORD02600,0,2,0,1300.0,grocery,"Door No. 5, MG Road, Kanpur, 489495",90,17,0,0
ORD02601,1,2,0,1270.0,home,"Door No. 5, Ashok Vihar, Opposite SBI Bank, Nagpur, 594990",100,15,0,0
ORD02602,0,2,0,450.0,fashion,"H.No. 8, Park Street, Ranchi, 814035",90,12,0,0
ORD02603,1,2,1,600.0,fashion,"Flat 4B, Model Colony, Pune, 190824",90,8,0,0
ORD02604,0,3,3,770.0,electronics,"Plot No. 17, Park Street, Opposite Petrol Pump, Ranchi, 193238",100,18,0,1
ORD02605,0,2,0,290.0,beauty,"H.No. 8, Park Street, Indore, 331334",90,6,0,0
ORD02606,0,1,0,1730.0,fashion,"Door No. 5, Ashok Vihar, Mirzapur, 330470",90,16,1,0
ORD02607,0,1,1,660.0,home,"Model Colony, Lucknow, 691324",63,7,0,0
ORD02608,0,2,3,790.0,beauty,"23, Church Street, Jaipur, 581784",90,7,0,0
ORD02609,1,3,1,470.0,electronics,"23, Park Street, Behind Central Mall, Indore, 500022",100,2,0,0
ORD02610,0,2,2,300.0,accessories,"Door No. 5, Sector 12, Mumbai",67,15,0,1
ORD02611,1,3,0,460.0,accessories,"23, Nehru Nagar, Nagpur, 133562",90,11,1,0
ORD02612,0,3,2,760.0,electronics,"Church Street, Mumbai",40,14,0,1
ORD02613,0,1,0,1000.0,accessories,"Door No. 5, Station Road, Near Govt School, Indore, 566324",100,20,1,0
ORD02614,1,1,0,730.0,fashion,"23, Ashok Vihar, Nagpur, 501401",90,3,0,0
ORD02615,0,1,0,820.0,fashion,"Flat 4B, Nehru Nagar, Kanpur, 280600",90,22,1,0
ORD02616,0,2,0,540.0,electronics,"Flat 4B, Gandhi Marg, Near Water Tank, Mirzapur",77,6,0,0
ORD02617,0,1,3,900.0,beauty,"Plot No. 17, Sector 12, Mumbai",67,10,1,0
ORD02618,0,2,3,1620.0,beauty,"Flat 4B, Nehru Nagar, Bhopal, 258909",90,23,1,0
ORD02619,1,2,0,1020.0,electronics,"23, Nehru Nagar, Opposite Petrol Pump, Ranchi, 653456",100,4,1,0
ORD02620,0,2,0,1080.0,fashion,"Plot No. 17, Station Road, Near City Hospital, Mirzapur, 245366",100,12,0,0
ORD02621,1,1,0,790.0,fashion,"Flat 4B, Nehru Nagar, Indore, 447337",90,10,0,0
ORD02622,1,2,0,270.0,accessories,"Flat 4B, Park Street, Near Water Tank, Jaipur, 572793",100,4,0,0
ORD02623,0,2,1,360.0,accessories,"23, Park Street, Near Water Tank, Mumbai, 603274",100,7,1,0
ORD02624,1,2,3,870.0,beauty,"Plot No. 17, Gandhi Marg, Near City Hospital, Mirzapur",77,20,0,0
ORD02625,0,3,4,660.0,beauty,"H.No. 8, Nehru Nagar, Mirzapur, 590895",90,16,1,0
ORD02626,1,1,1,870.0,home,"Flat 4B, Church Street, Opposite SBI Bank, Guwahati, 396437",100,10,0,0
ORD02627,0,3,2,1820.0,fashion,"23, MG Road, Near City Hospital, Guwahati, 804683",100,18,0,0
ORD02628,1,2,0,1030.0,electronics,"H.No. 8, Ashok Vihar, Bhopal, 230920",90,17,0,0
ORD02629,0,2,0,1420.0,beauty,"Park Street, Behind Central Mall, Pune, 802529",73,9,0,0
ORD02630,0,2,0,700.0,home,"Plot No. 17, Sector 12, Nagpur, 150113",90,4,0,0
ORD02631,1,2,1,410.0,fashion,"Door No. 5, Model Colony, Near Water Tank, Kanpur, 567435",100,23,0,0
ORD02632,1,1,1,640.0,accessories,"H.No. 8, Station Road, Behind Central Mall, Ranchi, 115243",100,0,0,0
ORD02633,0,2,0,410.0,grocery,"Plot No. 17, Church Street, Nagpur, 201694",90,16,1,0
ORD02634,0,2,0,1690.0,fashion,"23, Nehru Nagar, Ranchi, 780277",90,16,0,0
ORD02635,1,2,0,1070.0,beauty,"Flat 4B, MG Road, Mirzapur, 218251",90,0,1,0
ORD02636,1,2,4,910.0,accessories,"Church Street, Mumbai, 363864",63,0,0,0
ORD02637,1,3,0,1400.0,fashion,"Door No. 5, Ashok Vihar, Pune",67,22,1,0
ORD02638,1,2,2,200.0,home,"Plot No. 17, Nehru Nagar, Lucknow, 451909",90,21,0,0
ORD02639,1,1,2,950.0,electronics,"Plot No. 17, Ashok Vihar, Opposite SBI Bank, Indore, 662357",100,8,0,1
ORD02640,1,2,0,300.0,electronics,"H.No. 8, Ashok Vihar, Near City Hospital, Kanpur, 351836",100,3,0,0
ORD02641,0,3,1,660.0,grocery,"Plot No. 17, Sector 12, Bhopal",67,8,0,0
ORD02642,0,3,3,550.0,electronics,"Door No. 5, Ashok Vihar, Near City Hospital, Pune",77,13,0,1
ORD02643,1,2,0,990.0,fashion,"H.No. 8, Park Street, Near Water Tank, Jaipur, 698982",100,14,1,0
ORD02644,1,3,4,760.0,fashion,"Flat 4B, Lake View Lane, Kanpur, 502894",90,15,1,0
ORD02645,0,1,0,1490.0,fashion,"Gandhi Marg, Mumbai, 811944",63,15,0,1
ORD02646,0,2,0,460.0,electronics,"Flat 4B, Church Street, Mumbai, 339185",90,12,1,0
ORD02647,1,3,3,1020.0,beauty,"H.No. 8, Ashok Vihar, Patna, 355922",90,13,0,0
ORD02648,0,3,2,730.0,fashion,"H.No. 8, MG Road, Near Govt School, Bhopal, 252483",100,21,0,0
ORD02649,0,2,5,250.0,beauty,"23, Nehru Nagar, Patna, 206909",90,20,0,1
ORD02650,0,3,1,380.0,beauty,"23, MG Road, Opposite Petrol Pump, Lucknow, 667116",100,8,1,0
ORD02651,0,1,3,610.0,fashion,"Sector 12, Opposite Petrol Pump, Kanpur, 400930",73,22,0,1
ORD02652,0,3,2,1300.0,beauty,"Flat 4B, Park Street, Guwahati",67,8,1,0
ORD02653,0,2,2,880.0,beauty,"Flat 4B, Station Road, Bhopal, 175115",90,20,0,1
ORD02654,0,1,1,330.0,electronics,"Station Road, Opposite SBI Bank, Ranchi, 315974",73,3,1,0
ORD02655,1,1,0,610.0,electronics,"Station Road, Near Govt School, Pune, 556174",73,9,1,0
ORD02656,0,2,3,2230.0,beauty,"Park Street, Patna, 733488",63,2,1,1
ORD02657,1,1,0,710.0,accessories,"Door No. 5, Model Colony, Opposite Petrol Pump, Kanpur",77,20,0,0
ORD02658,1,2,0,550.0,electronics,"H.No. 8, Sector 12, Opposite SBI Bank, Guwahati, 543534",100,8,0,0
ORD02659,0,1,0,890.0,electronics,"23, Gandhi Marg, Pune, 313487",90,18,0,0
ORD02660,1,1,1,1050.0,electronics,"Door No. 5, Gandhi Marg, Bhopal",67,15,0,0
ORD02661,0,2,0,510.0,fashion,"Door No. 5, Church Street, Mirzapur, 553633",90,15,1,1
ORD02662,1,2,0,900.0,home,"23, Nehru Nagar, Jaipur, 815488",90,16,0,0
ORD02663,0,2,3,550.0,electronics,"H.No. 8, MG Road, Opposite Petrol Pump, Ranchi",77,17,0,0
ORD02664,1,2,0,1020.0,fashion,"Door No. 5, Ashok Vihar, Jaipur, 430515",90,9,0,0
ORD02665,1,3,1,740.0,electronics,"Door No. 5, Church Street, Indore, 547576",90,20,0,0
ORD02666,0,3,0,890.0,fashion,"Flat 4B, MG Road, Ranchi",67,18,1,0
ORD02667,0,2,0,420.0,electronics,"H.No. 8, Park Street, Lucknow, 322941",90,21,0,0
ORD02668,1,2,0,410.0,fashion,"Door No. 5, Nehru Nagar, Pune",67,14,1,0
ORD02669,1,1,1,1170.0,fashion,"Door No. 5, Station Road, Opposite Petrol Pump, Lucknow, 447054",100,14,0,0
ORD02670,0,1,0,630.0,grocery,"23, Lake View Lane, Pune, 405324",90,10,0,0
ORD02671,1,2,3,790.0,accessories,"Flat 4B, Sector 12, Pune, 322780",90,7,0,0
ORD02672,0,3,0,550.0,fashion,"H.No. 8, Lake View Lane, Pune, 185137",90,21,0,0
ORD02673,1,1,0,1140.0,home,"Door No. 5, Lake View Lane, Jaipur",67,15,0,0
ORD02674,0,1,0,460.0,fashion,"Door No. 5, Church Street, Mirzapur, 159147",90,9,1,0
ORD02675,1,1,0,610.0,electronics,"23, Lake View Lane, Opposite Petrol Pump, Pune, 120946",100,8,0,0
ORD02676,0,3,2,1070.0,electronics,"Ashok Vihar, Near Govt School, Guwahati, 307659",73,14,0,1
ORD02677,0,2,3,1340.0,fashion,"Sector 12, Near City Hospital, Ranchi, 733818",73,21,1,0
ORD02678,0,1,1,490.0,beauty,"23, Park Street, Bhopal, 406186",90,4,0,1
ORD02679,0,2,0,2160.0,fashion,"Church Street, Near Govt School, Mirzapur",50,19,1,0
ORD02680,0,2,0,800.0,fashion,"Flat 4B, Lake View Lane, Opposite Petrol Pump, Jaipur",77,1,0,1
ORD02681,0,2,0,360.0,grocery,"Door No. 5, Nehru Nagar, Near Govt School, Ranchi",77,21,0,0
ORD02682,1,1,4,830.0,beauty,"23, Nehru Nagar, Mumbai, 633246",90,15,0,0
ORD02683,0,3,0,530.0,electronics,"Plot No. 17, Model Colony, Guwahati",67,17,0,0
ORD02684,0,2,1,860.0,electronics,"23, MG Road, Near Govt School, Lucknow, 143157",100,15,0,0
ORD02685,0,2,0,650.0,electronics,"H.No. 8, Model Colony, Opposite Petrol Pump, Kanpur, 722011",100,4,0,1
ORD02686,0,1,0,700.0,electronics,"H.No. 8, Park Street, Behind Central Mall, Mirzapur, 786324",100,0,1,0
ORD02687,0,2,0,380.0,electronics,"Door No. 5, Lake View Lane, Kanpur",67,18,0,1
ORD02688,0,2,0,1200.0,electronics,"Door No. 5, Station Road, Pune, 212885",90,9,0,0
ORD02689,0,2,2,330.0,home,"Plot No. 17, MG Road, Opposite SBI Bank, Nagpur, 322181",100,20,0,1
ORD02690,0,1,0,340.0,beauty,"Church Street, Patna, 722435",63,12,0,0
ORD02691,0,3,1,830.0,beauty,"Door No. 5, Ashok Vihar, Opposite SBI Bank, Patna, 222962",100,22,0,1
ORD02692,1,1,0,1740.0,electronics,"Flat 4B, Sector 12, Bhopal",67,23,0,0
ORD02693,0,2,4,540.0,electronics,"H.No. 8, Lake View Lane, Behind Central Mall, Kanpur",77,22,1,1
ORD02694,0,3,0,1010.0,electronics,"H.No. 8, Nehru Nagar, Jaipur, 406687",90,22,0,0
ORD02695,1,2,3,1270.0,home,"Door No. 5, Ashok Vihar, Guwahati, 469229",90,10,0,0
ORD02696,0,2,2,1080.0,electronics,"Plot No. 17, Nehru Nagar, Lucknow, 431518",90,14,0,0
ORD02697,1,2,4,550.0,accessories,"Nehru Nagar, Opposite Petrol Pump, Bhopal, 183931",73,1,0,0
ORD02698,0,2,0,350.0,beauty,"Flat 4B, Park Street, Mumbai",67,5,0,1
ORD02699,1,3,1,200.0,accessories,"Door No. 5, Lake View Lane, Near Govt School, Jaipur, 696001",100,20,0,0
ORD02700,1,1,0,570.0,beauty,"H.No. 8, Park Street, Indore, 210944",90,10,0,0
ORD02701,0,2,0,1350.0,accessories,"Plot No. 17, Model Colony, Near Govt School, Indore, 755794",100,14,0,0
ORD02702,1,2,0,340.0,beauty,"MG Road, Jaipur",40,8,1,0
ORD02703,0,2,0,1010.0,accessories,"Sector 12, Pune, 287607",63,11,0,1
ORD02704,0,2,5,380.0,fashion,"Plot No. 17, Station Road, Opposite SBI Bank, Indore, 114899",100,3,1,1
ORD02705,1,2,0,710.0,fashion,"Plot No. 17, Gandhi Marg, Opposite SBI Bank, Indore",77,22,0,0
ORD02706,1,3,1,1020.0,home,"MG Road, Near City Hospital, Bhopal, 697669",73,23,1,0
ORD02707,0,3,1,450.0,accessories,"Flat 4B, Church Street, Nagpur, 571937",90,13,1,1
ORD02708,0,2,0,740.0,electronics,"Door No. 5, MG Road, Opposite SBI Bank, Kanpur, 148963",100,21,1,1
ORD02709,0,2,1,520.0,fashion,"Sector 12, Near Govt School, Mirzapur, 114958",73,2,0,1
ORD02710,0,3,0,1020.0,home,"Plot No. 17, Ashok Vihar, Near City Hospital, Kanpur, 404729",100,20,0,0
ORD02711,1,1,1,770.0,beauty,"Door No. 5, Model Colony, Behind Central Mall, Bhopal, 721193",100,16,0,0
ORD02712,0,1,0,690.0,electronics,"23, Gandhi Marg, Behind Central Mall, Lucknow, 491430",100,12,0,0
ORD02713,0,2,4,1690.0,beauty,"23, Nehru Nagar, Guwahati, 768170",90,7,0,0
ORD02714,0,3,2,990.0,accessories,"23, Church Street, Patna, 710328",90,11,0,0
ORD02715,0,3,4,440.0,accessories,"H.No. 8, Ashok Vihar, Behind Central Mall, Mirzapur, 331008",100,11,0,1
ORD02716,0,2,0,630.0,fashion,"Station Road, Near Govt School, Mumbai",50,11,0,0
ORD02717,1,1,0,640.0,electronics,"Flat 4B, Sector 12, Behind Central Mall, Indore",77,1,0,0
ORD02718,1,2,0,700.0,electronics,"H.No. 8, Gandhi Marg, Lucknow, 338597",90,9,0,0
ORD02719,1,1,0,3030.0,electronics,"H.No. 8, Lake View Lane, Opposite Petrol Pump, Patna",77,22,0,0
ORD02720,0,1,0,830.0,fashion,"23, Gandhi Marg, Near City Hospital, Lucknow, 331282",100,8,0,1
ORD02721,1,3,1,200.0,grocery,"23, Ashok Vihar, Nagpur, 616259",90,0,1,0
ORD02722,1,1,0,480.0,electronics,"Door No. 5, Church Street, Kanpur, 672592",90,3,0,0
ORD02723,1,3,0,210.0,accessories,"23, Nehru Nagar, Behind Central Mall, Mumbai, 819149",100,22,1,0
ORD02724,0,2,3,550.0,accessories,"23, Nehru Nagar, Kanpur, 710989",90,13,0,1
ORD02725,0,2,1,200.0,fashion,"23, Park Street, Indore",67,15,1,1
ORD02726,0,1,0,390.0,accessories,"23, Lake View Lane, Kanpur",67,17,0,1
ORD02727,0,2,0,270.0,beauty,"Plot No. 17, MG Road, Guwahati, 491184",90,1,1,0
ORD02728,0,1,0,840.0,home,"23, Model Colony, Lucknow, 602056",90,5,0,0
ORD02729,0,3,0,670.0,electronics,"H.No. 8, Model Colony, Behind Central Mall, Bhopal",77,2,1,0
ORD02730,0,3,1,800.0,home,"23, Nehru Nagar, Pune, 664139",90,19,0,0
ORD02731,1,2,0,620.0,electronics,"H.No. 8, Model Colony, Opposite SBI Bank, Kanpur, 342142",100,18,0,0
ORD02732,0,1,2,290.0,beauty,"Model Colony, Mirzapur, 422285",63,12,0,0
ORD02733,0,3,2,910.0,fashion,"Plot No. 17, Sector 12, Behind Central Mall, Kanpur",77,16,0,0
ORD02734,1,2,1,2110.0,beauty,"Plot No. 17, Lake View Lane, Bhopal",67,13,0,0
ORD02735,1,1,0,850.0,fashion,"23, Model Colony, Behind Central Mall, Jaipur, 795428",100,21,1,0
ORD02736,1,2,0,520.0,fashion,"H.No. 8, Station Road, Ranchi, 222021",90,10,0,0
ORD02737,1,3,2,280.0,home,"Flat 4B, Church Street, Nagpur, 739353",90,15,0,0
ORD02738,0,1,0,390.0,home,"Model Colony, Pune, 432743",63,10,0,0
ORD02739,1,1,0,870.0,electronics,"23, Park Street, Behind Central Mall, Ranchi",77,17,0,0
ORD02740,0,3,0,1270.0,fashion,"23, Lake View Lane, Nagpur, 526872",90,1,0,0
ORD02741,0,1,0,780.0,accessories,"Door No. 5, Lake View Lane, Near City Hospital, Ranchi, 536808",100,22,1,0
ORD02742,0,1,2,1070.0,beauty,"Flat 4B, Model Colony, Patna, 544262",90,20,0,1
ORD02743,0,2,0,1020.0,fashion,"Flat 4B, Sector 12, Guwahati",67,7,0,0
ORD02744,0,3,0,900.0,home,"H.No. 8, Nehru Nagar, Pune, 132880",90,13,0,0
ORD02745,1,2,0,450.0,electronics,"H.No. 8, Gandhi Marg, Opposite SBI Bank, Mumbai, 621724",100,1,0,0
ORD02746,1,3,1,740.0,fashion,"Door No. 5, Nehru Nagar, Pune, 801729",90,12,0,1
ORD02747,1,2,3,400.0,beauty,"Flat 4B, Sector 12, Mirzapur, 437575",90,9,0,0
ORD02748,0,1,2,670.0,grocery,"Nehru Nagar, Near Water Tank, Patna, 121312",73,7,0,0
ORD02749,1,3,0,810.0,beauty,"H.No. 8, Sector 12, Mumbai",67,6,1,0
ORD02750,1,2,0,1820.0,fashion,"Plot No. 17, Lake View Lane, Near Water Tank, Bhopal, 468458",100,12,0,0
ORD02751,0,1,0,300.0,accessories,"23, Ashok Vihar, Mumbai, 149314",90,23,1,0
ORD02752,1,2,1,890.0,electronics,"Door No. 5, Park Street, Behind Central Mall, Ranchi, 236300",100,18,0,0
ORD02753,0,2,1,1620.0,accessories,"Door No. 5, Station Road, Near Govt School, Guwahati, 244170",100,23,0,0
ORD02754,0,1,1,1050.0,fashion,"Door No. 5, Ashok Vihar, Bhopal, 813355",90,14,0,1
ORD02755,1,1,0,1100.0,electronics,"Door No. 5, Station Road, Bhopal, 848553",90,21,0,0
ORD02756,0,2,1,950.0,home,"Park Street, Near Water Tank, Guwahati, 442219",73,1,0,0
ORD02757,0,3,0,1450.0,fashion,"Flat 4B, Model Colony, Behind Central Mall, Nagpur, 336784",100,21,0,0
ORD02758,1,2,2,350.0,grocery,"Plot No. 17, Model Colony, Nagpur, 363444",90,4,1,0
ORD02759,1,3,0,290.0,beauty,"23, Model Colony, Near City Hospital, Jaipur, 840112",100,18,0,0
ORD02760,0,1,1,660.0,fashion,"Plot No. 17, Lake View Lane, Bhopal",67,0,1,1
ORD02761,0,1,0,200.0,beauty,"Plot No. 17, MG Road, Opposite Petrol Pump, Pune",77,6,0,0
ORD02762,0,1,0,1390.0,electronics,"H.No. 8, Station Road, Near Water Tank, Lucknow, 291228",100,17,0,1
ORD02763,1,1,1,1380.0,fashion,"Door No. 5, Model Colony, Opposite Petrol Pump, Nagpur, 396211",100,0,0,0
ORD02764,0,1,0,510.0,accessories,"23, Church Street, Near Govt School, Guwahati, 138775",100,0,0,0
ORD02765,0,3,2,530.0,accessories,"23, Station Road, Opposite SBI Bank, Indore, 391423",100,6,0,0
ORD02766,1,3,1,640.0,fashion,"H.No. 8, Nehru Nagar, Guwahati, 415394",90,16,0,0
ORD02767,0,3,1,690.0,home,"Church Street, Near Govt School, Ranchi, 116572",73,5,0,0
ORD02768,0,1,0,720.0,electronics,"23, Sector 12, Bhopal, 815186",90,19,0,0
ORD02769,0,3,0,930.0,grocery,"Door No. 5, Nehru Nagar, Nagpur",67,11,0,1
ORD02770,1,2,1,600.0,accessories,"Church Street, Jaipur, 367894",63,19,0,1
ORD02771,0,1,0,1170.0,electronics,"Door No. 5, Station Road, Near City Hospital, Kanpur, 361825",100,14,1,1
ORD02772,0,3,1,870.0,grocery,"Sector 12, Near Water Tank, Pune, 459811",73,12,0,0
ORD02773,1,2,0,460.0,electronics,"Flat 4B, Station Road, Nagpur, 653054",90,11,1,0
ORD02774,0,1,0,1480.0,electronics,"23, Station Road, Mirzapur",67,20,0,0
ORD02775,0,2,0,290.0,accessories,"Plot No. 17, Model Colony, Patna, 225760",90,1,0,1
ORD02776,0,1,0,630.0,home,"H.No. 8, Lake View Lane, Ranchi",67,20,0,0
ORD02777,0,2,0,1190.0,electronics,"23, Model Colony, Opposite SBI Bank, Ranchi, 564915",100,17,0,0
ORD02778,0,2,1,430.0,beauty,"Door No. 5, Ashok Vihar, Opposite SBI Bank, Mumbai, 659778",100,3,1,0
ORD02779,0,3,2,800.0,fashion,"Plot No. 17, Sector 12, Near Water Tank, Kanpur",77,9,0,0
ORD02780,0,1,0,920.0,electronics,"Plot No. 17, Ashok Vihar, Ranchi",67,10,0,1
ORD02781,0,2,4,400.0,accessories,"H.No. 8, Sector 12, Near Water Tank, Kanpur",77,20,0,1
ORD02782,1,2,0,640.0,beauty,"Plot No. 17, Church Street, Mirzapur, 818930",90,5,0,0
ORD02783,1,2,3,610.0,grocery,"Flat 4B, Church Street, Behind Central Mall, Bhopal",77,5,1,0
ORD02784,1,2,1,480.0,fashion,"Flat 4B, Station Road, Behind Central Mall, Guwahati",77,8,1,0
ORD02785,1,2,1,2650.0,home,"Plot No. 17, Sector 12, Near Water Tank, Guwahati, 327814",100,19,0,0
ORD02786,0,3,0,420.0,accessories,"23, Ashok Vihar, Near Govt School, Lucknow, 170714",100,12,0,0
ORD02787,1,3,0,1220.0,electronics,"Sector 12, Bhopal, 276257",63,4,1,0
ORD02788,0,3,0,530.0,fashion,"23, Station Road, Near City Hospital, Bhopal, 814656",100,5,0,0
ORD02789,1,3,1,350.0,home,"Flat 4B, Lake View Lane, Kanpur, 315045",90,3,1,0
ORD02790,1,2,0,710.0,electronics,"Door No. 5, Gandhi Marg, Indore, 161964",90,5,0,0
ORD02791,1,3,2,980.0,fashion,"Plot No. 17, Station Road, Nagpur, 414838",90,17,0,0
ORD02792,1,2,0,1160.0,accessories,"Plot No. 17, Church Street, Bhopal",67,12,1,0
ORD02793,1,2,2,1700.0,accessories,"Flat 4B, Church Street, Opposite SBI Bank, Mirzapur, 701100",100,22,0,0
ORD02794,0,2,0,3890.0,home,"Plot No. 17, Lake View Lane, Nagpur, 406360",90,2,0,1
ORD02795,0,2,0,770.0,grocery,"Door No. 5, Gandhi Marg, Lucknow, 265659",90,9,0,0
ORD02796,1,1,0,450.0,accessories,"Door No. 5, Nehru Nagar, Nagpur, 448178",90,3,0,0
ORD02797,0,3,0,870.0,beauty,"Door No. 5, Lake View Lane, Opposite Petrol Pump, Mirzapur, 227871",100,14,0,0
ORD02798,1,2,0,570.0,fashion,"Flat 4B, Ashok Vihar, Near City Hospital, Pune, 563208",100,11,0,0
ORD02799,1,1,2,1160.0,fashion,"Door No. 5, Model Colony, Pune, 810358",90,14,0,0
ORD02800,0,2,0,310.0,fashion,"Flat 4B, Ashok Vihar, Near City Hospital, Jaipur, 494309",100,20,0,1
ORD02801,1,1,0,2750.0,fashion,"Gandhi Marg, Near City Hospital, Indore, 453465",73,9,0,0
ORD02802,1,1,2,1110.0,electronics,"23, Station Road, Guwahati, 714361",90,11,1,1
ORD02803,1,1,0,240.0,electronics,"Flat 4B, Lake View Lane, Near Govt School, Indore, 315019",100,21,1,0
ORD02804,1,2,4,430.0,fashion,"Model Colony, Ranchi, 554000",63,7,0,0
ORD02805,0,2,5,1090.0,fashion,"Station Road, Patna",40,20,0,1
ORD02806,1,3,0,1350.0,home,"23, Station Road, Near Water Tank, Guwahati, 273001",100,20,0,0
ORD02807,1,2,0,310.0,fashion,"Plot No. 17, MG Road, Jaipur, 277024",90,2,1,0
ORD02808,0,2,0,1020.0,grocery,"Door No. 5, MG Road, Bhopal, 659296",90,6,0,0
ORD02809,0,2,2,210.0,fashion,"23, Nehru Nagar, Near Water Tank, Indore, 665451",100,17,1,1
ORD02810,1,2,1,630.0,grocery,"Plot No. 17, Model Colony, Behind Central Mall, Mumbai, 662570",100,2,0,0
ORD02811,0,3,1,1300.0,accessories,"Flat 4B, Nehru Nagar, Patna, 217835",90,14,0,0
ORD02812,1,1,2,480.0,beauty,"Plot No. 17, Model Colony, Near Govt School, Patna",77,1,0,0
ORD02813,1,1,0,270.0,beauty,"H.No. 8, Gandhi Marg, Kanpur, 790713",90,14,0,0
ORD02814,0,3,2,730.0,accessories,"Sector 12, Lucknow",40,12,0,1
ORD02815,1,2,1,460.0,fashion,"Door No. 5, Church Street, Behind Central Mall, Patna, 543352",100,23,0,0
ORD02816,1,1,1,970.0,accessories,"H.No. 8, Station Road, Opposite Petrol Pump, Bhopal, 488956",100,19,0,0
ORD02817,0,1,3,390.0,grocery,"Flat 4B, Church Street, Mumbai, 525315",90,9,0,0
ORD02818,0,3,1,420.0,beauty,"Flat 4B, Station Road, Behind Central Mall, Pune, 544018",100,23,0,1
ORD02819,0,3,0,200.0,electronics,"23, Gandhi Marg, Near City Hospital, Indore",77,23,0,0
ORD02820,0,2,0,740.0,home,"MG Road, Opposite Petrol Pump, Bhopal, 676694",73,23,1,1
ORD02821,1,2,0,600.0,beauty,"Plot No. 17, MG Road, Indore",67,23,0,0
ORD02822,0,2,0,330.0,beauty,"Plot No. 17, Church Street, Opposite Petrol Pump, Mumbai, 387777",100,7,1,0
ORD02823,1,3,4,750.0,beauty,"H.No. 8, Station Road, Near Govt School, Indore, 746825",100,15,0,0
ORD02824,0,3,0,1230.0,fashion,"Door No. 5, Station Road, Behind Central Mall, Nagpur, 364553",100,15,0,0
ORD02825,0,1,1,580.0,electronics,"Plot No. 17, Church Street, Behind Central Mall, Mumbai, 653357",100,1,0,1
ORD02826,1,3,0,780.0,electronics,"Plot No. 17, Gandhi Marg, Mumbai, 714357",90,8,1,0
ORD02827,1,1,0,780.0,fashion,"Park Street, Jaipur, 592311",63,7,0,0
ORD02828,0,1,3,320.0,fashion,"Model Colony, Pune, 190988",63,10,0,0
ORD02829,0,2,2,2280.0,fashion,"H.No. 8, Church Street, Nagpur",67,0,1,1
ORD02830,0,2,0,500.0,electronics,"H.No. 8, Station Road, Opposite SBI Bank, Jaipur",77,20,0,0
ORD02831,0,3,0,990.0,electronics,"Gandhi Marg, Opposite SBI Bank, Patna, 162027",73,10,0,1
ORD02832,1,1,0,1060.0,fashion,"Plot No. 17, Lake View Lane, Opposite SBI Bank, Patna, 784639",100,17,0,0
ORD02833,0,2,0,610.0,accessories,"H.No. 8, Nehru Nagar, Nagpur, 830319",90,20,1,0
ORD02834,0,3,0,960.0,grocery,"Plot No. 17, Sector 12, Bhopal, 640582",90,14,0,0
ORD02835,0,3,0,770.0,beauty,"Door No. 5, Park Street, Mumbai, 490225",90,23,1,0
ORD02836,1,1,4,280.0,fashion,"Plot No. 17, Park Street, Near Govt School, Pune, 839471",100,8,0,0
ORD02837,1,2,1,540.0,beauty,"H.No. 8, Lake View Lane, Near Water Tank, Guwahati",77,8,1,1
ORD02838,0,2,3,460.0,home,"H.No. 8, Park Street, Near Water Tank, Guwahati, 786141",100,0,0,1
ORD02839,1,1,1,500.0,accessories,"23, MG Road, Mirzapur, 243219",90,6,0,0
ORD02840,0,3,0,300.0,beauty,"Plot No. 17, Gandhi Marg, Near Water Tank, Mirzapur, 540134",100,11,0,1
ORD02841,0,3,2,1310.0,home,"H.No. 8, Sector 12, Nagpur, 510114",90,23,1,0
ORD02842,1,1,0,1740.0,accessories,"Plot No. 17, MG Road, Nagpur, 731635",90,9,0,0
ORD02843,1,1,2,1200.0,fashion,"Plot No. 17, Ashok Vihar, Jaipur, 414276",90,18,0,0
ORD02844,1,1,0,1430.0,fashion,"23, Nehru Nagar, Guwahati",67,15,0,0
ORD02845,1,3,0,540.0,beauty,"Plot No. 17, Church Street, Behind Central Mall, Pune, 548786",100,5,0,0
ORD02846,0,1,2,450.0,fashion,"H.No. 8, Ashok Vihar, Near City Hospital, Pune, 841802",100,10,1,0
ORD02847,1,2,1,420.0,fashion,"H.No. 8, Sector 12, Mumbai, 463954",90,18,0,0
ORD02848,0,2,3,980.0,beauty,"H.No. 8, Model Colony, Nagpur, 309690",90,18,0,1
ORD02849,1,2,3,760.0,fashion,"Lake View Lane, Nagpur",40,17,0,0
ORD02850,0,1,0,640.0,beauty,"Door No. 5, Gandhi Marg, Nagpur",67,14,1,0
ORD02851,1,1,0,1450.0,accessories,"Station Road, Near Govt School, Mirzapur, 542613",73,15,1,0
ORD02852,0,3,0,850.0,electronics,"Flat 4B, Model Colony, Near Govt School, Pune",77,13,1,1
ORD02853,0,3,1,400.0,fashion,"Nehru Nagar, Indore, 775537",63,7,0,0
ORD02854,1,3,2,440.0,fashion,"Lake View Lane, Lucknow, 338751",63,7,1,0
ORD02855,0,1,0,1000.0,fashion,"Door No. 5, Station Road, Mumbai",67,1,0,0
ORD02856,0,2,1,1240.0,fashion,"Door No. 5, Park Street, Mumbai, 680785",90,5,0,0
ORD02857,0,2,1,930.0,fashion,"Flat 4B, Lake View Lane, Near Govt School, Bhopal, 574829",100,12,1,0
ORD02858,0,1,0,2080.0,electronics,"Plot No. 17, Gandhi Marg, Near City Hospital, Lucknow, 161911",100,12,0,0
ORD02859,0,3,2,1770.0,electronics,"Plot No. 17, Model Colony, Guwahati, 367933",90,20,1,1
ORD02860,0,2,1,870.0,beauty,"Flat 4B, Sector 12, Kanpur, 200098",90,11,0,0
ORD02861,1,1,4,400.0,accessories,"Plot No. 17, Station Road, Indore",67,1,0,0
ORD02862,0,3,0,300.0,grocery,"H.No. 8, MG Road, Pune, 407307",90,20,0,0
ORD02863,1,3,0,530.0,home,"Plot No. 17, Park Street, Pune, 483911",90,19,0,0
ORD02864,1,1,0,1050.0,fashion,"Door No. 5, MG Road, Opposite SBI Bank, Patna",77,11,0,0
ORD02865,0,2,0,1990.0,beauty,"Park Street, Near Water Tank, Pune",50,16,0,0
ORD02866,1,2,4,850.0,electronics,"23, Nehru Nagar, Ranchi, 623784",90,5,1,0
ORD02867,0,2,0,1340.0,fashion,"Door No. 5, Model Colony, Jaipur, 378095",90,6,1,1
ORD02868,1,1,2,570.0,grocery,"Flat 4B, Model Colony, Kanpur",67,5,0,0
ORD02869,0,2,0,970.0,electronics,"Plot No. 17, Park Street, Jaipur",67,20,0,0
ORD02870,0,3,0,1090.0,fashion,"H.No. 8, Lake View Lane, Opposite Petrol Pump, Indore",77,3,0,1
ORD02871,1,2,0,200.0,accessories,"H.No. 8, Station Road, Near Govt School, Pune, 332485",100,20,0,0
ORD02872,1,1,1,520.0,accessories,"23, Nehru Nagar, Bhopal, 436665",90,8,0,0
ORD02873,1,2,1,1180.0,electronics,"Plot No. 17, Park Street, Near City Hospital, Mumbai, 366815",100,4,0,0
ORD02874,0,2,0,780.0,electronics,"Door No. 5, Gandhi Marg, Near City Hospital, Pune, 141191",100,9,0,0
ORD02875,1,3,3,320.0,home,"H.No. 8, Park Street, Indore, 710759",90,14,1,0
ORD02876,0,2,0,200.0,beauty,"Door No. 5, Model Colony, Jaipur, 613191",90,7,0,0
ORD02877,0,1,0,530.0,fashion,"23, MG Road, Ranchi, 835718",90,22,0,0
ORD02878,0,1,0,640.0,home,"H.No. 8, Station Road, Near Water Tank, Mumbai",77,3,0,0
ORD02879,1,3,0,390.0,accessories,"Flat 4B, Park Street, Opposite Petrol Pump, Patna, 514809",100,4,0,0
ORD02880,0,1,3,720.0,fashion,"Flat 4B, Park Street, Behind Central Mall, Guwahati",77,6,0,0
ORD02881,0,3,0,900.0,accessories,"Door No. 5, Park Street, Behind Central Mall, Ranchi, 769863",100,5,0,0
ORD02882,1,1,0,990.0,accessories,"23, Gandhi Marg, Near Govt School, Jaipur, 316996",100,12,0,0
ORD02883,0,2,0,200.0,fashion,"Plot No. 17, Lake View Lane, Pune, 475829",90,18,0,0
ORD02884,0,2,1,300.0,grocery,"Plot No. 17, Lake View Lane, Opposite Petrol Pump, Bhopal, 347086",100,9,0,0
ORD02885,0,3,0,550.0,fashion,"Ashok Vihar, Behind Central Mall, Mumbai",50,14,0,1
ORD02886,1,3,1,940.0,beauty,"Plot No. 17, Lake View Lane, Mumbai",67,2,1,0
ORD02887,0,1,0,890.0,grocery,"H.No. 8, Gandhi Marg, Kanpur, 752098",90,17,0,0
ORD02888,0,2,0,880.0,fashion,"23, Sector 12, Ranchi, 628904",90,13,0,0
ORD02889,1,1,2,530.0,beauty,"Flat 4B, Model Colony, Bhopal, 803215",90,2,1,0
ORD02890,1,2,0,550.0,grocery,"23, Park Street, Opposite SBI Bank, Nagpur, 738649",100,10,0,0
ORD02891,0,2,2,430.0,electronics,"23, Nehru Nagar, Ranchi, 523480",90,9,0,0
ORD02892,1,3,0,1050.0,fashion,"H.No. 8, Park Street, Opposite SBI Bank, Nagpur, 494753",100,16,0,0
ORD02893,1,3,2,380.0,fashion,"H.No. 8, Lake View Lane, Nagpur, 564523",90,12,0,0
ORD02894,1,2,0,1110.0,home,"H.No. 8, Ashok Vihar, Behind Central Mall, Bhopal, 312477",100,1,0,0
ORD02895,0,2,1,750.0,accessories,"Nehru Nagar, Near City Hospital, Bhopal, 671868",73,12,0,0
ORD02896,1,3,0,650.0,grocery,"Gandhi Marg, Opposite Petrol Pump, Ranchi",50,18,1,0
ORD02897,0,3,0,450.0,electronics,"Plot No. 17, Nehru Nagar, Patna, 262484",90,4,0,0
ORD02898,0,1,0,290.0,home,"Flat 4B, Model Colony, Behind Central Mall, Mumbai, 253426",100,15,0,0
ORD02899,0,2,0,450.0,fashion,"Plot No. 17, Nehru Nagar, Nagpur, 523951",90,9,0,0
ORD02900,0,2,0,550.0,fashion,"Door No. 5, Gandhi Marg, Behind Central Mall, Indore, 632794",100,11,0,0
ORD02901,0,1,0,200.0,electronics,"23, Gandhi Marg, Indore, 565108",90,19,0,0
ORD02902,1,1,1,590.0,electronics,"Door No. 5, Model Colony, Near Govt School, Mumbai",77,12,1,0
ORD02903,0,1,2,1160.0,home,"H.No. 8, Gandhi Marg, Behind Central Mall, Nagpur, 398071",100,20,0,1
ORD02904,0,2,1,930.0,accessories,"Plot No. 17, Lake View Lane, Behind Central Mall, Guwahati, 531779",100,15,0,1
ORD02905,0,1,1,490.0,beauty,"H.No. 8, Station Road, Opposite SBI Bank, Lucknow, 839757",100,21,0,1
ORD02906,0,1,0,680.0,beauty,"Flat 4B, Ashok Vihar, Mumbai, 604113",90,20,0,0
ORD02907,1,1,0,480.0,fashion,"Plot No. 17, Station Road, Indore, 688831",90,0,1,0
ORD02908,0,3,0,730.0,accessories,"Plot No. 17, MG Road, Patna",67,21,0,0
ORD02909,0,3,2,1680.0,grocery,"Model Colony, Jaipur, 189168",63,8,0,0
ORD02910,0,2,0,1190.0,accessories,"Door No. 5, Sector 12, Behind Central Mall, Ranchi",77,15,1,0
ORD02911,0,2,0,910.0,electronics,"Flat 4B, Park Street, Opposite Petrol Pump, Pune, 590626",100,18,0,0
ORD02912,0,3,1,490.0,home,"23, Ashok Vihar, Near City Hospital, Indore",77,14,0,0
ORD02913,1,1,0,1040.0,home,"H.No. 8, Nehru Nagar, Mumbai, 132908",90,17,1,0
ORD02914,1,1,3,240.0,fashion,"Flat 4B, Church Street, Patna",67,21,1,0
ORD02915,0,1,2,570.0,beauty,"Flat 4B, Station Road, Near Water Tank, Guwahati, 773409",100,11,0,0
ORD02916,1,1,0,940.0,accessories,"Plot No. 17, Model Colony, Near City Hospital, Jaipur",77,13,0,0
ORD02917,1,2,0,1040.0,fashion,"H.No. 8, Park Street, Indore, 567929",90,2,0,0
ORD02918,1,3,0,990.0,fashion,"H.No. 8, Model Colony, Behind Central Mall, Indore, 529248",100,3,0,0
ORD02919,0,2,1,790.0,beauty,"23, Ashok Vihar, Indore, 799244",90,5,0,0
ORD02920,0,2,0,590.0,fashion,"Plot No. 17, Station Road, Jaipur, 128514",90,15,1,1
ORD02921,0,3,1,920.0,beauty,"Flat 4B, Park Street, Near Govt School, Ranchi",77,12,0,0
ORD02922,1,1,1,380.0,beauty,"Flat 4B, Gandhi Marg, Opposite SBI Bank, Mirzapur, 505928",100,11,0,0
ORD02923,1,1,0,400.0,electronics,"Door No. 5, Station Road, Opposite SBI Bank, Jaipur, 679478",100,21,0,0
ORD02924,0,2,0,690.0,grocery,"23, Nehru Nagar, Jaipur, 228342",90,11,0,0
ORD02925,0,2,2,740.0,home,"Door No. 5, Ashok Vihar, Kanpur, 287533",90,1,0,1
ORD02926,1,1,0,220.0,accessories,"Plot No. 17, MG Road, Lucknow, 111985",90,12,1,0
ORD02927,1,2,2,870.0,grocery,"Flat 4B, Model Colony, Near Water Tank, Kanpur, 234990",100,2,0,0
ORD02928,1,2,0,1060.0,accessories,"23, Ashok Vihar, Indore, 664962",90,12,0,0
ORD02929,1,2,1,640.0,fashion,"Door No. 5, Lake View Lane, Opposite SBI Bank, Guwahati",77,1,0,1
ORD02930,0,2,3,2760.0,fashion,"Door No. 5, Lake View Lane, Behind Central Mall, Indore, 754219",100,18,1,0
ORD02931,1,2,2,440.0,fashion,"Plot No. 17, Church Street, Opposite Petrol Pump, Nagpur, 470032",100,8,1,0
ORD02932,1,1,0,540.0,electronics,"Door No. 5, MG Road, Bhopal, 760348",90,19,1,0
ORD02933,0,2,0,520.0,accessories,"23, MG Road, Mirzapur, 286242",90,0,0,0
ORD02934,0,1,2,640.0,electronics,"Station Road, Near City Hospital, Nagpur, 464187",73,12,1,1
ORD02935,1,3,0,550.0,grocery,"Flat 4B, Model Colony, Opposite SBI Bank, Ranchi, 297595",100,1,0,0
ORD02936,0,2,0,290.0,electronics,"H.No. 8, Sector 12, Opposite SBI Bank, Mirzapur, 150224",100,14,0,0
ORD02937,1,2,3,480.0,electronics,"23, MG Road, Nagpur, 783447",90,18,1,0
ORD02938,1,3,0,630.0,accessories,"Plot No. 17, Gandhi Marg, Opposite Petrol Pump, Kanpur, 636625",100,15,1,0
ORD02939,1,2,0,1390.0,electronics,"Door No. 5, Lake View Lane, Patna, 164830",90,10,1,0
ORD02940,0,2,0,2490.0,grocery,"Sector 12, Nagpur, 445495",63,14,0,0
ORD02941,0,3,1,1480.0,fashion,"23, Ashok Vihar, Opposite SBI Bank, Patna, 576975",100,5,0,0
ORD02942,1,3,1,420.0,accessories,"Lake View Lane, Ranchi",40,13,1,0
ORD02943,0,2,0,440.0,home,"23, Ashok Vihar, Nagpur",67,5,0,0
ORD02944,1,1,0,600.0,grocery,"Model Colony, Mumbai, 453337",63,18,0,0
ORD02945,1,2,0,1940.0,fashion,"23, Nehru Nagar, Nagpur, 279179",90,4,1,0
ORD02946,0,3,1,600.0,electronics,"Flat 4B, Sector 12, Nagpur, 194299",90,10,0,1
ORD02947,0,1,0,300.0,accessories,"Plot No. 17, Station Road, Mumbai, 826816",90,3,1,0
ORD02948,0,1,3,490.0,accessories,"H.No. 8, Station Road, Indore, 774853",90,8,1,0
ORD02949,0,3,0,1050.0,fashion,"Plot No. 17, Model Colony, Behind Central Mall, Jaipur",77,8,0,0
ORD02950,1,1,5,1010.0,electronics,"Flat 4B, MG Road, Behind Central Mall, Kanpur, 560677",100,16,0,1
ORD02951,1,3,0,590.0,electronics,"23, Gandhi Marg, Opposite Petrol Pump, Ranchi, 208620",100,7,0,0
ORD02952,1,2,2,1000.0,fashion,"Flat 4B, Gandhi Marg, Guwahati, 367552",90,14,1,1
ORD02953,1,2,0,200.0,beauty,"H.No. 8, MG Road, Ranchi, 112061",90,8,0,0
ORD02954,0,1,0,710.0,fashion,"Plot No. 17, Station Road, Near Govt School, Kanpur",77,4,0,1
ORD02955,1,3,3,1110.0,electronics,"Lake View Lane, Ranchi, 549274",63,3,0,0
ORD02956,1,2,2,400.0,beauty,"Flat 4B, MG Road, Pune, 240587",90,19,0,0
ORD02957,1,2,0,400.0,electronics,"H.No. 8, Lake View Lane, Patna, 583645",90,17,0,0
ORD02958,1,2,1,220.0,beauty,"Plot No. 17, Gandhi Marg, Patna",67,8,1,1
ORD02959,0,2,1,1730.0,accessories,"Plot No. 17, Station Road, Near Water Tank, Kanpur, 529651",100,20,1,0
ORD02960,1,3,2,430.0,fashion,"Door No. 5, Lake View Lane, Near City Hospital, Kanpur, 532538",100,2,0,0
ORD02961,0,2,0,770.0,beauty,"Plot No. 17, Lake View Lane, Near Govt School, Guwahati, 620075",100,21,0,0
ORD02962,0,2,0,960.0,fashion,"Church Street, Near Govt School, Lucknow, 151665",73,8,0,1
ORD02963,0,3,0,1650.0,electronics,"23, Lake View Lane, Near City Hospital, Mumbai",77,8,0,0
ORD02964,1,2,0,610.0,fashion,"H.No. 8, MG Road, Indore, 707283",90,20,0,0
ORD02965,1,1,3,480.0,fashion,"Door No. 5, Station Road, Bhopal, 636981",90,23,1,0
ORD02966,1,1,0,740.0,electronics,"Flat 4B, Lake View Lane, Opposite Petrol Pump, Nagpur",77,3,0,0
ORD02967,1,3,0,1440.0,electronics,"Door No. 5, Church Street, Pune, 163783",90,20,0,0
ORD02968,1,2,1,600.0,accessories,"Nehru Nagar, Opposite Petrol Pump, Pune",50,6,0,0
ORD02969,1,2,1,380.0,beauty,"Flat 4B, Sector 12, Mumbai, 221261",90,6,1,0
ORD02970,0,2,0,260.0,accessories,"Door No. 5, Station Road, Behind Central Mall, Nagpur, 279961",100,22,0,0
ORD02971,0,1,0,320.0,home,"H.No. 8, Model Colony, Near City Hospital, Guwahati, 420898",100,7,0,0
ORD02972,0,2,4,1120.0,fashion,"Door No. 5, Gandhi Marg, Mumbai, 829285",90,20,0,1
ORD02973,1,1,0,550.0,electronics,"Door No. 5, Nehru Nagar, Near Govt School, Jaipur, 775713",100,0,0,0
ORD02974,1,2,1,460.0,electronics,"Door No. 5, Station Road, Near Govt School, Mumbai, 330011",100,8,0,0
ORD02975,0,2,1,430.0,electronics,"Station Road, Opposite Petrol Pump, Mumbai",50,22,0,0
ORD02976,0,2,0,700.0,beauty,"Plot No. 17, Lake View Lane, Opposite SBI Bank, Kanpur, 739445",100,11,0,0
ORD02977,1,2,3,580.0,home,"MG Road, Ranchi, 681337",63,5,1,0
ORD02978,0,3,1,560.0,electronics,"Flat 4B, Gandhi Marg, Opposite SBI Bank, Indore, 215031",100,12,1,1
ORD02979,1,3,0,1490.0,fashion,"23, Park Street, Patna, 511424",90,4,0,0
ORD02980,1,1,1,1670.0,fashion,"23, Sector 12, Near Govt School, Mumbai, 695547",100,20,1,0
ORD02981,0,1,1,250.0,fashion,"Door No. 5, Park Street, Near Water Tank, Mumbai, 682739",100,18,0,0
ORD02982,0,2,1,810.0,fashion,"Flat 4B, Ashok Vihar, Kanpur, 827550",90,0,1,1
ORD02983,1,3,3,420.0,grocery,"Plot No. 17, MG Road, Near City Hospital, Lucknow, 520668",100,21,0,0
ORD02984,1,3,0,570.0,fashion,"Flat 4B, Park Street, Opposite Petrol Pump, Ranchi, 819890",100,23,0,0
ORD02985,0,3,0,800.0,beauty,"Door No. 5, Model Colony, Near Water Tank, Ranchi, 781236",100,17,0,0
ORD02986,1,2,0,590.0,electronics,"Door No. 5, MG Road, Opposite SBI Bank, Bhopal, 601915",100,7,0,0
ORD02987,0,2,0,760.0,fashion,"Plot No. 17, Gandhi Marg, Near Govt School, Bhopal, 584210",100,23,0,0
ORD02988,0,2,0,1000.0,grocery,"Plot No. 17, Park Street, Bhopal, 687253",90,7,0,0
ORD02989,1,1,3,790.0,home,"23, Lake View Lane, Near City Hospital, Guwahati, 577446",100,14,0,0
ORD02990,1,1,1,450.0,fashion,"Ashok Vihar, Opposite SBI Bank, Mirzapur, 170937",73,18,1,0
ORD02991,0,3,1,460.0,accessories,"Flat 4B, MG Road, Opposite SBI Bank, Bhopal, 120421",100,9,0,0
ORD02992,1,1,1,280.0,fashion,"Flat 4B, Model Colony, Guwahati",67,23,1,0
ORD02993,1,1,2,400.0,fashion,"Sector 12, Guwahati, 407887",63,15,1,0
ORD02994,0,1,0,2160.0,grocery,"23, Church Street, Near Water Tank, Guwahati, 398210",100,10,0,0
ORD02995,0,3,3,410.0,beauty,"H.No. 8, Nehru Nagar, Guwahati",67,11,0,0
ORD02996,1,2,0,330.0,fashion,"Lake View Lane, Ranchi, 678689",63,15,0,0
ORD02997,0,2,3,810.0,fashion,"Flat 4B, MG Road, Behind Central Mall, Kanpur, 739697",100,15,1,1
ORD02998,0,3,1,620.0,accessories,"Flat 4B, Lake View Lane, Lucknow",67,19,0,0
ORD02999,0,2,0,590.0,electronics,"H.No. 8, Park Street, Patna, 116675",90,2,1,1
ORD03000,1,2,1,1550.0,fashion,"Door No. 5, Lake View Lane, Bhopal, 140649",90,8,1,0
ORD03001,1,1,0,920.0,home,"Ashok Vihar, Indore, 368616",63,7,1,0
ORD03002,1,1,0,480.0,accessories,"Door No. 5, Church Street, Jaipur",67,9,0,0
ORD03003,0,3,1,520.0,fashion,"Plot No. 17, Model Colony, Bhopal, 310179",90,12,0,0
ORD03004,1,3,0,490.0,grocery,"23, Station Road, Opposite Petrol Pump, Mirzapur, 658338",100,17,1,0
ORD03005,1,2,0,1120.0,home,"Door No. 5, Sector 12, Near Water Tank, Mirzapur",77,12,1,0
ORD03006,1,2,4,550.0,electronics,"H.No. 8, Lake View Lane, Mirzapur, 833783",90,12,0,0
ORD03007,1,2,1,230.0,beauty,"23, Nehru Nagar, Indore, 788493",90,14,0,0
ORD03008,0,1,3,650.0,accessories,"23, Ashok Vihar, Near Govt School, Jaipur, 197875",100,12,0,1
ORD03009,1,1,1,260.0,fashion,"23, Park Street, Guwahati, 204511",90,15,0,0
ORD03010,0,1,0,2470.0,fashion,"Plot No. 17, Lake View Lane, Jaipur",67,7,1,1
ORD03011,0,1,0,370.0,accessories,"Plot No. 17, Model Colony, Lucknow, 575756",90,18,0,1
ORD03012,0,3,1,600.0,beauty,"Door No. 5, Nehru Nagar, Guwahati, 661702",90,9,0,1
ORD03013,0,1,4,780.0,electronics,"23, Church Street, Behind Central Mall, Patna, 158513",100,11,0,1
ORD03014,0,1,0,560.0,home,"Flat 4B, Sector 12, Opposite SBI Bank, Nagpur, 116736",100,13,1,0
ORD03015,1,2,3,560.0,beauty,"Sector 12, Mumbai, 117956",63,5,0,0
ORD03016,0,3,3,860.0,grocery,"H.No. 8, Park Street, Pune, 766554",90,20,0,1
ORD03017,1,1,1,1660.0,accessories,"H.No. 8, Church Street, Near Govt School, Indore, 523151",100,23,0,0
ORD03018,0,1,3,1050.0,electronics,"Flat 4B, Nehru Nagar, Nagpur, 412529",90,8,0,0
ORD03019,0,2,0,1620.0,fashion,"H.No. 8, MG Road, Kanpur",67,6,0,1
ORD03020,1,2,4,350.0,beauty,"Plot No. 17, Lake View Lane, Near Govt School, Jaipur, 593594",100,5,0,0
ORD03021,0,2,1,800.0,electronics,"Flat 4B, MG Road, Ranchi, 340497",90,21,0,1
ORD03022,0,3,0,730.0,home,"Door No. 5, Park Street, Near Water Tank, Indore",77,0,0,0
ORD03023,1,3,3,820.0,electronics,"23, Church Street, Pune, 557018",90,20,1,0
ORD03024,0,3,0,1520.0,fashion,"Plot No. 17, Model Colony, Kanpur, 841391",90,13,0,0
ORD03025,0,2,0,580.0,electronics,"Flat 4B, MG Road, Opposite Petrol Pump, Patna, 119844",100,23,0,1
ORD03026,0,2,1,520.0,beauty,"H.No. 8, Church Street, Ranchi",67,5,0,0
ORD03027,1,1,0,920.0,grocery,"H.No. 8, MG Road, Guwahati",67,11,0,0
ORD03028,1,3,0,230.0,electronics,"Plot No. 17, Nehru Nagar, Behind Central Mall, Nagpur, 243914",100,16,0,0
ORD03029,1,2,2,580.0,fashion,"Flat 4B, MG Road, Nagpur, 354508",90,4,1,0
ORD03030,1,1,0,610.0,electronics,"Plot No. 17, Park Street, Opposite SBI Bank, Ranchi, 314517",100,10,0,0
ORD03031,0,2,0,380.0,grocery,"Door No. 5, Gandhi Marg, Kanpur",67,4,1,0
ORD03032,0,1,0,1250.0,electronics,"H.No. 8, Park Street, Near Govt School, Ranchi, 170026",100,11,0,1
ORD03033,1,2,0,350.0,beauty,"Door No. 5, Church Street, Near City Hospital, Mumbai, 356511",100,2,0,0
ORD03034,0,2,1,610.0,home,"H.No. 8, Church Street, Jaipur, 425713",90,23,1,0
ORD03035,0,2,2,790.0,fashion,"H.No. 8, Nehru Nagar, Opposite SBI Bank, Patna, 241073",100,8,0,0
ORD03036,0,3,4,1500.0,grocery,"Model Colony, Behind Central Mall, Bhopal",50,5,0,0
ORD03037,0,1,1,660.0,fashion,"Plot No. 17, Sector 12, Pune, 596407",90,21,1,1
ORD03038,1,2,0,1170.0,home,"H.No. 8, MG Road, Near Govt School, Mirzapur, 605121",100,1,0,0
ORD03039,0,2,3,1010.0,fashion,"Door No. 5, Gandhi Marg, Opposite SBI Bank, Nagpur, 667673",100,1,0,1
ORD03040,0,2,2,720.0,fashion,"H.No. 8, Church Street, Pune, 605142",90,21,0,0
ORD03041,0,3,1,350.0,home,"H.No. 8, Lake View Lane, Behind Central Mall, Bhopal, 112926",100,11,1,0
ORD03042,1,2,1,280.0,electronics,"Park Street, Ranchi",40,7,0,0
ORD03043,0,2,3,710.0,beauty,"H.No. 8, MG Road, Opposite SBI Bank, Bhopal, 645233",100,1,0,1
ORD03044,0,1,1,480.0,beauty,"H.No. 8, Sector 12, Jaipur, 167179",90,8,1,0
ORD03045,1,3,0,1150.0,beauty,"Station Road, Kanpur, 606494",63,15,0,0
ORD03046,1,2,1,1040.0,electronics,"H.No. 8, Sector 12, Ranchi, 355194",90,14,0,0
ORD03047,0,2,0,600.0,beauty,"23, Park Street, Jaipur, 251858",90,13,1,0
ORD03048,0,1,0,330.0,home,"H.No. 8, Lake View Lane, Opposite Petrol Pump, Bhopal",77,19,0,0
ORD03049,0,1,0,900.0,electronics,"Plot No. 17, Lake View Lane, Pune, 813869",90,3,0,0
ORD03050,0,2,0,360.0,home,"Park Street, Mirzapur, 716561",63,3,0,0
ORD03051,0,3,0,420.0,accessories,"H.No. 8, Nehru Nagar, Indore, 420632",90,10,1,1
ORD03052,0,2,0,370.0,fashion,"Door No. 5, Lake View Lane, Guwahati, 219523",90,20,0,0
ORD03053,0,3,1,610.0,accessories,"Door No. 5, Nehru Nagar, Near Water Tank, Lucknow, 658492",100,23,1,0
ORD03054,0,2,2,1340.0,fashion,"H.No. 8, Sector 12, Mumbai, 430339",90,17,0,0
ORD03055,1,2,5,660.0,electronics,"23, Ashok Vihar, Opposite SBI Bank, Pune, 813369",100,4,0,0
ORD03056,1,1,0,510.0,fashion,"23, Station Road, Kanpur, 440395",90,1,0,0
ORD03057,1,3,1,270.0,beauty,"Sector 12, Behind Central Mall, Ranchi, 772395",73,14,0,0
ORD03058,0,1,3,930.0,fashion,"Door No. 5, MG Road, Bhopal, 414778",90,10,0,0
ORD03059,0,3,0,420.0,accessories,"Door No. 5, Lake View Lane, Opposite SBI Bank, Ranchi, 804792",100,23,1,0
ORD03060,1,3,1,710.0,grocery,"23, Park Street, Mumbai, 458683",90,16,0,0
ORD03061,0,3,2,540.0,beauty,"23, Model Colony, Jaipur",67,15,0,0
ORD03062,0,2,0,1100.0,electronics,"Flat 4B, Model Colony, Near Govt School, Mumbai, 355022",100,14,1,0
ORD03063,1,2,2,610.0,accessories,"Nehru Nagar, Behind Central Mall, Pune, 802756",73,22,0,0
ORD03064,1,3,2,640.0,grocery,"Flat 4B, Park Street, Mumbai, 666588",90,2,1,0
ORD03065,1,1,0,890.0,electronics,"H.No. 8, Ashok Vihar, Near Water Tank, Guwahati, 760594",100,19,0,0
ORD03066,0,2,0,2350.0,beauty,"Plot No. 17, Station Road, Near Govt School, Pune, 823128",100,14,0,1
ORD03067,0,1,0,1130.0,home,"Plot No. 17, Station Road, Jaipur",67,23,1,1
ORD03068,1,2,0,630.0,home,"Lake View Lane, Mirzapur, 321157",63,18,1,0
ORD03069,0,1,0,670.0,electronics,"Plot No. 17, MG Road, Guwahati, 785896",90,12,0,0
ORD03070,1,1,0,490.0,electronics,"Flat 4B, Station Road, Mirzapur, 597111",90,15,0,0
ORD03071,1,2,0,380.0,fashion,"H.No. 8, MG Road, Ranchi, 143719",90,22,0,0
ORD03072,1,2,3,480.0,electronics,"Door No. 5, Park Street, Mumbai",67,11,0,0
ORD03073,0,2,0,420.0,beauty,"Flat 4B, Model Colony, Patna",67,16,1,0
ORD03074,0,1,0,980.0,accessories,"23, Lake View Lane, Jaipur",67,15,0,0
ORD03075,1,2,0,350.0,accessories,"Lake View Lane, Pune, 131845",63,8,1,0
ORD03076,1,1,0,1480.0,home,"Plot No. 17, Park Street, Nagpur, 444087",90,5,0,0
ORD03077,1,2,0,1040.0,beauty,"23, MG Road, Ranchi, 281234",90,18,0,0
ORD03078,0,2,0,670.0,fashion,"Model Colony, Near Water Tank, Jaipur",50,22,1,1
ORD03079,0,2,0,670.0,beauty,"23, Ashok Vihar, Bhopal, 575011",90,12,0,0
ORD03080,1,2,2,480.0,fashion,"23, Station Road, Behind Central Mall, Jaipur, 690116",100,20,1,0
ORD03081,1,2,5,780.0,fashion,"Plot No. 17, Lake View Lane, Near Govt School, Lucknow, 855694",100,23,0,0
ORD03082,1,3,0,1280.0,beauty,"Flat 4B, Sector 12, Ranchi, 595077",90,7,0,0
ORD03083,0,2,0,440.0,electronics,"Door No. 5, MG Road, Kanpur, 776877",90,11,0,0
ORD03084,1,2,1,270.0,fashion,"Flat 4B, Church Street, Near Water Tank, Indore, 306828",100,8,1,0
ORD03085,1,2,1,1010.0,grocery,"23, Ashok Vihar, Bhopal, 279674",90,21,0,0
ORD03086,1,1,0,810.0,electronics,"H.No. 8, Model Colony, Lucknow",67,3,0,0
ORD03087,0,2,3,340.0,fashion,"Plot No. 17, Gandhi Marg, Patna, 634567",90,12,0,1
ORD03088,0,2,1,430.0,fashion,"23, Gandhi Marg, Mumbai, 562796",90,1,0,0
ORD03089,1,2,0,400.0,fashion,"Flat 4B, Gandhi Marg, Pune, 435902",90,2,0,0
ORD03090,0,1,1,430.0,fashion,"Church Street, Near Water Tank, Lucknow, 476189",73,4,0,1
ORD03091,0,1,4,550.0,grocery,"Plot No. 17, Sector 12, Kanpur, 133645",90,23,0,1
ORD03092,1,3,2,570.0,electronics,"23, Station Road, Opposite Petrol Pump, Indore, 197029",100,17,0,0
ORD03093,0,2,0,450.0,grocery,"H.No. 8, Ashok Vihar, Indore, 635522",90,20,1,0
ORD03094,1,1,0,420.0,fashion,"Flat 4B, Model Colony, Mumbai, 674682",90,13,1,0
ORD03095,0,2,0,580.0,electronics,"23, Station Road, Bhopal",67,1,0,1
ORD03096,1,2,0,740.0,beauty,"Plot No. 17, Park Street, Near City Hospital, Lucknow, 462575",100,14,0,0
ORD03097,1,3,1,550.0,beauty,"H.No. 8, MG Road, Lucknow, 818162",90,7,0,0
ORD03098,0,1,2,1330.0,beauty,"Flat 4B, Park Street, Pune",67,15,0,0
ORD03099,0,1,1,900.0,accessories,"Door No. 5, Church Street, Lucknow, 555983",90,2,1,0
ORD03100,0,3,5,260.0,fashion,"23, MG Road, Nagpur",67,23,0,1
ORD03101,0,1,0,910.0,electronics,"Door No. 5, Station Road, Kanpur, 568627",90,19,0,0
ORD03102,1,1,3,960.0,accessories,"Plot No. 17, Model Colony, Near Water Tank, Patna",77,19,1,0
ORD03103,1,3,2,510.0,fashion,"Lake View Lane, Pune, 264269",63,22,0,0
ORD03104,0,2,0,270.0,fashion,"H.No. 8, Sector 12, Guwahati, 469078",90,4,0,1
ORD03105,0,1,1,670.0,fashion,"Park Street, Opposite SBI Bank, Mumbai, 166394",73,3,0,0
ORD03106,0,1,0,660.0,beauty,"Plot No. 17, Gandhi Marg, Opposite Petrol Pump, Kanpur, 760701",100,22,0,0
ORD03107,1,1,2,340.0,fashion,"Plot No. 17, Gandhi Marg, Guwahati, 535082",90,11,0,0
ORD03108,0,1,0,280.0,fashion,"Door No. 5, Ashok Vihar, Opposite SBI Bank, Pune, 736462",100,18,0,0
ORD03109,1,3,0,630.0,electronics,"H.No. 8, Station Road, Bhopal, 719355",90,14,0,0
ORD03110,1,2,1,580.0,beauty,"Flat 4B, Station Road, Opposite SBI Bank, Patna, 383259",100,12,1,0
ORD03111,1,2,1,520.0,fashion,"Plot No. 17, Gandhi Marg, Patna, 211820",90,4,0,0
ORD03112,0,3,0,630.0,electronics,"23, MG Road, Opposite Petrol Pump, Indore",77,11,0,0
ORD03113,1,2,0,340.0,beauty,"23, Lake View Lane, Opposite Petrol Pump, Lucknow",77,18,0,0
ORD03114,0,1,0,510.0,accessories,"Door No. 5, Station Road, Jaipur, 489052",90,1,0,0
ORD03115,0,2,1,920.0,beauty,"Plot No. 17, Lake View Lane, Jaipur, 110027",90,6,0,0
ORD03116,1,3,3,540.0,grocery,"Door No. 5, Ashok Vihar, Kanpur",67,22,0,0
ORD03117,1,3,3,240.0,electronics,"23, Church Street, Lucknow",67,4,0,0
ORD03118,0,1,0,500.0,fashion,"Door No. 5, Ashok Vihar, Behind Central Mall, Patna",77,19,0,1
ORD03119,0,2,2,350.0,electronics,"Flat 4B, Church Street, Kanpur",67,10,0,1
ORD03120,0,2,0,780.0,grocery,"Door No. 5, Nehru Nagar, Lucknow",67,17,1,0
ORD03121,0,3,1,810.0,electronics,"Gandhi Marg, Behind Central Mall, Kanpur, 618720",73,17,0,0
ORD03122,0,1,0,250.0,grocery,"Door No. 5, Sector 12, Near City Hospital, Guwahati, 128916",100,6,1,0
ORD03123,0,2,0,1050.0,accessories,"H.No. 8, Ashok Vihar, Bhopal, 653057",90,9,0,1
ORD03124,0,3,1,340.0,fashion,"Door No. 5, Gandhi Marg, Opposite SBI Bank, Ranchi, 273178",100,22,0,0
ORD03125,1,2,0,1700.0,fashion,"Lake View Lane, Jaipur, 177997",63,19,0,0
ORD03126,1,2,1,650.0,fashion,"Plot No. 17, Gandhi Marg, Opposite Petrol Pump, Lucknow",77,13,1,0
ORD03127,1,1,2,310.0,electronics,"H.No. 8, Nehru Nagar, Opposite Petrol Pump, Indore, 459819",100,19,1,0
ORD03128,0,1,0,340.0,fashion,"Door No. 5, Lake View Lane, Near City Hospital, Lucknow, 402889",100,19,1,0
ORD03129,1,2,0,820.0,accessories,"Flat 4B, Nehru Nagar, Near City Hospital, Nagpur, 471707",100,10,1,0
ORD03130,1,3,2,530.0,fashion,"H.No. 8, Ashok Vihar, Mirzapur",67,1,0,0
ORD03131,1,1,2,630.0,electronics,"Door No. 5, Lake View Lane, Patna, 438276",90,12,1,0
ORD03132,1,2,0,1750.0,fashion,"23, Ashok Vihar, Indore, 454531",90,12,1,0
ORD03133,1,2,0,440.0,accessories,"23, Lake View Lane, Near Water Tank, Nagpur, 469398",100,8,0,0
ORD03134,0,1,1,690.0,beauty,"Gandhi Marg, Near Water Tank, Jaipur, 757394",73,16,1,0
ORD03135,0,2,1,1560.0,accessories,"H.No. 8, Ashok Vihar, Indore, 855985",90,14,0,0
ORD03136,1,2,0,780.0,accessories,"Plot No. 17, Station Road, Jaipur, 600020",90,23,1,0
ORD03137,1,3,0,250.0,electronics,"Nehru Nagar, Near Govt School, Jaipur, 485898",73,21,1,0
ORD03138,1,2,3,900.0,fashion,"23, Station Road, Patna, 153357",90,22,1,1
ORD03139,0,2,1,330.0,fashion,"Gandhi Marg, Near Water Tank, Jaipur, 209180",73,20,1,0
ORD03140,0,1,5,1550.0,fashion,"23, Church Street, Near Govt School, Jaipur, 234480",100,21,0,0
ORD03141,0,3,2,410.0,beauty,"23, Sector 12, Mirzapur",67,21,0,0
ORD03142,1,1,4,3950.0,fashion,"Plot No. 17, Gandhi Marg, Nagpur",67,15,0,0
ORD03143,1,3,0,1600.0,fashion,"Flat 4B, Lake View Lane, Near City Hospital, Kanpur, 847613",100,9,0,0
ORD03144,0,1,2,410.0,beauty,"23, MG Road, Indore, 594058",90,19,0,1
ORD03145,0,3,0,670.0,beauty,"Flat 4B, Station Road, Kanpur, 630558",90,11,0,0
ORD03146,0,2,1,1050.0,beauty,"23, Lake View Lane, Guwahati",67,4,0,1
ORD03147,1,3,0,1060.0,electronics,"Flat 4B, Church Street, Kanpur, 116023",90,19,1,0
ORD03148,1,1,0,870.0,grocery,"Door No. 5, Model Colony, Bhopal",67,16,1,0
ORD03149,1,2,2,1410.0,home,"Door No. 5, Church Street, Near City Hospital, Lucknow, 736091",100,9,0,1
ORD03150,0,2,2,620.0,fashion,"23, Park Street, Behind Central Mall, Ranchi, 148793",100,5,0,1
ORD03151,1,3,0,530.0,grocery,"H.No. 8, Gandhi Marg, Jaipur, 543737",90,20,0,0
ORD03152,0,1,1,540.0,accessories,"Gandhi Marg, Near Govt School, Kanpur, 616535",73,19,0,0
ORD03153,1,3,0,1110.0,fashion,"H.No. 8, Station Road, Lucknow, 517758",90,5,0,0
ORD03154,0,3,0,830.0,electronics,"Plot No. 17, Gandhi Marg, Ranchi, 481418",90,11,1,0
ORD03155,0,1,2,790.0,electronics,"Door No. 5, Park Street, Pune, 392970",90,20,0,1
ORD03156,1,3,0,1070.0,fashion,"Ashok Vihar, Behind Central Mall, Lucknow, 818210",73,18,1,1
ORD03157,1,2,4,200.0,accessories,"Plot No. 17, Station Road, Opposite Petrol Pump, Indore, 698525",100,1,0,0
ORD03158,0,2,0,800.0,fashion,"Flat 4B, Park Street, Guwahati, 557733",90,12,0,0
ORD03159,1,2,1,760.0,grocery,"Ashok Vihar, Ranchi",40,21,1,0
ORD03160,0,2,1,1810.0,beauty,"Plot No. 17, Ashok Vihar, Near Water Tank, Lucknow, 388085",100,19,0,1
ORD03161,0,2,0,270.0,home,"23, Park Street, Patna, 359461",90,10,0,0
ORD03162,0,2,0,1690.0,fashion,"Gandhi Marg, Near Govt School, Lucknow",50,14,1,1
ORD03163,0,2,2,700.0,fashion,"Flat 4B, MG Road, Lucknow, 609920",90,12,0,0
ORD03164,0,2,2,890.0,fashion,"Door No. 5, Model Colony, Near City Hospital, Bhopal, 248569",100,2,0,0
ORD03165,0,2,0,1820.0,fashion,"23, Sector 12, Patna, 663650",90,13,0,0
ORD03166,0,1,0,930.0,electronics,"Flat 4B, Nehru Nagar, Nagpur, 583779",90,7,1,0
ORD03167,1,3,0,850.0,grocery,"H.No. 8, Ashok Vihar, Near City Hospital, Lucknow, 549581",100,8,0,0
ORD03168,0,2,0,770.0,electronics,"Plot No. 17, Model Colony, Guwahati, 139466",90,14,1,0
ORD03169,1,1,0,500.0,grocery,"Church Street, Jaipur",40,22,0,0
ORD03170,0,1,0,650.0,electronics,"Door No. 5, Station Road, Mirzapur, 817273",90,17,0,1
ORD03171,1,2,2,430.0,grocery,"23, Model Colony, Patna",67,7,0,0
ORD03172,0,3,1,650.0,accessories,"Flat 4B, Model Colony, Guwahati, 746796",90,10,0,0
ORD03173,0,2,4,200.0,fashion,"Ashok Vihar, Pune, 549093",63,4,0,1
ORD03174,0,2,1,860.0,accessories,"Plot No. 17, Church Street, Bhopal, 160604",90,14,0,0
ORD03175,0,1,4,620.0,beauty,"Plot No. 17, Nehru Nagar, Near Govt School, Pune, 150593",100,14,0,0
ORD03176,0,2,1,540.0,grocery,"H.No. 8, Lake View Lane, Lucknow, 430270",90,6,0,1
ORD03177,1,3,1,760.0,beauty,"H.No. 8, Park Street, Lucknow, 573673",90,20,1,0
ORD03178,1,3,4,280.0,electronics,"Flat 4B, Lake View Lane, Behind Central Mall, Ranchi, 413867",100,17,0,0
ORD03179,1,1,1,2120.0,fashion,"Model Colony, Near Govt School, Lucknow, 824502",73,11,1,1
ORD03180,1,2,0,630.0,fashion,"Door No. 5, Model Colony, Jaipur",67,11,1,0
ORD03181,0,1,1,610.0,home,"Door No. 5, Nehru Nagar, Guwahati, 787185",90,3,0,0
ORD03182,0,2,3,370.0,accessories,"Gandhi Marg, Kanpur, 151633",63,10,0,1
ORD03183,0,3,2,670.0,beauty,"Door No. 5, Sector 12, Indore, 703567",90,20,0,0
ORD03184,0,3,1,1530.0,electronics,"Door No. 5, Gandhi Marg, Near Water Tank, Mirzapur, 680104",100,5,1,0
ORD03185,0,1,1,1240.0,grocery,"Flat 4B, Park Street, Behind Central Mall, Mumbai, 605144",100,20,0,0
ORD03186,0,3,5,1110.0,grocery,"Door No. 5, Sector 12, Near Water Tank, Nagpur",77,9,1,1
ORD03187,0,2,0,920.0,fashion,"23, Park Street, Pune, 309210",90,14,0,0
ORD03188,0,2,1,540.0,fashion,"23, Gandhi Marg, Opposite SBI Bank, Guwahati, 695685",100,0,1,0
ORD03189,1,2,0,280.0,fashion,"Park Street, Kanpur, 393031",63,16,0,0
ORD03190,1,2,1,590.0,accessories,"Flat 4B, Park Street, Guwahati, 650636",90,2,1,0
ORD03191,0,2,1,580.0,grocery,"Flat 4B, Church Street, Indore, 500080",90,10,0,0
ORD03192,1,2,0,1250.0,fashion,"Door No. 5, Church Street, Near Water Tank, Guwahati",77,17,0,0
ORD03193,1,2,0,800.0,fashion,"Plot No. 17, Ashok Vihar, Near Govt School, Mumbai, 464106",100,9,0,0
ORD03194,0,1,1,1750.0,grocery,"23, Gandhi Marg, Guwahati",67,20,0,0
ORD03195,0,3,0,1360.0,accessories,"Sector 12, Mumbai",40,8,0,1
ORD03196,0,2,0,510.0,grocery,"Flat 4B, Nehru Nagar, Lucknow",67,6,0,0
ORD03197,1,1,2,230.0,beauty,"Door No. 5, MG Road, Near City Hospital, Patna, 422074",100,10,0,0
ORD03198,1,3,0,1530.0,fashion,"Gandhi Marg, Near Water Tank, Lucknow, 230521",73,7,0,0
ORD03199,0,3,0,1500.0,home,"Plot No. 17, Church Street, Jaipur",67,1,0,1
ORD03200,0,3,4,290.0,fashion,"Sector 12, Near City Hospital, Pune, 835680",73,4,0,1
ORD03201,1,2,0,1650.0,grocery,"Plot No. 17, MG Road, Near City Hospital, Mirzapur, 755566",100,8,1,0
ORD03202,0,1,0,840.0,electronics,"Flat 4B, MG Road, Behind Central Mall, Mirzapur, 534898",100,0,0,0
ORD03203,0,2,1,730.0,grocery,"Door No. 5, Park Street, Lucknow, 705521",90,16,0,0
ORD03204,1,1,2,1750.0,electronics,"23, Park Street, Bhopal, 417559",90,9,0,0
ORD03205,1,3,3,1490.0,grocery,"Flat 4B, Sector 12, Jaipur, 565267",90,7,1,0
ORD03206,1,1,3,980.0,electronics,"H.No. 8, Lake View Lane, Pune, 307126",90,17,0,1
ORD03207,1,1,2,880.0,electronics,"Plot No. 17, MG Road, Behind Central Mall, Ranchi, 146619",100,9,1,0
ORD03208,1,2,0,960.0,beauty,"H.No. 8, Ashok Vihar, Lucknow, 191575",90,8,0,0
ORD03209,0,2,0,520.0,fashion,"H.No. 8, Gandhi Marg, Opposite Petrol Pump, Bhopal, 602507",100,3,1,0
ORD03210,1,3,0,640.0,accessories,"H.No. 8, Lake View Lane, Indore, 185298",90,1,0,0
ORD03211,0,2,0,390.0,home,"Plot No. 17, MG Road, Kanpur, 816330",90,18,1,0
ORD03212,1,1,1,540.0,home,"Flat 4B, Lake View Lane, Jaipur, 840699",90,9,0,0
ORD03213,0,1,1,530.0,grocery,"Plot No. 17, Station Road, Jaipur",67,16,0,0
ORD03214,1,2,0,450.0,accessories,"Plot No. 17, Ashok Vihar, Lucknow",67,2,0,0
ORD03215,0,1,2,720.0,home,"H.No. 8, Lake View Lane, Behind Central Mall, Pune",77,20,1,0
ORD03216,0,2,0,550.0,accessories,"Flat 4B, MG Road, Near Govt School, Jaipur",77,18,1,0
ORD03217,0,2,0,900.0,fashion,"Flat 4B, Station Road, Pune, 151717",90,18,1,0
ORD03218,0,2,1,250.0,fashion,"23, Nehru Nagar, Opposite Petrol Pump, Ranchi, 246088",100,21,0,1
ORD03219,1,3,0,620.0,home,"23, Park Street, Bhopal",67,18,0,0
ORD03220,1,3,0,720.0,electronics,"Door No. 5, Sector 12, Pune, 697614",90,18,0,0
ORD03221,0,3,0,550.0,electronics,"H.No. 8, MG Road, Pune",67,14,0,0
ORD03222,0,1,0,600.0,electronics,"23, Station Road, Guwahati, 135919",90,17,1,1
ORD03223,0,1,2,260.0,electronics,"Flat 4B, Sector 12, Jaipur, 153051",90,16,0,0
ORD03224,0,2,3,820.0,grocery,"23, Church Street, Near City Hospital, Lucknow, 229085",100,9,0,1
ORD03225,0,3,0,980.0,home,"23, Nehru Nagar, Behind Central Mall, Lucknow, 687940",100,23,0,0
ORD03226,1,3,0,890.0,accessories,"Flat 4B, Sector 12, Opposite SBI Bank, Nagpur, 650467",100,13,1,0
ORD03227,0,3,1,1240.0,grocery,"23, Station Road, Near Govt School, Nagpur, 540949",100,18,0,0
ORD03228,0,1,4,750.0,fashion,"Flat 4B, Park Street, Opposite SBI Bank, Nagpur",77,22,1,0
ORD03229,0,3,0,890.0,fashion,"Ashok Vihar, Ranchi, 171154",63,17,0,0
ORD03230,0,2,0,730.0,electronics,"MG Road, Patna, 478781",63,10,1,0
ORD03231,0,1,2,1000.0,grocery,"Flat 4B, Lake View Lane, Near Govt School, Jaipur, 224473",100,10,0,0
ORD03232,1,2,1,260.0,fashion,"Station Road, Near City Hospital, Bhopal",50,11,0,0
ORD03233,0,1,0,390.0,fashion,"Station Road, Mirzapur, 619156",63,7,1,0
ORD03234,0,2,1,1720.0,accessories,"23, Church Street, Patna, 412021",90,15,0,0
ORD03235,0,2,0,200.0,beauty,"H.No. 8, Gandhi Marg, Mumbai, 140428",90,23,0,1
ORD03236,0,2,0,610.0,fashion,"Door No. 5, Lake View Lane, Guwahati, 232693",90,7,0,0
ORD03237,0,2,0,1340.0,fashion,"H.No. 8, Ashok Vihar, Near Govt School, Mirzapur, 125461",100,23,0,0
ORD03238,1,3,3,630.0,accessories,"Plot No. 17, Model Colony, Guwahati, 132183",90,13,1,0
ORD03239,1,2,0,520.0,accessories,"Plot No. 17, Park Street, Mirzapur, 804469",90,22,0,0
ORD03240,1,2,0,720.0,fashion,"Plot No. 17, Park Street, Lucknow, 600045",90,17,1,0
ORD03241,0,3,0,540.0,electronics,"Plot No. 17, Park Street, Near City Hospital, Bhopal, 387047",100,23,0,0
ORD03242,0,3,3,680.0,grocery,"23, Station Road, Indore, 656454",90,20,0,0
ORD03243,0,1,0,440.0,grocery,"H.No. 8, Nehru Nagar, Near City Hospital, Indore, 374174",100,21,0,0
ORD03244,1,2,0,1290.0,grocery,"Plot No. 17, Station Road, Ranchi",67,3,1,0
ORD03245,1,1,0,1560.0,home,"Door No. 5, Lake View Lane, Jaipur, 615243",90,16,1,0
ORD03246,0,1,2,610.0,accessories,"H.No. 8, Model Colony, Jaipur",67,12,0,0
ORD03247,0,2,0,290.0,electronics,"Plot No. 17, MG Road, Lucknow, 770443",90,4,0,0
ORD03248,0,3,0,490.0,fashion,"23, Ashok Vihar, Kanpur, 626742",90,2,1,0
ORD03249,1,1,0,600.0,beauty,"Flat 4B, Gandhi Marg, Jaipur",67,8,1,0
ORD03250,1,3,2,900.0,home,"Flat 4B, Station Road, Opposite SBI Bank, Ranchi, 482035",100,19,1,0
ORD03251,0,3,1,360.0,accessories,"23, Model Colony, Lucknow, 565404",90,17,0,0
ORD03252,0,3,1,420.0,fashion,"Flat 4B, Church Street, Near Water Tank, Lucknow, 734682",100,19,0,0
ORD03253,1,1,3,900.0,grocery,"H.No. 8, Church Street, Mumbai, 286602",90,18,0,0
ORD03254,0,3,3,1170.0,fashion,"23, Gandhi Marg, Patna, 556192",90,18,0,1
ORD03255,0,2,0,460.0,beauty,"H.No. 8, Gandhi Marg, Bhopal",67,20,1,0
ORD03256,0,2,4,300.0,fashion,"H.No. 8, Nehru Nagar, Near Govt School, Jaipur, 231335",100,15,0,1
ORD03257,1,1,0,4770.0,beauty,"Sector 12, Nagpur, 813089",63,0,1,0
ORD03258,0,1,0,1060.0,beauty,"Flat 4B, Model Colony, Nagpur, 624654",90,4,0,0
ORD03259,0,2,3,570.0,electronics,"Flat 4B, Gandhi Marg, Nagpur, 517007",90,23,0,1
ORD03260,1,2,0,1120.0,fashion,"Sector 12, Behind Central Mall, Ranchi, 509007",73,14,0,0
ORD03261,0,1,0,620.0,home,"Flat 4B, Church Street, Near City Hospital, Pune",77,11,0,0
ORD03262,0,1,0,1120.0,grocery,"H.No. 8, Model Colony, Ranchi",67,0,0,0
ORD03263,0,2,1,730.0,electronics,"23, Lake View Lane, Opposite SBI Bank, Mirzapur, 671024",100,13,0,0
ORD03264,0,1,0,700.0,fashion,"Flat 4B, Church Street, Kanpur, 170705",90,17,1,0
ORD03265,1,3,1,620.0,fashion,"Door No. 5, Church Street, Lucknow, 644588",90,17,0,0
ORD03266,0,1,3,280.0,accessories,"Plot No. 17, Sector 12, Near Water Tank, Kanpur",77,5,1,1
ORD03267,0,1,1,2130.0,electronics,"Lake View Lane, Near Govt School, Mirzapur, 733733",73,0,1,0
ORD03268,1,2,0,380.0,fashion,"Door No. 5, Lake View Lane, Opposite SBI Bank, Pune",77,16,1,0
ORD03269,1,2,3,290.0,grocery,"Station Road, Jaipur, 426728",63,17,1,0
ORD03270,1,2,0,590.0,beauty,"Ashok Vihar, Patna, 141335",63,14,0,0
ORD03271,0,2,0,370.0,fashion,"Flat 4B, MG Road, Near City Hospital, Kanpur, 574740",100,11,0,0
ORD03272,0,3,0,640.0,accessories,"23, Gandhi Marg, Bhopal, 437223",90,12,1,1
ORD03273,1,2,1,1000.0,beauty,"H.No. 8, Nehru Nagar, Opposite SBI Bank, Indore, 727251",100,19,0,0
ORD03274,0,1,0,1210.0,home,"Flat 4B, Nehru Nagar, Opposite Petrol Pump, Kanpur, 478300",100,1,0,0
ORD03275,1,2,0,1080.0,electronics,"H.No. 8, Park Street, Behind Central Mall, Bhopal, 832966",100,3,1,0
ORD03276,1,3,0,550.0,accessories,"Sector 12, Lucknow",40,2,0,0
ORD03277,1,2,0,690.0,fashion,"Flat 4B, Ashok Vihar, Pune, 600847",90,18,1,0
ORD03278,0,1,1,850.0,fashion,"H.No. 8, Nehru Nagar, Bhopal, 766594",90,7,0,0
ORD03279,0,3,2,230.0,fashion,"Flat 4B, MG Road, Near City Hospital, Nagpur",77,11,1,1
ORD03280,1,2,2,940.0,grocery,"Door No. 5, Church Street, Kanpur, 684518",90,11,1,0
ORD03281,0,2,0,280.0,home,"23, Model Colony, Patna, 279335",90,9,0,0
ORD03282,0,1,0,2260.0,beauty,"Flat 4B, Gandhi Marg, Opposite Petrol Pump, Patna, 651760",100,0,0,0
ORD03283,1,1,4,520.0,fashion,"H.No. 8, Church Street, Kanpur, 357157",90,4,0,0
ORD03284,1,2,0,600.0,beauty,"H.No. 8, Lake View Lane, Kanpur, 774290",90,19,0,0
ORD03285,0,1,3,420.0,grocery,"Plot No. 17, Model Colony, Behind Central Mall, Nagpur",77,10,1,1
ORD03286,0,2,0,460.0,electronics,"Flat 4B, Gandhi Marg, Near Water Tank, Indore, 389408",100,8,0,1
ORD03287,0,2,4,2600.0,grocery,"Plot No. 17, Church Street, Jaipur, 368217",90,13,0,1
ORD03288,1,1,0,1170.0,electronics,"Door No. 5, Lake View Lane, Opposite SBI Bank, Mirzapur, 630074",100,2,0,0
ORD03289,1,3,0,260.0,grocery,"Park Street, Kanpur, 278876",63,4,0,0
ORD03290,0,3,1,1640.0,fashion,"23, Church Street, Opposite SBI Bank, Ranchi, 322573",100,23,0,1
ORD03291,0,2,1,1360.0,home,"Nehru Nagar, Guwahati, 137432",63,20,1,1
ORD03292,1,1,0,560.0,accessories,"H.No. 8, Station Road, Kanpur, 660349",90,8,0,0
ORD03293,0,1,1,800.0,accessories,"Flat 4B, Park Street, Jaipur, 589909",90,17,0,0
ORD03294,0,2,1,660.0,fashion,"Nehru Nagar, Mumbai, 535072",63,5,0,1
ORD03295,1,1,0,2170.0,electronics,"Flat 4B, Nehru Nagar, Mumbai, 231713",90,20,1,0
ORD03296,0,3,0,410.0,fashion,"Door No. 5, Church Street, Behind Central Mall, Patna, 704845",100,6,0,0
ORD03297,1,1,0,730.0,accessories,"Gandhi Marg, Opposite SBI Bank, Guwahati, 353805",73,15,0,0
ORD03298,0,2,0,510.0,home,"Flat 4B, Gandhi Marg, Near Govt School, Mirzapur, 611764",100,7,0,0
ORD03299,0,2,1,280.0,electronics,"Plot No. 17, Park Street, Guwahati, 725046",90,22,1,1
ORD03300,1,2,0,2480.0,fashion,"Door No. 5, Sector 12, Near Govt School, Nagpur, 383944",100,9,0,0
ORD03301,0,1,0,330.0,accessories,"Plot No. 17, Sector 12, Near City Hospital, Ranchi, 282880",100,4,0,0
ORD03302,1,2,0,760.0,home,"Door No. 5, Model Colony, Kanpur",67,10,0,0
ORD03303,1,1,0,230.0,fashion,"Flat 4B, Nehru Nagar, Kanpur, 782618",90,20,1,0
ORD03304,0,3,0,520.0,electronics,"23, Ashok Vihar, Pune, 177309",90,12,0,0
ORD03305,0,1,0,860.0,fashion,"Plot No. 17, Park Street, Ranchi",67,19,1,0
ORD03306,0,3,0,410.0,beauty,"Lake View Lane, Near Water Tank, Jaipur, 491427",73,1,0,0
ORD03307,0,3,4,950.0,accessories,"Plot No. 17, Nehru Nagar, Ranchi, 147532",90,13,0,1
ORD03308,0,1,0,570.0,accessories,"Door No. 5, Sector 12, Pune, 463356",90,8,1,1
ORD03309,0,3,1,1330.0,electronics,"Door No. 5, Model Colony, Behind Central Mall, Guwahati, 828157",100,9,0,0
ORD03310,0,1,0,1510.0,grocery,"H.No. 8, Model Colony, Kanpur, 738812",90,9,0,0
ORD03311,1,3,0,470.0,electronics,"MG Road, Ranchi",40,9,0,0
ORD03312,1,2,0,700.0,fashion,"H.No. 8, Model Colony, Ranchi, 746977",90,18,0,0
ORD03313,1,2,0,740.0,accessories,"Door No. 5, Park Street, Jaipur, 314574",90,10,1,0
ORD03314,0,2,4,960.0,electronics,"Flat 4B, Model Colony, Mumbai, 389352",90,10,1,1
ORD03315,0,1,4,670.0,electronics,"Plot No. 17, Gandhi Marg, Near Water Tank, Mumbai",77,2,1,0
ORD03316,1,3,2,750.0,accessories,"Door No. 5, Church Street, Mirzapur",67,18,1,0
ORD03317,0,1,1,570.0,fashion,"Plot No. 17, Nehru Nagar, Mumbai",67,23,1,1
ORD03318,0,2,0,710.0,grocery,"Church Street, Guwahati",40,21,1,1
ORD03319,1,2,0,1450.0,accessories,"Door No. 5, Lake View Lane, Kanpur, 472563",90,0,0,0
ORD03320,1,3,4,980.0,home,"Flat 4B, Gandhi Marg, Opposite SBI Bank, Pune, 230706",100,11,0,0
ORD03321,0,1,1,1010.0,fashion,"Door No. 5, Model Colony, Guwahati, 328873",90,14,1,0
ORD03322,0,2,1,1030.0,electronics,"H.No. 8, Park Street, Near Water Tank, Jaipur, 395498",100,13,0,0
ORD03323,1,2,0,610.0,fashion,"H.No. 8, Gandhi Marg, Nagpur",67,2,1,1
ORD03324,1,2,0,810.0,electronics,"Plot No. 17, Station Road, Opposite Petrol Pump, Ranchi, 292255",100,19,0,0
ORD03325,1,1,4,350.0,grocery,"Sector 12, Opposite SBI Bank, Nagpur",50,12,0,0
ORD03326,1,1,0,1420.0,electronics,"23, MG Road, Patna",67,17,0,0
ORD03327,1,1,0,200.0,electronics,"Church Street, Opposite SBI Bank, Jaipur, 682818",73,15,0,0
ORD03328,0,2,0,630.0,home,"23, Lake View Lane, Mirzapur",67,5,1,0
ORD03329,0,1,2,1320.0,home,"23, Model Colony, Near Govt School, Lucknow, 257605",100,9,0,0
ORD03330,1,2,0,290.0,accessories,"Door No. 5, Gandhi Marg, Mirzapur",67,16,0,0
ORD03331,1,1,2,850.0,electronics,"H.No. 8, Park Street, Patna, 602059",90,16,0,0
ORD03332,1,3,0,440.0,grocery,"Flat 4B, Nehru Nagar, Bhopal, 505037",90,7,0,0
ORD03333,0,3,3,530.0,home,"23, Ashok Vihar, Opposite Petrol Pump, Guwahati",77,3,0,1
ORD03334,0,2,1,1170.0,electronics,"H.No. 8, Nehru Nagar, Near Govt School, Mirzapur, 642181",100,14,1,0
ORD03335,1,2,0,750.0,fashion,"H.No. 8, Church Street, Guwahati, 770958",90,0,1,0
ORD03336,1,1,1,200.0,electronics,"Door No. 5, MG Road, Opposite Petrol Pump, Mumbai",77,6,0,0
ORD03337,1,1,0,370.0,beauty,"Plot No. 17, Church Street, Behind Central Mall, Ranchi, 549486",100,9,1,0
ORD03338,1,1,0,1190.0,fashion,"23, Lake View Lane, Opposite Petrol Pump, Nagpur, 427090",100,6,1,0
ORD03339,1,2,2,870.0,accessories,"Flat 4B, Nehru Nagar, Bhopal",67,0,0,0
ORD03340,1,2,0,1900.0,home,"Flat 4B, Sector 12, Kanpur, 444504",90,16,0,0
ORD03341,1,3,0,1830.0,accessories,"H.No. 8, Gandhi Marg, Kanpur, 349473",90,11,0,0
ORD03342,1,2,0,540.0,fashion,"Flat 4B, Ashok Vihar, Nagpur, 460652",90,16,0,0
ORD03343,1,2,0,2990.0,electronics,"H.No. 8, Gandhi Marg, Mumbai, 264061",90,14,0,0
ORD03344,0,2,3,670.0,fashion,"Station Road, Mumbai, 129334",63,23,0,0
ORD03345,0,2,0,370.0,fashion,"Plot No. 17, Nehru Nagar, Opposite SBI Bank, Jaipur, 402895",100,15,0,0
ORD03346,1,1,4,450.0,accessories,"Park Street, Near City Hospital, Indore, 337190",73,22,1,0
ORD03347,0,2,4,200.0,fashion,"H.No. 8, Park Street, Opposite SBI Bank, Lucknow, 806742",100,13,1,1
ORD03348,0,2,0,1740.0,electronics,"23, Station Road, Near Water Tank, Indore, 404664",100,2,0,0
ORD03349,0,2,0,1730.0,fashion,"Plot No. 17, Church Street, Opposite SBI Bank, Ranchi, 332561",100,18,1,0
ORD03350,0,3,2,360.0,electronics,"H.No. 8, Model Colony, Mumbai",67,11,1,1
ORD03351,0,2,0,580.0,grocery,"H.No. 8, Station Road, Opposite Petrol Pump, Mirzapur, 740065",100,18,0,0
ORD03352,0,1,0,700.0,beauty,"Flat 4B, Station Road, Guwahati, 175850",90,17,0,0
ORD03353,1,2,0,370.0,beauty,"Flat 4B, Model Colony, Bhopal, 656042",90,13,0,0
ORD03354,0,2,1,230.0,electronics,"H.No. 8, Park Street, Nagpur, 290323",90,19,0,0
ORD03355,0,1,2,590.0,accessories,"23, Church Street, Pune, 646012",90,22,0,1
ORD03356,0,3,0,550.0,beauty,"Lake View Lane, Opposite Petrol Pump, Bhopal",50,8,0,0
ORD03357,1,3,0,530.0,electronics,"Plot No. 17, Nehru Nagar, Opposite SBI Bank, Pune, 465738",100,2,0,0
ORD03358,0,3,3,760.0,electronics,"Plot No. 17, Church Street, Nagpur",67,22,0,1
ORD03359,1,1,2,1570.0,accessories,"Plot No. 17, Sector 12, Kanpur, 703344",90,11,1,0
ORD03360,1,3,1,550.0,home,"Flat 4B, Sector 12, Patna, 185367",90,19,1,0
ORD03361,1,2,2,740.0,beauty,"Door No. 5, Ashok Vihar, Near Govt School, Nagpur",77,16,1,0
ORD03362,0,2,0,1030.0,electronics,"H.No. 8, Park Street, Patna",67,4,1,1
ORD03363,1,2,2,930.0,fashion,"Plot No. 17, Nehru Nagar, Near City Hospital, Mirzapur, 265543",100,7,1,0
ORD03364,0,3,0,460.0,beauty,"Sector 12, Lucknow, 520559",63,18,0,0
ORD03365,1,2,0,700.0,beauty,"Door No. 5, Gandhi Marg, Behind Central Mall, Jaipur",77,3,1,0
ORD03366,1,2,1,920.0,home,"Flat 4B, Sector 12, Mirzapur",67,14,1,0
ORD03367,0,2,0,340.0,beauty,"Plot No. 17, Sector 12, Guwahati, 666397",90,18,0,0
ORD03368,0,2,5,1420.0,fashion,"MG Road, Ranchi, 227104",63,14,0,1
ORD03369,0,1,0,1570.0,grocery,"23, MG Road, Behind Central Mall, Mumbai, 273072",100,13,0,0
ORD03370,1,3,3,430.0,accessories,"H.No. 8, Station Road, Guwahati, 722567",90,15,0,0
ORD03371,0,2,3,750.0,accessories,"Plot No. 17, MG Road, Near Govt School, Lucknow, 743962",100,23,0,0
ORD03372,1,2,0,980.0,electronics,"Door No. 5, Gandhi Marg, Patna",67,9,0,0
ORD03373,0,1,2,480.0,electronics,"Plot No. 17, Nehru Nagar, Near City Hospital, Bhopal, 120382",100,23,1,0
ORD03374,1,2,0,890.0,grocery,"Plot No. 17, Station Road, Lucknow, 562607",90,13,0,0
ORD03375,1,1,3,730.0,home,"23, Model Colony, Ranchi, 176781",90,19,0,0
ORD03376,1,1,0,280.0,home,"Plot No. 17, Model Colony, Jaipur, 581409",90,10,0,0
ORD03377,1,2,1,880.0,accessories,"H.No. 8, Model Colony, Opposite Petrol Pump, Guwahati, 521373",100,1,1,0
ORD03378,0,2,0,340.0,home,"Flat 4B, Model Colony, Nagpur",67,18,1,0
ORD03379,0,2,0,1170.0,home,"H.No. 8, Gandhi Marg, Lucknow, 111087",90,2,0,1
ORD03380,1,1,0,440.0,fashion,"Flat 4B, Church Street, Guwahati, 236827",90,3,0,0
ORD03381,0,2,0,600.0,fashion,"Door No. 5, Nehru Nagar, Near City Hospital, Ranchi, 843465",100,10,0,1
ORD03382,0,1,2,1520.0,fashion,"Plot No. 17, Station Road, Nagpur, 636777",90,12,1,0
ORD03383,0,3,1,900.0,accessories,"Gandhi Marg, Behind Central Mall, Mirzapur",50,17,1,0
ORD03384,0,2,1,350.0,electronics,"Door No. 5, Church Street, Lucknow, 773390",90,17,1,0
ORD03385,0,2,0,360.0,electronics,"Door No. 5, Park Street, Guwahati, 199237",90,18,0,1
ORD03386,1,2,0,460.0,grocery,"Door No. 5, Station Road, Patna, 799408",90,11,0,1
ORD03387,0,1,0,840.0,beauty,"Door No. 5, Church Street, Bhopal, 629690",90,0,0,0
ORD03388,1,3,2,820.0,beauty,"Plot No. 17, Model Colony, Ranchi, 757346",90,23,1,0
ORD03389,0,1,5,400.0,fashion,"Door No. 5, Lake View Lane, Mumbai, 118742",90,5,0,0
ORD03390,1,2,0,330.0,grocery,"Plot No. 17, Ashok Vihar, Bhopal, 622808",90,2,1,0
ORD03391,0,2,0,790.0,fashion,"Plot No. 17, Church Street, Opposite Petrol Pump, Guwahati, 680819",100,16,1,0
ORD03392,1,1,0,600.0,fashion,"Gandhi Marg, Ranchi, 441575",63,2,1,0
ORD03393,1,3,1,2430.0,fashion,"23, Ashok Vihar, Lucknow, 177999",90,0,0,1
ORD03394,0,2,1,680.0,fashion,"H.No. 8, Nehru Nagar, Opposite Petrol Pump, Bhopal, 539864",100,2,0,1
ORD03395,1,1,2,1980.0,fashion,"Door No. 5, Model Colony, Jaipur, 745758",90,3,1,0
ORD03396,1,1,0,330.0,beauty,"Door No. 5, Nehru Nagar, Indore, 419770",90,5,1,0
ORD03397,1,1,2,260.0,fashion,"23, Station Road, Opposite Petrol Pump, Jaipur",77,6,0,0
ORD03398,1,3,1,340.0,beauty,"Flat 4B, Ashok Vihar, Mirzapur",67,22,1,0
ORD03399,0,2,0,1360.0,fashion,"23, Nehru Nagar, Guwahati, 761243",90,7,0,0
ORD03400,1,1,0,1910.0,fashion,"Plot No. 17, Lake View Lane, Lucknow, 697965",90,12,0,0
ORD03401,0,1,0,420.0,home,"23, Gandhi Marg, Nagpur, 836699",90,3,0,0
ORD03402,0,2,0,500.0,accessories,"Gandhi Marg, Behind Central Mall, Jaipur, 246572",73,5,1,0
ORD03403,1,2,3,330.0,accessories,"Plot No. 17, MG Road, Patna",67,10,0,0
ORD03404,0,2,0,220.0,accessories,"H.No. 8, Model Colony, Near Water Tank, Lucknow",77,0,0,1
ORD03405,1,2,2,1020.0,beauty,"Door No. 5, Ashok Vihar, Near Water Tank, Patna, 842744",100,7,0,0
ORD03406,1,1,1,760.0,beauty,"Flat 4B, Church Street, Near Govt School, Pune, 396860",100,21,0,1
ORD03407,1,2,0,670.0,beauty,"H.No. 8, Nehru Nagar, Near City Hospital, Ranchi, 264074",100,1,1,0
ORD03408,1,3,1,290.0,beauty,"23, Nehru Nagar, Guwahati, 851910",90,7,0,0
ORD03409,0,1,0,1780.0,fashion,"Ashok Vihar, Ranchi",40,19,1,1
ORD03410,0,2,0,490.0,home,"23, MG Road, Opposite Petrol Pump, Pune, 180415",100,8,1,0
ORD03411,0,2,0,920.0,electronics,"H.No. 8, Lake View Lane, Indore, 171476",90,3,1,0
ORD03412,0,2,0,280.0,electronics,"23, Sector 12, Guwahati, 293536",90,16,1,0
ORD03413,0,1,0,590.0,home,"Station Road, Mirzapur, 665637",63,6,0,0
ORD03414,0,3,0,790.0,fashion,"H.No. 8, Nehru Nagar, Jaipur, 849686",90,9,0,1
ORD03415,1,2,0,810.0,electronics,"Flat 4B, MG Road, Opposite SBI Bank, Patna",77,4,0,0
ORD03416,1,2,0,730.0,fashion,"Plot No. 17, Park Street, Behind Central Mall, Lucknow, 616510",100,9,0,0
ORD03417,0,2,3,890.0,accessories,"Plot No. 17, Model Colony, Behind Central Mall, Guwahati",77,11,0,1
ORD03418,1,1,0,340.0,fashion,"23, Station Road, Kanpur",67,20,0,0
ORD03419,0,1,2,750.0,fashion,"23, Sector 12, Pune",67,19,1,0
ORD03420,0,2,0,710.0,accessories,"Flat 4B, Ashok Vihar, Indore, 529387",90,5,1,0
ORD03421,1,1,1,760.0,electronics,"H.No. 8, Station Road, Kanpur, 317282",90,0,0,0
ORD03422,1,2,0,690.0,fashion,"H.No. 8, Park Street, Guwahati, 150800",90,2,0,1
ORD03423,1,2,4,310.0,electronics,"Station Road, Ranchi, 558559",63,6,0,1
ORD03424,0,2,0,300.0,fashion,"Flat 4B, Ashok Vihar, Indore",67,10,0,1
ORD03425,1,2,2,200.0,fashion,"Lake View Lane, Behind Central Mall, Jaipur, 811448",73,23,1,0
ORD03426,1,2,0,1090.0,fashion,"Plot No. 17, Park Street, Bhopal, 464330",90,11,0,0
ORD03427,1,1,0,1090.0,electronics,"Plot No. 17, Lake View Lane, Guwahati, 453975",90,8,0,0
ORD03428,1,2,1,1100.0,grocery,"23, Church Street, Near Water Tank, Ranchi, 154174",100,0,0,0
ORD03429,1,2,0,800.0,home,"Door No. 5, MG Road, Patna, 195426",90,3,0,0
ORD03430,1,2,0,200.0,beauty,"Door No. 5, Sector 12, Lucknow, 447092",90,1,0,0
ORD03431,1,1,0,360.0,fashion,"Door No. 5, Model Colony, Opposite SBI Bank, Nagpur, 666595",100,1,0,0
ORD03432,1,2,1,740.0,electronics,"Door No. 5, Model Colony, Near City Hospital, Patna",77,16,0,0
ORD03433,1,1,4,720.0,grocery,"H.No. 8, Park Street, Near Govt School, Mirzapur, 294373",100,20,0,1
ORD03434,0,1,0,580.0,fashion,"23, MG Road, Patna, 658334",90,1,0,1
ORD03435,1,1,2,830.0,accessories,"Flat 4B, Gandhi Marg, Opposite SBI Bank, Indore",77,3,0,0
ORD03436,0,3,0,670.0,electronics,"Plot No. 17, Nehru Nagar, Kanpur, 841988",90,10,1,0
ORD03437,0,1,0,720.0,grocery,"23, Station Road, Near City Hospital, Ranchi, 365410",100,18,0,0
ORD03438,1,1,3,450.0,electronics,"Door No. 5, Sector 12, Opposite Petrol Pump, Mumbai, 283080",100,23,0,0
ORD03439,1,1,3,1200.0,electronics,"23, Station Road, Near City Hospital, Ranchi, 829855",100,12,0,0
ORD03440,1,1,2,510.0,grocery,"Plot No. 17, Nehru Nagar, Near Govt School, Nagpur",77,21,0,0
ORD03441,0,2,0,300.0,grocery,"Nehru Nagar, Near Govt School, Mumbai, 122719",73,20,0,0
ORD03442,0,1,0,420.0,fashion,"Flat 4B, Gandhi Marg, Lucknow",67,17,0,0
ORD03443,0,1,0,540.0,accessories,"Door No. 5, Gandhi Marg, Nagpur, 319562",90,18,0,0
ORD03444,1,2,0,1210.0,fashion,"23, Church Street, Behind Central Mall, Indore",77,23,0,0
ORD03445,1,2,0,650.0,fashion,"H.No. 8, Gandhi Marg, Indore",67,14,0,0
ORD03446,1,2,2,590.0,home,"23, Gandhi Marg, Behind Central Mall, Indore, 834678",100,11,0,1
ORD03447,1,2,3,310.0,beauty,"Door No. 5, Ashok Vihar, Near Water Tank, Bhopal",77,10,1,0
ORD03448,1,1,0,1070.0,accessories,"H.No. 8, Ashok Vihar, Near Water Tank, Pune",77,22,0,0
ORD03449,1,2,0,450.0,electronics,"Gandhi Marg, Lucknow, 474631",63,0,0,0
ORD03450,0,1,2,630.0,fashion,"Plot No. 17, Gandhi Marg, Indore",67,15,0,1
ORD03451,0,2,0,1620.0,beauty,"Plot No. 17, MG Road, Behind Central Mall, Nagpur, 499901",100,12,0,0
ORD03452,1,2,1,900.0,fashion,"H.No. 8, Lake View Lane, Mumbai, 508120",90,5,1,0
ORD03453,1,1,0,250.0,electronics,"23, Lake View Lane, Near Water Tank, Kanpur, 495188",100,22,0,0
ORD03454,0,2,0,230.0,electronics,"Plot No. 17, Nehru Nagar, Opposite Petrol Pump, Indore",77,5,1,0
ORD03455,1,3,5,640.0,fashion,"Flat 4B, MG Road, Pune",67,9,0,0
ORD03456,0,3,0,320.0,electronics,"MG Road, Opposite Petrol Pump, Patna, 141443",73,1,0,0
ORD03457,0,2,0,980.0,electronics,"H.No. 8, Nehru Nagar, Indore, 515860",90,2,0,0
ORD03458,1,2,0,680.0,beauty,"Door No. 5, Lake View Lane, Patna, 373354",90,5,1,0
ORD03459,1,1,3,730.0,beauty,"Park Street, Nagpur",40,15,0,0
ORD03460,1,1,2,440.0,fashion,"Church Street, Behind Central Mall, Mirzapur, 254218",73,5,0,0
ORD03461,0,2,0,1890.0,fashion,"Flat 4B, Lake View Lane, Opposite Petrol Pump, Bhopal",77,23,0,0
ORD03462,0,2,0,3660.0,fashion,"23, Church Street, Ranchi",67,12,0,0
ORD03463,1,3,1,560.0,fashion,"Flat 4B, Ashok Vihar, Lucknow, 506993",90,3,1,1
ORD03464,1,2,0,820.0,beauty,"23, Nehru Nagar, Nagpur, 265241",90,14,0,0
ORD03465,0,2,1,710.0,accessories,"H.No. 8, Station Road, Patna, 543003",90,5,0,1
ORD03466,1,2,0,570.0,beauty,"H.No. 8, Park Street, Bhopal, 752920",90,0,0,0
ORD03467,0,3,0,400.0,beauty,"Plot No. 17, Sector 12, Near Govt School, Pune",77,8,0,0
ORD03468,1,2,1,350.0,electronics,"H.No. 8, Park Street, Opposite Petrol Pump, Kanpur, 626378",100,11,0,0
ORD03469,1,2,0,340.0,electronics,"Door No. 5, Lake View Lane, Ranchi, 703634",90,22,0,0
ORD03470,0,2,2,850.0,accessories,"23, Station Road, Opposite SBI Bank, Bhopal, 593891",100,10,0,0
ORD03471,0,3,0,490.0,accessories,"Door No. 5, Church Street, Near Water Tank, Kanpur, 309738",100,12,0,0
ORD03472,1,1,0,200.0,electronics,"H.No. 8, Sector 12, Opposite Petrol Pump, Indore, 818281",100,0,1,0
ORD03473,1,3,5,870.0,fashion,"23, Station Road, Ranchi",67,18,0,0
ORD03474,1,2,0,650.0,grocery,"Door No. 5, MG Road, Opposite Petrol Pump, Guwahati, 825960",100,20,0,0
ORD03475,1,2,1,1490.0,fashion,"Door No. 5, Station Road, Opposite Petrol Pump, Pune",77,3,0,0
ORD03476,1,2,0,830.0,grocery,"23, Lake View Lane, Near Water Tank, Patna, 222955",100,4,0,0
ORD03477,1,2,1,270.0,grocery,"Flat 4B, Sector 12, Near Govt School, Nagpur, 390780",100,22,0,0
ORD03478,0,1,1,200.0,fashion,"23, Park Street, Indore, 563294",90,16,1,1
ORD03479,0,3,0,430.0,accessories,"Plot No. 17, Nehru Nagar, Behind Central Mall, Mirzapur",77,4,0,1
ORD03480,0,2,2,460.0,accessories,"H.No. 8, Sector 12, Guwahati, 360585",90,18,0,1
ORD03481,0,2,1,1170.0,accessories,"Plot No. 17, Gandhi Marg, Patna, 398342",90,2,0,0
ORD03482,1,1,0,660.0,electronics,"Plot No. 17, Station Road, Bhopal, 203702",90,10,0,0
ORD03483,0,2,1,1310.0,fashion,"23, Model Colony, Indore, 168059",90,1,0,1
ORD03484,1,2,1,300.0,home,"23, MG Road, Pune, 737358",90,21,1,0
ORD03485,1,2,0,1190.0,electronics,"23, MG Road, Bhopal, 777877",90,13,1,0
ORD03486,1,2,0,1030.0,fashion,"Nehru Nagar, Indore, 534351",63,5,0,1
ORD03487,0,2,0,200.0,electronics,"Door No. 5, Church Street, Ranchi",67,18,0,0
ORD03488,0,3,0,1470.0,beauty,"23, Lake View Lane, Lucknow, 430934",90,0,0,0
ORD03489,0,2,2,700.0,fashion,"Door No. 5, Model Colony, Opposite SBI Bank, Bhopal, 184067",100,6,0,0
ORD03490,0,3,0,840.0,electronics,"Flat 4B, Park Street, Indore, 441861",90,1,0,0
ORD03491,0,1,4,400.0,fashion,"H.No. 8, Station Road, Opposite SBI Bank, Lucknow, 354811",100,23,0,0
ORD03492,1,2,0,1430.0,beauty,"MG Road, Ranchi",40,18,1,0
ORD03493,1,2,0,330.0,beauty,"Plot No. 17, Sector 12, Behind Central Mall, Lucknow, 231803",100,0,0,0
ORD03494,1,2,2,1100.0,fashion,"Door No. 5, Sector 12, Near City Hospital, Lucknow, 185276",100,8,0,0
ORD03495,1,3,0,1090.0,accessories,"Plot No. 17, Ashok Vihar, Jaipur, 420196",90,20,0,0
ORD03496,0,1,0,370.0,fashion,"Door No. 5, Church Street, Indore, 121506",90,16,1,0
ORD03497,1,1,0,2190.0,home,"Ashok Vihar, Near City Hospital, Bhopal, 373961",73,9,0,0
ORD03498,1,3,0,760.0,grocery,"Door No. 5, Nehru Nagar, Near Govt School, Ranchi, 657539",100,5,0,0
ORD03499,0,1,0,980.0,grocery,"H.No. 8, Station Road, Jaipur, 649778",90,2,0,0
ORD03500,1,2,5,270.0,fashion,"23, Nehru Nagar, Near Water Tank, Mirzapur, 851022",100,19,1,0
ORD03501,0,2,0,2370.0,accessories,"23, Park Street, Patna, 736488",90,23,0,0
ORD03502,1,3,3,320.0,accessories,"H.No. 8, Sector 12, Opposite SBI Bank, Patna",77,14,0,0
ORD03503,1,1,1,1230.0,home,"Church Street, Lucknow, 358989",63,20,1,0
ORD03504,0,1,0,370.0,electronics,"Station Road, Guwahati",40,21,0,0
ORD03505,1,2,0,460.0,fashion,"Flat 4B, Nehru Nagar, Kanpur, 590617",90,19,0,0
ORD03506,1,3,2,1070.0,home,"Plot No. 17, Model Colony, Jaipur, 328266",90,5,0,0
ORD03507,1,2,3,1230.0,electronics,"H.No. 8, Sector 12, Opposite Petrol Pump, Mumbai, 840324",100,2,0,0
ORD03508,0,2,0,310.0,grocery,"Flat 4B, Sector 12, Opposite SBI Bank, Lucknow",77,9,0,0
ORD03509,1,2,0,1280.0,electronics,"H.No. 8, Nehru Nagar, Near Water Tank, Pune, 811157",100,11,1,0
ORD03510,0,3,0,1250.0,beauty,"Plot No. 17, Sector 12, Near Govt School, Jaipur",77,0,0,0
ORD03511,0,3,0,380.0,fashion,"H.No. 8, Ashok Vihar, Mirzapur, 430526",90,21,1,0
ORD03512,0,3,1,1740.0,fashion,"Door No. 5, Church Street, Mirzapur, 598874",90,15,1,0
ORD03513,1,1,2,280.0,fashion,"Door No. 5, Model Colony, Near Govt School, Jaipur, 190563",100,16,1,0
ORD03514,1,1,0,460.0,fashion,"Plot No. 17, Park Street, Behind Central Mall, Indore, 687345",100,9,0,0
ORD03515,1,2,1,890.0,home,"Flat 4B, Station Road, Near City Hospital, Nagpur",77,11,0,0
ORD03516,1,3,1,400.0,grocery,"Door No. 5, MG Road, Mumbai, 400651",90,18,1,0
ORD03517,0,1,0,780.0,beauty,"Lake View Lane, Near Water Tank, Lucknow",50,7,1,0
ORD03518,0,1,0,770.0,home,"Door No. 5, Park Street, Mirzapur, 826396",90,22,1,0
ORD03519,0,3,1,590.0,beauty,"Door No. 5, Lake View Lane, Opposite Petrol Pump, Patna, 275002",100,7,0,1
ORD03520,0,1,2,1100.0,electronics,"Flat 4B, Gandhi Marg, Behind Central Mall, Kanpur, 349005",100,9,0,0
ORD03521,0,2,1,580.0,electronics,"Plot No. 17, Park Street, Near City Hospital, Mirzapur, 753718",100,9,1,0
ORD03522,0,2,0,760.0,electronics,"Flat 4B, Ashok Vihar, Indore, 601909",90,17,1,1
ORD03523,0,2,0,1320.0,beauty,"Door No. 5, Church Street, Lucknow, 472448",90,9,0,0
ORD03524,0,2,0,1070.0,fashion,"H.No. 8, Church Street, Patna, 181678",90,6,0,0
ORD03525,0,2,1,1070.0,fashion,"H.No. 8, Lake View Lane, Behind Central Mall, Mirzapur",77,3,0,0
ORD03526,0,2,2,330.0,home,"H.No. 8, Nehru Nagar, Indore, 287602",90,0,0,0
ORD03527,1,2,0,910.0,accessories,"H.No. 8, Gandhi Marg, Near Water Tank, Patna",77,10,1,0
ORD03528,1,2,2,390.0,beauty,"H.No. 8, Sector 12, Near City Hospital, Bhopal, 270282",100,18,0,0
ORD03529,1,2,1,310.0,grocery,"H.No. 8, Model Colony, Near City Hospital, Jaipur, 546060",100,4,0,0
ORD03530,0,1,1,640.0,beauty,"Plot No. 17, Lake View Lane, Nagpur, 155262",90,7,1,0
ORD03531,0,1,4,390.0,electronics,"Ashok Vihar, Opposite SBI Bank, Pune, 585256",73,1,0,1
ORD03532,1,1,0,1070.0,beauty,"Ashok Vihar, Near Water Tank, Mirzapur",50,1,1,0
ORD03533,0,1,3,1080.0,grocery,"H.No. 8, MG Road, Near Govt School, Mumbai, 762092",100,23,1,1
ORD03534,0,2,0,210.0,fashion,"Door No. 5, Station Road, Guwahati, 677945",90,13,1,0
ORD03535,0,3,0,400.0,electronics,"H.No. 8, MG Road, Mirzapur, 440654",90,8,0,0
ORD03536,0,2,2,280.0,fashion,"MG Road, Behind Central Mall, Lucknow",50,9,0,0
ORD03537,0,3,3,500.0,electronics,"Flat 4B, Gandhi Marg, Indore, 349715",90,12,0,1
ORD03538,0,2,0,870.0,accessories,"23, Nehru Nagar, Patna",67,0,0,0
ORD03539,1,2,1,580.0,electronics,"Ashok Vihar, Opposite SBI Bank, Lucknow, 810376",73,13,0,0
ORD03540,0,2,1,470.0,electronics,"Flat 4B, Model Colony, Bhopal, 670735",90,1,0,0
ORD03541,0,1,2,1450.0,accessories,"Flat 4B, Gandhi Marg, Nagpur, 684925",90,3,0,0
ORD03542,1,1,0,200.0,home,"H.No. 8, Station Road, Nagpur, 669105",90,18,0,0
ORD03543,0,2,2,1400.0,home,"Model Colony, Near City Hospital, Nagpur, 827297",73,0,1,1
ORD03544,0,3,0,480.0,accessories,"H.No. 8, Lake View Lane, Near City Hospital, Lucknow, 593476",100,3,1,0
ORD03545,1,1,0,630.0,electronics,"Flat 4B, Model Colony, Nagpur, 276106",90,10,0,0
ORD03546,0,1,0,480.0,beauty,"Plot No. 17, Park Street, Patna, 426858",90,12,1,0
ORD03547,0,3,0,1680.0,fashion,"Flat 4B, Park Street, Near City Hospital, Pune, 514164",100,17,0,0
ORD03548,0,1,4,320.0,fashion,"Door No. 5, Sector 12, Lucknow",67,9,1,1
ORD03549,0,3,0,670.0,electronics,"H.No. 8, Ashok Vihar, Patna, 789009",90,4,0,1
ORD03550,1,2,4,910.0,electronics,"Sector 12, Mirzapur, 401860",63,0,0,0
ORD03551,1,3,0,250.0,accessories,"Flat 4B, Model Colony, Mumbai, 191866",90,13,0,0
ORD03552,0,2,1,380.0,accessories,"23, Model Colony, Near City Hospital, Indore, 850055",100,15,0,0
ORD03553,1,2,2,610.0,accessories,"Door No. 5, Gandhi Marg, Opposite Petrol Pump, Jaipur",77,23,0,0
ORD03554,0,2,1,390.0,electronics,"Door No. 5, Station Road, Behind Central Mall, Ranchi, 704378",100,17,0,0
ORD03555,0,2,1,410.0,accessories,"Nehru Nagar, Jaipur, 215190",63,2,0,0
ORD03556,1,2,1,540.0,beauty,"Flat 4B, Lake View Lane, Mirzapur, 807489",90,2,0,0
ORD03557,0,1,2,980.0,electronics,"Door No. 5, Church Street, Bhopal, 479010",90,3,0,1
ORD03558,0,2,2,540.0,beauty,"Flat 4B, MG Road, Nagpur, 165379",90,6,0,0
ORD03559,0,2,0,1270.0,fashion,"H.No. 8, Model Colony, Guwahati, 246050",90,12,0,1
ORD03560,0,3,2,370.0,fashion,"Door No. 5, Model Colony, Near Govt School, Bhopal, 505485",100,8,0,1
ORD03561,0,2,0,310.0,grocery,"H.No. 8, Nehru Nagar, Nagpur, 454137",90,2,1,0
ORD03562,1,2,0,2110.0,beauty,"H.No. 8, Park Street, Opposite Petrol Pump, Indore",77,16,0,0
ORD03563,0,1,2,450.0,electronics,"H.No. 8, MG Road, Nagpur, 234774",90,14,1,0
ORD03564,0,2,0,300.0,home,"Flat 4B, Ashok Vihar, Nagpur",67,9,0,0
ORD03565,0,2,2,230.0,accessories,"Plot No. 17, MG Road, Pune, 790217",90,14,1,0
ORD03566,1,3,0,1270.0,beauty,"Flat 4B, Park Street, Opposite SBI Bank, Ranchi, 436239",100,0,0,0
ORD03567,1,3,0,540.0,electronics,"Door No. 5, Sector 12, Opposite SBI Bank, Nagpur, 685215",100,21,0,0
ORD03568,1,1,0,570.0,fashion,"Plot No. 17, MG Road, Behind Central Mall, Kanpur, 490625",100,20,0,0
ORD03569,1,3,0,600.0,fashion,"23, Church Street, Ranchi",67,9,0,0
ORD03570,1,1,2,1220.0,accessories,"Flat 4B, Gandhi Marg, Opposite SBI Bank, Patna, 343948",100,6,0,0
ORD03571,0,2,0,600.0,electronics,"Plot No. 17, MG Road, Jaipur, 264961",90,6,1,1
ORD03572,0,2,0,2710.0,electronics,"Plot No. 17, Lake View Lane, Opposite Petrol Pump, Nagpur, 112674",100,2,1,1
ORD03573,1,1,0,720.0,electronics,"Plot No. 17, Gandhi Marg, Behind Central Mall, Nagpur, 611875",100,6,0,0
ORD03574,1,2,0,1260.0,accessories,"Door No. 5, Ashok Vihar, Near City Hospital, Guwahati, 196679",100,8,1,0
ORD03575,1,1,2,1080.0,beauty,"Station Road, Guwahati",40,7,1,0
ORD03576,0,1,0,650.0,beauty,"Flat 4B, Ashok Vihar, Near Water Tank, Kanpur",77,2,0,0
ORD03577,0,2,1,470.0,electronics,"Plot No. 17, Sector 12, Near Water Tank, Mumbai, 848405",100,4,1,0
ORD03578,0,2,3,810.0,fashion,"Door No. 5, Ashok Vihar, Pune, 755599",90,12,0,0
ORD03579,1,3,1,900.0,accessories,"H.No. 8, MG Road, Mirzapur, 775028",90,12,0,0
ORD03580,0,2,2,470.0,accessories,"H.No. 8, Park Street, Mumbai, 662851",90,7,0,0
ORD03581,0,2,0,730.0,accessories,"Flat 4B, Gandhi Marg, Kanpur, 831416",90,17,1,1
ORD03582,1,2,0,1400.0,accessories,"23, Sector 12, Indore",67,6,0,0
ORD03583,0,1,3,2300.0,grocery,"Gandhi Marg, Guwahati",40,9,0,1
ORD03584,1,1,1,1110.0,beauty,"Sector 12, Lucknow, 377141",63,9,0,0
ORD03585,0,2,1,2030.0,grocery,"Plot No. 17, Lake View Lane, Lucknow",67,22,0,0
ORD03586,0,2,1,460.0,beauty,"Park Street, Near City Hospital, Indore, 759501",73,10,0,1
ORD03587,0,2,0,1010.0,fashion,"Flat 4B, Ashok Vihar, Guwahati, 348228",90,11,0,0
ORD03588,1,2,0,1480.0,electronics,"Model Colony, Opposite Petrol Pump, Nagpur",50,12,0,0
ORD03589,0,2,2,390.0,accessories,"Nehru Nagar, Guwahati",40,7,0,0
ORD03590,0,1,1,500.0,electronics,"Plot No. 17, MG Road, Opposite Petrol Pump, Pune, 316652",100,16,0,0
ORD03591,1,1,0,1890.0,accessories,"23, Gandhi Marg, Indore",67,23,1,0
ORD03592,0,3,3,370.0,fashion,"Flat 4B, Sector 12, Jaipur, 805510",90,13,1,1
ORD03593,1,2,0,300.0,electronics,"23, MG Road, Ranchi",67,16,0,0
ORD03594,1,3,0,1660.0,electronics,"Plot No. 17, Park Street, Near Govt School, Nagpur",77,18,0,0
ORD03595,0,1,3,1360.0,fashion,"Door No. 5, Station Road, Behind Central Mall, Indore, 731263",100,15,1,1
ORD03596,1,3,2,860.0,fashion,"Lake View Lane, Behind Central Mall, Bhopal, 178286",73,8,0,0
ORD03597,0,1,0,650.0,fashion,"23, Nehru Nagar, Indore, 521086",90,19,1,0
ORD03598,1,1,0,510.0,grocery,"Flat 4B, Sector 12, Jaipur, 142716",90,9,0,0
ORD03599,0,3,0,790.0,fashion,"Model Colony, Near Govt School, Mirzapur, 762669",73,8,0,0
ORD03600,1,1,1,1720.0,fashion,"H.No. 8, Ashok Vihar, Mumbai, 665584",90,0,0,0
ORD03601,0,2,0,770.0,fashion,"23, Station Road, Ranchi, 616617",90,23,0,0
ORD03602,1,1,2,2440.0,beauty,"Plot No. 17, Nehru Nagar, Mirzapur, 140779",90,2,0,0
ORD03603,0,2,4,390.0,beauty,"23, MG Road, Mirzapur, 579106",90,10,0,1
ORD03604,0,3,2,660.0,beauty,"Plot No. 17, Church Street, Mirzapur",67,6,1,0
ORD03605,0,2,0,530.0,electronics,"Gandhi Marg, Patna, 221594",63,17,0,0
ORD03606,0,2,2,350.0,fashion,"Plot No. 17, Nehru Nagar, Near Water Tank, Guwahati, 127261",100,12,0,1
ORD03607,1,1,0,610.0,beauty,"23, Sector 12, Indore",67,22,0,0
ORD03608,0,2,0,850.0,grocery,"Lake View Lane, Near City Hospital, Patna, 852965",73,22,0,0
ORD03609,1,2,0,910.0,fashion,"23, Station Road, Mirzapur, 459511",90,17,0,0
ORD03610,1,1,0,2450.0,electronics,"Sector 12, Lucknow",40,15,0,0
ORD03611,1,2,3,880.0,fashion,"23, Sector 12, Near Govt School, Nagpur, 394607",100,23,0,0
ORD03612,0,1,0,1330.0,fashion,"Door No. 5, MG Road, Near City Hospital, Guwahati, 461034",100,15,0,0
ORD03613,0,3,0,690.0,beauty,"Ashok Vihar, Behind Central Mall, Lucknow, 708549",73,20,0,1
ORD03614,1,2,4,1820.0,home,"Model Colony, Near Govt School, Ranchi, 464094",73,9,1,0
ORD03615,0,1,0,2800.0,fashion,"Plot No. 17, Park Street, Near City Hospital, Kanpur, 846309",100,8,1,0
ORD03616,0,2,2,910.0,electronics,"Flat 4B, Church Street, Opposite Petrol Pump, Mumbai, 727894",100,7,1,0
ORD03617,1,2,0,370.0,accessories,"23, Sector 12, Behind Central Mall, Kanpur, 207178",100,18,1,0
ORD03618,1,2,0,480.0,grocery,"Door No. 5, Gandhi Marg, Opposite Petrol Pump, Jaipur",77,2,0,0
ORD03619,1,3,3,790.0,accessories,"H.No. 8, Lake View Lane, Kanpur",67,23,1,0
ORD03620,0,2,0,870.0,electronics,"Park Street, Opposite SBI Bank, Guwahati, 590399",73,8,0,0
ORD03621,1,3,1,1010.0,beauty,"23, Gandhi Marg, Indore, 335727",90,1,0,0
ORD03622,0,2,0,880.0,electronics,"Plot No. 17, Park Street, Near Govt School, Guwahati, 111631",100,18,0,0
ORD03623,0,1,0,670.0,fashion,"23, Church Street, Pune, 233775",90,7,1,0
ORD03624,1,2,0,450.0,electronics,"H.No. 8, Station Road, Indore, 486624",90,17,0,1
ORD03625,0,2,0,850.0,home,"23, Nehru Nagar, Near Govt School, Patna, 483371",100,7,0,0
ORD03626,0,2,0,2020.0,fashion,"23, Sector 12, Pune, 465473",90,4,1,0
ORD03627,0,3,2,1230.0,grocery,"Flat 4B, Nehru Nagar, Near City Hospital, Bhopal, 223038",100,5,0,0
ORD03628,1,2,0,920.0,fashion,"Sector 12, Ranchi, 519622",63,9,0,0
ORD03629,1,3,0,1230.0,electronics,"Plot No. 17, MG Road, Indore, 188106",90,14,0,0
ORD03630,1,3,0,530.0,fashion,"H.No. 8, Park Street, Near Water Tank, Patna, 552178",100,3,1,0
ORD03631,1,2,3,490.0,electronics,"Flat 4B, Station Road, Kanpur, 547033",90,2,1,0
ORD03632,0,2,3,420.0,fashion,"Plot No. 17, Gandhi Marg, Opposite Petrol Pump, Mirzapur, 734235",100,23,1,0
ORD03633,0,2,1,620.0,fashion,"H.No. 8, Church Street, Mirzapur, 407381",90,8,0,0
ORD03634,0,3,3,520.0,electronics,"23, Lake View Lane, Near City Hospital, Patna, 800511",100,15,0,1
ORD03635,0,2,0,1370.0,electronics,"Door No. 5, Park Street, Opposite Petrol Pump, Lucknow, 237982",100,15,0,0
ORD03636,0,1,0,500.0,home,"Door No. 5, Station Road, Opposite SBI Bank, Mumbai, 416422",100,14,0,0
ORD03637,1,2,1,410.0,fashion,"23, Sector 12, Near City Hospital, Pune, 256341",100,23,0,0
ORD03638,0,2,1,2130.0,home,"Plot No. 17, Nehru Nagar, Bhopal, 787348",90,8,0,0
ORD03639,0,1,0,510.0,home,"Plot No. 17, Station Road, Near City Hospital, Mumbai, 581378",100,16,1,0
ORD03640,0,1,0,730.0,electronics,"Flat 4B, Nehru Nagar, Opposite SBI Bank, Ranchi",77,20,1,0
ORD03641,0,2,5,870.0,grocery,"Door No. 5, Gandhi Marg, Pune, 300735",90,11,0,0
ORD03642,1,2,2,340.0,home,"H.No. 8, Ashok Vihar, Patna",67,22,0,0
ORD03643,0,2,0,1400.0,electronics,"23, Nehru Nagar, Behind Central Mall, Mirzapur",77,7,0,0
ORD03644,0,1,1,970.0,accessories,"H.No. 8, Sector 12, Behind Central Mall, Indore, 319172",100,13,0,0
ORD03645,1,1,0,1690.0,grocery,"Station Road, Ranchi, 125195",63,17,0,0
ORD03646,0,2,0,440.0,accessories,"23, Nehru Nagar, Mumbai, 821681",90,11,0,0
ORD03647,0,2,0,710.0,beauty,"Door No. 5, Ashok Vihar, Lucknow, 261698",90,13,1,0
ORD03648,0,1,0,680.0,electronics,"Flat 4B, Ashok Vihar, Kanpur, 512522",90,19,0,0
ORD03649,1,2,0,780.0,fashion,"Plot No. 17, Gandhi Marg, Bhopal",67,22,0,0
ORD03650,1,2,2,280.0,beauty,"H.No. 8, Station Road, Mumbai, 343528",90,4,1,0
ORD03651,1,1,0,710.0,accessories,"Nehru Nagar, Kanpur, 252913",63,0,1,0
ORD03652,0,1,1,280.0,beauty,"H.No. 8, Model Colony, Opposite Petrol Pump, Patna",77,12,0,0
ORD03653,1,1,0,820.0,accessories,"Door No. 5, Ashok Vihar, Behind Central Mall, Ranchi, 648675",100,13,1,0
ORD03654,0,3,0,200.0,electronics,"23, MG Road, Kanpur, 419109",90,1,0,1
ORD03655,0,3,3,220.0,electronics,"Gandhi Marg, Lucknow, 701646",63,15,1,0
ORD03656,0,3,1,1090.0,accessories,"Flat 4B, Station Road, Near City Hospital, Lucknow, 832023",100,4,0,0
ORD03657,0,2,4,480.0,grocery,"Plot No. 17, Model Colony, Opposite SBI Bank, Mumbai",77,21,0,1
ORD03658,0,2,5,370.0,accessories,"H.No. 8, Model Colony, Near Govt School, Nagpur",77,0,1,1
ORD03659,1,2,0,1430.0,grocery,"Park Street, Near Water Tank, Jaipur, 184084",73,11,0,0
ORD03660,1,2,0,810.0,electronics,"23, Sector 12, Patna, 405796",90,18,0,0
ORD03661,0,1,2,1120.0,home,"Flat 4B, Lake View Lane, Guwahati, 382094",90,21,1,0
ORD03662,0,2,5,600.0,accessories,"H.No. 8, Nehru Nagar, Behind Central Mall, Nagpur",77,21,0,1
ORD03663,0,3,1,3320.0,home,"Plot No. 17, Model Colony, Lucknow",67,22,0,0
ORD03664,0,2,2,460.0,fashion,"Door No. 5, Model Colony, Jaipur, 650725",90,9,1,1
ORD03665,1,2,2,1890.0,electronics,"Plot No. 17, Nehru Nagar, Indore, 759291",90,11,1,0
ORD03666,0,1,0,640.0,home,"H.No. 8, Church Street, Lucknow, 578273",90,18,1,0
ORD03667,1,2,1,250.0,fashion,"Park Street, Opposite Petrol Pump, Bhopal, 148127",73,15,1,0
ORD03668,0,2,2,890.0,beauty,"Flat 4B, MG Road, Guwahati, 607172",90,16,1,1
ORD03669,0,3,1,800.0,fashion,"H.No. 8, Gandhi Marg, Lucknow, 475596",90,12,1,0
ORD03670,0,2,0,350.0,electronics,"Nehru Nagar, Opposite SBI Bank, Mirzapur, 497058",73,6,0,0
ORD03671,0,3,0,380.0,grocery,"H.No. 8, Nehru Nagar, Near Water Tank, Pune, 838607",100,2,0,0
ORD03672,0,2,0,660.0,electronics,"Plot No. 17, Nehru Nagar, Opposite Petrol Pump, Lucknow, 476559",100,4,0,0
ORD03673,1,3,0,820.0,grocery,"Door No. 5, Gandhi Marg, Opposite Petrol Pump, Patna, 386714",100,3,0,0
ORD03674,0,2,3,200.0,electronics,"Plot No. 17, Lake View Lane, Lucknow, 247101",90,14,0,0
ORD03675,1,2,0,1250.0,accessories,"Flat 4B, Church Street, Bhopal, 353082",90,16,1,0
ORD03676,0,2,0,490.0,fashion,"23, Lake View Lane, Jaipur, 220541",90,11,0,0
ORD03677,0,2,0,300.0,fashion,"Plot No. 17, Ashok Vihar, Mirzapur, 426045",90,22,1,1
ORD03678,0,3,1,1170.0,accessories,"H.No. 8, Model Colony, Kanpur, 136088",90,13,0,0
ORD03679,1,1,0,660.0,grocery,"23, Model Colony, Pune, 797536",90,3,0,0
ORD03680,0,1,0,1380.0,fashion,"Model Colony, Behind Central Mall, Guwahati",50,16,0,1
ORD03681,1,3,0,870.0,accessories,"23, Model Colony, Opposite Petrol Pump, Indore, 718867",100,10,1,0
ORD03682,0,2,0,660.0,home,"Plot No. 17, MG Road, Opposite Petrol Pump, Mumbai, 497779",100,5,0,0
ORD03683,1,2,0,610.0,accessories,"H.No. 8, Gandhi Marg, Nagpur, 453443",90,3,0,0
ORD03684,0,2,0,890.0,home,"Flat 4B, Gandhi Marg, Behind Central Mall, Nagpur",77,12,0,1
ORD03685,1,1,4,520.0,electronics,"Door No. 5, Lake View Lane, Bhopal, 124493",90,19,0,0
ORD03686,1,3,0,400.0,electronics,"Plot No. 17, Park Street, Opposite Petrol Pump, Jaipur, 815943",100,14,0,0
ORD03687,1,2,0,960.0,electronics,"MG Road, Kanpur, 323738",63,17,0,0
ORD03688,0,2,1,610.0,home,"H.No. 8, Ashok Vihar, Mirzapur, 441514",90,16,1,0
ORD03689,0,2,0,680.0,electronics,"Door No. 5, MG Road, Near Govt School, Guwahati, 656987",100,18,0,1
ORD03690,0,3,1,1280.0,fashion,"Flat 4B, Nehru Nagar, Near Water Tank, Indore, 370649",100,9,0,1
ORD03691,1,1,0,620.0,fashion,"H.No. 8, Gandhi Marg, Near Water Tank, Indore, 178399",100,4,1,0
ORD03692,0,3,1,670.0,fashion,"Flat 4B, Lake View Lane, Ranchi, 232139",90,11,1,0
ORD03693,1,1,2,460.0,accessories,"Plot No. 17, Lake View Lane, Near Govt School, Pune, 340016",100,14,1,0
ORD03694,0,2,3,860.0,home,"Door No. 5, MG Road, Kanpur, 390453",90,22,0,0
ORD03695,0,3,0,820.0,grocery,"Plot No. 17, Lake View Lane, Jaipur, 125895",90,3,1,0
ORD03696,0,2,0,1140.0,accessories,"Door No. 5, Sector 12, Near Govt School, Ranchi, 434883",100,7,0,0
ORD03697,1,2,0,470.0,beauty,"Flat 4B, Nehru Nagar, Behind Central Mall, Mumbai, 661156",100,19,0,0
ORD03698,1,2,3,510.0,accessories,"Plot No. 17, Lake View Lane, Near Water Tank, Mirzapur, 824107",100,21,0,0
ORD03699,1,2,3,1070.0,electronics,"Flat 4B, Nehru Nagar, Kanpur, 344588",90,16,0,0
ORD03700,0,1,0,770.0,fashion,"Flat 4B, Station Road, Nagpur, 600957",90,5,0,0
ORD03701,1,3,0,390.0,electronics,"Flat 4B, MG Road, Pune, 156555",90,15,1,0
ORD03702,1,3,0,1460.0,electronics,"Plot No. 17, Station Road, Jaipur, 412001",90,4,1,0
ORD03703,0,2,0,240.0,accessories,"H.No. 8, Nehru Nagar, Opposite Petrol Pump, Mumbai, 617845",100,13,1,0
ORD03704,1,2,0,1060.0,home,"23, Gandhi Marg, Mumbai, 303301",90,1,0,0
ORD03705,1,1,0,310.0,fashion,"Door No. 5, Lake View Lane, Opposite Petrol Pump, Mumbai",77,16,1,0
ORD03706,1,1,1,2060.0,beauty,"H.No. 8, Sector 12, Near Govt School, Patna, 296085",100,5,0,0
ORD03707,1,2,4,260.0,home,"Door No. 5, Church Street, Behind Central Mall, Jaipur",77,10,0,1
ORD03708,0,3,5,1330.0,fashion,"Flat 4B, Model Colony, Ranchi, 705451",90,1,1,1
ORD03709,0,2,0,630.0,home,"Gandhi Marg, Ranchi, 853755",63,0,1,0
ORD03710,1,3,1,530.0,accessories,"Plot No. 17, Model Colony, Mirzapur, 596527",90,4,0,0
ORD03711,0,1,2,740.0,grocery,"Plot No. 17, Lake View Lane, Mumbai, 816499",90,7,0,0
ORD03712,1,2,0,970.0,home,"Flat 4B, MG Road, Near Govt School, Jaipur, 706799",100,3,0,0
ORD03713,1,1,1,390.0,electronics,"Flat 4B, Park Street, Near Water Tank, Mirzapur",77,18,1,0
ORD03714,1,2,0,410.0,fashion,"Model Colony, Behind Central Mall, Nagpur",50,4,1,1
ORD03715,1,1,0,980.0,electronics,"23, Model Colony, Near City Hospital, Lucknow, 199604",100,4,0,0
ORD03716,0,3,0,240.0,grocery,"Door No. 5, Nehru Nagar, Opposite SBI Bank, Patna",77,23,0,0
ORD03717,0,1,0,470.0,electronics,"23, Model Colony, Ranchi, 183521",90,15,0,0
ORD03718,0,3,1,4120.0,fashion,"Plot No. 17, Station Road, Jaipur",67,21,0,0
ORD03719,0,2,0,370.0,accessories,"MG Road, Patna, 719238",63,17,0,0
ORD03720,0,3,0,1320.0,grocery,"Station Road, Near City Hospital, Patna, 608290",73,10,0,0
ORD03721,0,2,0,470.0,beauty,"Sector 12, Kanpur, 774755",63,16,1,0
ORD03722,1,3,2,900.0,fashion,"H.No. 8, Model Colony, Mumbai",67,2,0,0
ORD03723,1,1,0,980.0,fashion,"Door No. 5, Ashok Vihar, Near Water Tank, Pune",77,17,0,0
ORD03724,0,2,1,1310.0,fashion,"Plot No. 17, Ashok Vihar, Pune, 174277",90,3,1,1
ORD03725,0,3,1,590.0,beauty,"23, Sector 12, Opposite SBI Bank, Pune, 177170",100,18,0,0
ORD03726,1,1,0,2190.0,fashion,"Door No. 5, Sector 12, Opposite Petrol Pump, Kanpur, 359429",100,8,1,0
ORD03727,0,1,0,470.0,grocery,"H.No. 8, Model Colony, Mumbai",67,4,0,0
ORD03728,0,2,1,770.0,accessories,"Flat 4B, MG Road, Near City Hospital, Kanpur",77,3,0,0
ORD03729,0,3,0,770.0,electronics,"Plot No. 17, Ashok Vihar, Guwahati, 236265",90,15,0,0
ORD03730,1,2,0,340.0,electronics,"23, Church Street, Near City Hospital, Mumbai, 664857",100,9,0,0
ORD03731,0,2,1,560.0,beauty,"MG Road, Guwahati",40,8,1,1
ORD03732,1,1,0,730.0,accessories,"Door No. 5, Church Street, Mumbai, 461592",90,15,0,0
ORD03733,0,1,0,510.0,accessories,"Plot No. 17, Lake View Lane, Opposite SBI Bank, Kanpur, 179997",100,19,1,0
ORD03734,0,3,0,2880.0,fashion,"H.No. 8, Nehru Nagar, Lucknow, 294791",90,21,1,0
ORD03735,0,1,0,400.0,fashion,"H.No. 8, Church Street, Opposite Petrol Pump, Bhopal, 381481",100,16,0,0
ORD03736,0,2,1,1350.0,grocery,"23, Ashok Vihar, Guwahati",67,17,1,1
ORD03737,1,3,1,1110.0,beauty,"Plot No. 17, Lake View Lane, Opposite Petrol Pump, Pune, 375441",100,14,0,0
ORD03738,1,1,1,660.0,fashion,"23, Nehru Nagar, Patna, 308008",90,19,0,0
ORD03739,1,2,1,400.0,home,"Door No. 5, Gandhi Marg, Near Water Tank, Guwahati, 314179",100,8,1,0
ORD03740,1,1,0,420.0,grocery,"Plot No. 17, Lake View Lane, Jaipur, 759574",90,5,0,0
ORD03741,1,2,0,490.0,fashion,"Model Colony, Bhopal",40,5,1,0
ORD03742,1,1,0,230.0,accessories,"Plot No. 17, MG Road, Near Water Tank, Indore, 823379",100,10,1,0
ORD03743,1,2,0,360.0,fashion,"Flat 4B, Church Street, Opposite SBI Bank, Mumbai, 302401",100,19,1,0
ORD03744,0,2,5,270.0,grocery,"Flat 4B, Model Colony, Near City Hospital, Guwahati, 393922",100,2,1,1
ORD03745,0,2,2,1490.0,beauty,"Flat 4B, Ashok Vihar, Jaipur, 611271",90,22,0,1
ORD03746,0,2,0,960.0,electronics,"H.No. 8, Gandhi Marg, Near Water Tank, Mumbai",77,11,0,0
ORD03747,1,1,0,1070.0,beauty,"Sector 12, Bhopal",40,14,0,0
ORD03748,0,2,0,950.0,grocery,"H.No. 8, Church Street, Behind Central Mall, Guwahati, 240125",100,6,1,0
ORD03749,0,2,0,740.0,accessories,"H.No. 8, Lake View Lane, Patna, 460721",90,21,0,0
ORD03750,1,2,0,1600.0,electronics,"Model Colony, Kanpur, 278126",63,17,1,0
ORD03751,1,1,0,460.0,beauty,"Plot No. 17, Church Street, Near Water Tank, Jaipur, 824363",100,21,1,0
ORD03752,1,2,2,710.0,beauty,"H.No. 8, MG Road, Near Water Tank, Mirzapur",77,14,0,0
ORD03753,0,1,1,1040.0,home,"Plot No. 17, Sector 12, Opposite Petrol Pump, Patna, 832901",100,7,0,0
ORD03754,1,2,0,300.0,accessories,"Flat 4B, Sector 12, Opposite SBI Bank, Patna",77,21,0,0
ORD03755,0,1,0,4260.0,fashion,"Plot No. 17, MG Road, Near City Hospital, Nagpur, 435087",100,8,1,0
ORD03756,0,2,0,680.0,fashion,"Door No. 5, Sector 12, Pune, 494360",90,14,1,0
ORD03757,0,1,2,720.0,home,"Plot No. 17, MG Road, Near Water Tank, Patna, 152144",100,15,0,0
ORD03758,0,3,2,1410.0,fashion,"Flat 4B, Station Road, Near Govt School, Patna, 548981",100,19,1,0
ORD03759,0,3,3,1150.0,accessories,"Sector 12, Guwahati, 790270",63,2,0,0
ORD03760,1,1,0,680.0,beauty,"23, Nehru Nagar, Opposite Petrol Pump, Pune",77,4,0,0
ORD03761,0,2,1,720.0,electronics,"Station Road, Near Govt School, Guwahati",50,2,0,0
ORD03762,1,1,0,270.0,grocery,"Plot No. 17, Nehru Nagar, Near Govt School, Jaipur, 208298",100,1,0,0
ORD03763,0,2,1,480.0,electronics,"23, Ashok Vihar, Kanpur, 151625",90,1,0,0
ORD03764,0,2,0,910.0,home,"H.No. 8, Park Street, Opposite SBI Bank, Mirzapur, 302948",100,3,1,0
ORD03765,0,2,0,870.0,fashion,"H.No. 8, MG Road, Behind Central Mall, Pune",77,2,1,1
ORD03766,0,2,1,1380.0,electronics,"23, Church Street, Bhopal, 738182",90,8,0,0
ORD03767,1,1,0,620.0,fashion,"23, Park Street, Near Govt School, Bhopal",77,22,1,0
ORD03768,0,2,0,290.0,beauty,"H.No. 8, Park Street, Opposite Petrol Pump, Nagpur, 151523",100,21,0,1
ORD03769,0,1,0,1250.0,electronics,"Lake View Lane, Near Water Tank, Kanpur, 418742",73,11,1,0
ORD03770,0,2,0,1570.0,electronics,"Plot No. 17, Nehru Nagar, Opposite Petrol Pump, Jaipur, 235433",100,23,0,0
ORD03771,0,2,0,1140.0,electronics,"Door No. 5, Church Street, Ranchi, 708648",90,8,0,0
ORD03772,1,2,0,600.0,fashion,"Plot No. 17, Lake View Lane, Indore, 760548",90,18,0,0
ORD03773,0,1,0,1240.0,accessories,"Gandhi Marg, Guwahati, 169394",63,11,1,0
ORD03774,1,2,0,5200.0,fashion,"MG Road, Near Water Tank, Guwahati, 738892",73,15,0,0
ORD03775,1,2,5,710.0,accessories,"Flat 4B, Station Road, Lucknow, 807016",90,22,0,0
ORD03776,1,1,0,300.0,home,"H.No. 8, Sector 12, Opposite SBI Bank, Lucknow, 558658",100,0,0,0
ORD03777,1,2,0,470.0,beauty,"Flat 4B, Gandhi Marg, Ranchi",67,9,0,0
ORD03778,1,3,0,970.0,electronics,"H.No. 8, Station Road, Behind Central Mall, Ranchi, 731205",100,22,0,0
ORD03779,1,3,2,250.0,accessories,"H.No. 8, MG Road, Pune, 740006",90,9,0,0
ORD03780,1,2,1,740.0,fashion,"Door No. 5, Station Road, Opposite Petrol Pump, Ranchi, 568717",100,3,0,0
ORD03781,0,2,0,840.0,home,"23, Ashok Vihar, Opposite SBI Bank, Mumbai, 339982",100,10,0,0
ORD03782,0,1,1,1670.0,accessories,"Door No. 5, Station Road, Opposite SBI Bank, Mirzapur",77,21,0,1
ORD03783,0,3,1,1460.0,accessories,"Ashok Vihar, Indore",40,10,0,1
ORD03784,1,1,1,1120.0,home,"Door No. 5, MG Road, Near City Hospital, Mirzapur",77,10,0,0
ORD03785,1,3,1,200.0,accessories,"Door No. 5, MG Road, Indore, 832922",90,21,0,0
ORD03786,0,2,3,1160.0,beauty,"Flat 4B, Lake View Lane, Mumbai, 518770",90,5,0,1
ORD03787,1,2,3,1020.0,fashion,"23, Nehru Nagar, Behind Central Mall, Lucknow, 592207",100,14,0,0
ORD03788,0,3,1,780.0,electronics,"Plot No. 17, MG Road, Near Water Tank, Guwahati",77,1,0,0
ORD03789,0,1,0,240.0,electronics,"23, Sector 12, Mirzapur, 239628",90,20,0,0
ORD03790,1,2,1,420.0,electronics,"H.No. 8, Nehru Nagar, Near Water Tank, Bhopal, 229523",100,22,0,0
ORD03791,0,2,2,330.0,grocery,"23, Station Road, Lucknow, 799063",90,21,0,1
ORD03792,0,1,0,200.0,home,"23, Gandhi Marg, Nagpur, 663598",90,2,0,0
ORD03793,1,2,5,660.0,fashion,"23, Church Street, Nagpur, 660366",90,4,0,0
ORD03794,1,2,0,410.0,accessories,"23, Gandhi Marg, Opposite Petrol Pump, Nagpur, 777235",100,23,0,0
ORD03795,0,2,0,3210.0,fashion,"23, Station Road, Opposite SBI Bank, Ranchi, 770207",100,10,0,0
ORD03796,1,1,3,600.0,accessories,"H.No. 8, Lake View Lane, Nagpur, 548478",90,20,0,0
ORD03797,0,3,0,1450.0,accessories,"Door No. 5, Model Colony, Nagpur, 789211",90,11,0,0
ORD03798,0,1,0,260.0,accessories,"23, Church Street, Kanpur, 649360",90,2,1,0
ORD03799,0,1,0,480.0,grocery,"Door No. 5, Lake View Lane, Near City Hospital, Nagpur, 185931",100,8,0,0
ORD03800,1,1,0,700.0,fashion,"Door No. 5, Sector 12, Guwahati, 718370",90,2,0,0
ORD03801,0,1,0,390.0,home,"Church Street, Mirzapur",40,1,0,0
ORD03802,1,1,0,520.0,fashion,"Flat 4B, Ashok Vihar, Nagpur, 588069",90,5,0,0
ORD03803,1,3,0,580.0,fashion,"Door No. 5, Ashok Vihar, Near City Hospital, Jaipur, 350462",100,23,0,0
ORD03804,1,2,5,580.0,beauty,"Door No. 5, Nehru Nagar, Lucknow, 276760",90,5,0,0
ORD03805,0,1,5,2020.0,fashion,"23, Church Street, Indore, 132362",90,16,1,1
ORD03806,1,1,0,830.0,accessories,"Door No. 5, Station Road, Near Govt School, Nagpur, 183134",100,7,1,1
ORD03807,0,2,1,890.0,accessories,"Flat 4B, Model Colony, Mirzapur, 727679",90,0,0,1
ORD03808,0,3,0,920.0,electronics,"23, Model Colony, Near City Hospital, Bhopal, 291897",100,7,0,0
ORD03809,0,1,0,960.0,home,"H.No. 8, Park Street, Patna",67,21,0,0
ORD03810,0,1,0,630.0,electronics,"Flat 4B, MG Road, Mumbai, 686696",90,14,0,0
ORD03811,1,1,4,550.0,accessories,"Nehru Nagar, Nagpur, 267158",63,17,0,1
ORD03812,0,1,4,740.0,beauty,"MG Road, Opposite Petrol Pump, Bhopal, 558701",73,12,0,1
ORD03813,0,1,0,1330.0,fashion,"Flat 4B, MG Road, Guwahati",67,7,0,1
ORD03814,1,2,0,1310.0,electronics,"Plot No. 17, Gandhi Marg, Pune, 260030",90,19,0,0
ORD03815,0,1,0,580.0,electronics,"Door No. 5, Lake View Lane, Lucknow, 435882",90,17,0,0
ORD03816,1,2,0,1050.0,accessories,"23, Church Street, Guwahati",67,12,0,0
ORD03817,0,1,1,590.0,fashion,"Plot No. 17, Gandhi Marg, Jaipur, 399148",90,13,1,0
ORD03818,1,3,0,680.0,fashion,"Plot No. 17, Gandhi Marg, Near Govt School, Mirzapur, 438843",100,14,1,0
ORD03819,1,3,2,500.0,accessories,"H.No. 8, Gandhi Marg, Bhopal, 180592",90,5,1,1
ORD03820,0,2,0,600.0,accessories,"Door No. 5, Model Colony, Guwahati, 700596",90,0,0,0
ORD03821,0,2,3,1490.0,accessories,"Plot No. 17, Gandhi Marg, Kanpur",67,6,0,0
ORD03822,0,2,1,700.0,home,"Flat 4B, Station Road, Mumbai",67,0,0,1
ORD03823,1,2,0,720.0,beauty,"Flat 4B, Park Street, Lucknow, 749586",90,14,0,0
ORD03824,0,2,2,280.0,home,"Door No. 5, Station Road, Mirzapur, 622958",90,5,0,1
ORD03825,0,2,2,550.0,fashion,"Door No. 5, Station Road, Guwahati, 838871",90,4,0,1
ORD03826,0,3,0,580.0,home,"Door No. 5, MG Road, Opposite Petrol Pump, Mumbai, 254160",100,11,0,0
ORD03827,0,3,0,400.0,fashion,"Plot No. 17, Gandhi Marg, Near Govt School, Jaipur, 429658",100,2,0,0
ORD03828,0,2,3,670.0,electronics,"H.No. 8, Gandhi Marg, Indore, 112399",90,21,0,1
ORD03829,1,2,0,510.0,accessories,"Plot No. 17, Station Road, Opposite Petrol Pump, Patna, 666201",100,19,0,0
ORD03830,0,1,0,700.0,electronics,"H.No. 8, Park Street, Opposite SBI Bank, Jaipur, 590620",100,13,0,1
ORD03831,0,1,0,720.0,accessories,"H.No. 8, Ashok Vihar, Indore, 850800",90,5,1,0
ORD03832,1,2,2,370.0,fashion,"Plot No. 17, Station Road, Patna",67,3,0,0
ORD03833,1,1,2,520.0,electronics,"Model Colony, Near City Hospital, Guwahati",50,14,0,0
ORD03834,0,3,3,700.0,beauty,"Park Street, Near City Hospital, Jaipur, 574813",73,16,0,1
ORD03835,0,1,0,1350.0,grocery,"MG Road, Opposite SBI Bank, Nagpur",50,4,1,0
ORD03836,0,2,0,780.0,home,"23, MG Road, Near City Hospital, Kanpur",77,23,0,0
ORD03837,1,2,1,450.0,accessories,"Station Road, Kanpur, 727153",63,5,0,0
ORD03838,0,2,2,850.0,fashion,"Ashok Vihar, Near Water Tank, Guwahati",50,9,0,0
ORD03839,1,2,0,1850.0,accessories,"H.No. 8, Gandhi Marg, Opposite SBI Bank, Jaipur, 432688",100,8,1,0
ORD03840,1,3,0,1150.0,fashion,"23, Ashok Vihar, Mumbai, 138484",90,3,0,0
ORD03841,0,2,0,920.0,accessories,"23, Church Street, Opposite Petrol Pump, Bhopal, 677391",100,8,0,0
ORD03842,0,2,1,1030.0,electronics,"Model Colony, Near City Hospital, Mirzapur, 670322",73,7,0,0
ORD03843,0,1,3,1580.0,grocery,"Flat 4B, Sector 12, Near Water Tank, Jaipur, 643431",100,2,1,0
ORD03844,0,2,1,1270.0,beauty,"Plot No. 17, MG Road, Bhopal, 839242",90,21,0,1
ORD03845,0,3,5,930.0,fashion,"Door No. 5, Gandhi Marg, Opposite SBI Bank, Nagpur",77,19,0,1
ORD03846,1,2,0,1260.0,accessories,"23, MG Road, Bhopal, 357197",90,0,0,0
ORD03847,1,3,3,350.0,fashion,"Door No. 5, Lake View Lane, Opposite Petrol Pump, Nagpur, 340827",100,19,0,1
ORD03848,1,2,2,270.0,fashion,"H.No. 8, Sector 12, Near Govt School, Nagpur, 835490",100,4,0,0
ORD03849,1,1,0,730.0,grocery,"H.No. 8, Ashok Vihar, Patna, 110999",90,2,0,0
ORD03850,0,1,4,690.0,fashion,"23, Lake View Lane, Lucknow, 114893",90,3,1,0
ORD03851,0,2,0,480.0,fashion,"Ashok Vihar, Opposite SBI Bank, Lucknow, 687839",73,22,0,1
ORD03852,0,2,3,1090.0,home,"Church Street, Pune, 442940",63,23,0,1
ORD03853,1,3,3,220.0,grocery,"H.No. 8, Park Street, Patna, 130784",90,18,0,0
ORD03854,1,1,2,480.0,fashion,"Plot No. 17, Lake View Lane, Bhopal, 182920",90,14,0,0
ORD03855,1,2,1,500.0,home,"Plot No. 17, Gandhi Marg, Behind Central Mall, Indore, 284075",100,18,0,0
ORD03856,0,2,0,250.0,beauty,"Flat 4B, Ashok Vihar, Lucknow, 572706",90,15,0,0
ORD03857,0,2,0,1630.0,accessories,"Door No. 5, Ashok Vihar, Near Govt School, Guwahati",77,22,0,0
ORD03858,1,1,0,290.0,accessories,"Flat 4B, Gandhi Marg, Bhopal",67,7,0,0
ORD03859,0,1,2,470.0,grocery,"Flat 4B, Ashok Vihar, Mumbai",67,13,1,0
ORD03860,1,1,2,1150.0,beauty,"23, MG Road, Jaipur",67,4,1,0
ORD03861,1,1,3,980.0,electronics,"Door No. 5, Ashok Vihar, Mumbai, 584086",90,0,0,0
ORD03862,1,1,0,340.0,fashion,"Plot No. 17, Station Road, Opposite Petrol Pump, Bhopal, 434966",100,18,0,0
ORD03863,0,1,2,1000.0,beauty,"Ashok Vihar, Near Water Tank, Bhopal, 214579",73,4,1,1
ORD03864,0,2,3,790.0,accessories,"Plot No. 17, Station Road, Indore, 228985",90,2,0,0
ORD03865,0,2,2,2700.0,beauty,"Gandhi Marg, Lucknow, 371889",63,16,0,0
ORD03866,0,3,0,850.0,fashion,"Plot No. 17, Church Street, Near City Hospital, Patna, 478657",100,6,0,0
ORD03867,0,1,0,610.0,electronics,"Sector 12, Indore, 815183",63,16,0,0
ORD03868,1,2,0,400.0,beauty,"Gandhi Marg, Bhopal, 691839",63,12,1,0
ORD03869,1,2,1,430.0,beauty,"H.No. 8, Nehru Nagar, Guwahati, 453858",90,21,1,0
ORD03870,0,1,1,410.0,beauty,"Flat 4B, Station Road, Opposite Petrol Pump, Guwahati, 363098",100,21,0,0
ORD03871,0,3,5,1510.0,home,"Flat 4B, Nehru Nagar, Mumbai",67,13,0,1
ORD03872,0,1,0,670.0,fashion,"Door No. 5, MG Road, Behind Central Mall, Nagpur, 217459",100,22,0,0
ORD03873,0,3,0,930.0,accessories,"23, Church Street, Nagpur, 176685",90,11,0,1
ORD03874,1,3,1,1650.0,beauty,"Flat 4B, Station Road, Ranchi",67,10,0,0
ORD03875,0,2,2,200.0,fashion,"Plot No. 17, Church Street, Mirzapur, 212587",90,0,1,0
ORD03876,0,2,3,1430.0,electronics,"Plot No. 17, Model Colony, Opposite Petrol Pump, Mumbai",77,2,0,0
ORD03877,0,2,2,690.0,accessories,"Flat 4B, Nehru Nagar, Behind Central Mall, Lucknow, 370166",100,11,0,0
ORD03878,1,2,0,860.0,accessories,"H.No. 8, Church Street, Near Water Tank, Jaipur",77,8,0,0
ORD03879,1,2,1,400.0,electronics,"Plot No. 17, Church Street, Patna",67,1,1,0
ORD03880,0,1,2,420.0,fashion,"Flat 4B, Station Road, Kanpur, 586693",90,13,0,0
ORD03881,0,1,0,890.0,fashion,"H.No. 8, Model Colony, Indore, 700893",90,4,0,0
ORD03882,1,2,0,2780.0,fashion,"Flat 4B, Church Street, Ranchi",67,2,0,0
ORD03883,1,2,0,1210.0,beauty,"H.No. 8, Park Street, Behind Central Mall, Pune",77,11,1,0
ORD03884,0,3,0,1420.0,home,"Plot No. 17, Lake View Lane, Lucknow, 160999",90,11,0,1
ORD03885,1,1,1,590.0,beauty,"Door No. 5, Park Street, Opposite Petrol Pump, Mumbai, 264421",100,20,1,0
ORD03886,1,3,0,460.0,beauty,"Plot No. 17, Sector 12, Nagpur",67,6,0,0
ORD03887,1,1,0,420.0,fashion,"23, Gandhi Marg, Near City Hospital, Guwahati, 606149",100,0,0,0
ORD03888,1,2,0,500.0,fashion,"Plot No. 17, Lake View Lane, Near Govt School, Patna, 814638",100,2,1,0
ORD03889,1,2,1,200.0,electronics,"Ashok Vihar, Pune, 682166",63,10,1,0
ORD03890,0,2,0,430.0,fashion,"Door No. 5, Model Colony, Jaipur, 221562",90,12,0,1
ORD03891,1,1,1,480.0,fashion,"H.No. 8, Gandhi Marg, Patna",67,21,0,0
ORD03892,0,2,0,600.0,beauty,"23, Station Road, Behind Central Mall, Kanpur, 834153",100,22,1,0
ORD03893,1,3,0,720.0,grocery,"Door No. 5, Lake View Lane, Patna",67,9,0,0
ORD03894,0,2,0,830.0,grocery,"Station Road, Ranchi, 228162",63,18,0,0
ORD03895,1,2,0,660.0,grocery,"Plot No. 17, Nehru Nagar, Near Govt School, Lucknow, 239837",100,3,0,0
ORD03896,1,3,0,470.0,beauty,"Station Road, Bhopal, 306036",63,21,0,0
ORD03897,0,2,0,200.0,beauty,"H.No. 8, Nehru Nagar, Indore",67,4,1,1
ORD03898,1,2,3,470.0,fashion,"Flat 4B, Lake View Lane, Bhopal, 219525",90,10,0,0
ORD03899,0,1,1,370.0,accessories,"H.No. 8, Sector 12, Indore, 382054",90,8,0,0
ORD03900,1,3,0,880.0,fashion,"23, MG Road, Jaipur, 803401",90,12,0,0
ORD03901,0,2,0,1150.0,fashion,"Gandhi Marg, Near City Hospital, Kanpur",50,16,1,0
ORD03902,0,1,4,1170.0,fashion,"Flat 4B, Church Street, Patna, 255246",90,14,1,1
ORD03903,1,1,1,1050.0,accessories,"Nehru Nagar, Ranchi, 643244",63,12,1,0
ORD03904,0,3,0,610.0,accessories,"Park Street, Indore",40,20,0,1
ORD03905,1,1,1,490.0,grocery,"Nehru Nagar, Nagpur, 685847",63,10,0,0
ORD03906,0,3,2,420.0,beauty,"H.No. 8, Ashok Vihar, Bhopal, 519675",90,0,1,1
ORD03907,0,1,2,270.0,home,"H.No. 8, Lake View Lane, Lucknow, 439140",90,7,1,0
ORD03908,0,3,0,1210.0,accessories,"Nehru Nagar, Guwahati, 767358",63,22,1,0
ORD03909,1,2,0,600.0,beauty,"Plot No. 17, Ashok Vihar, Mirzapur, 158071",90,4,0,0
ORD03910,0,2,0,310.0,accessories,"Plot No. 17, Park Street, Kanpur",67,21,0,1
ORD03911,0,3,3,410.0,electronics,"Model Colony, Mirzapur, 630302",63,15,1,0
ORD03912,0,2,1,400.0,electronics,"Door No. 5, Sector 12, Patna, 166488",90,3,0,1
ORD03913,0,2,0,680.0,accessories,"H.No. 8, Lake View Lane, Bhopal, 285877",90,18,0,0
ORD03914,1,1,3,1260.0,fashion,"23, Gandhi Marg, Mumbai, 336879",90,17,0,1
ORD03915,1,1,3,540.0,accessories,"23, MG Road, Opposite Petrol Pump, Ranchi, 638072",100,22,0,0
ORD03916,0,1,5,200.0,home,"Lake View Lane, Opposite SBI Bank, Jaipur, 570696",73,1,1,1
ORD03917,1,2,3,590.0,accessories,"Door No. 5, Nehru Nagar, Opposite Petrol Pump, Patna, 551801",100,12,0,0
ORD03918,0,1,5,610.0,electronics,"23, MG Road, Opposite SBI Bank, Ranchi, 705939",100,15,1,1
ORD03919,1,1,0,580.0,beauty,"H.No. 8, Lake View Lane, Opposite Petrol Pump, Nagpur, 510897",100,21,0,0
ORD03920,1,2,2,460.0,electronics,"Plot No. 17, Nehru Nagar, Mumbai, 292854",90,7,1,0
ORD03921,1,2,2,760.0,beauty,"Plot No. 17, Nehru Nagar, Guwahati, 716431",90,18,0,0
ORD03922,0,2,0,690.0,home,"23, Gandhi Marg, Opposite SBI Bank, Jaipur, 357414",100,2,1,1
ORD03923,1,1,0,660.0,accessories,"H.No. 8, Ashok Vihar, Mirzapur, 573524",90,18,0,0
ORD03924,0,1,4,850.0,beauty,"Plot No. 17, Gandhi Marg, Behind Central Mall, Lucknow",77,16,0,0
ORD03925,1,3,0,510.0,fashion,"Door No. 5, Gandhi Marg, Near City Hospital, Indore, 609857",100,8,0,0
ORD03926,0,1,3,500.0,accessories,"23, Model Colony, Behind Central Mall, Indore",77,20,1,0
ORD03927,1,3,0,1520.0,fashion,"Plot No. 17, Park Street, Bhopal, 257316",90,20,0,0
ORD03928,1,3,0,930.0,electronics,"Flat 4B, Park Street, Opposite Petrol Pump, Mirzapur, 148801",100,22,0,0
ORD03929,1,3,0,1090.0,fashion,"Plot No. 17, Ashok Vihar, Mirzapur, 544561",90,16,0,0
ORD03930,0,1,0,1390.0,accessories,"H.No. 8, Station Road, Near Govt School, Indore, 251638",100,0,0,0
ORD03931,1,3,1,910.0,fashion,"Flat 4B, Park Street, Jaipur, 734779",90,3,1,0
ORD03932,0,3,1,1160.0,fashion,"MG Road, Guwahati",40,22,0,0
ORD03933,1,2,0,260.0,accessories,"H.No. 8, Sector 12, Opposite Petrol Pump, Patna",77,14,0,0
ORD03934,0,2,0,750.0,grocery,"Plot No. 17, Ashok Vihar, Kanpur, 358391",90,11,0,0
ORD03935,0,1,0,600.0,fashion,"Church Street, Patna, 642787",63,16,0,0
ORD03936,0,1,0,1820.0,grocery,"Flat 4B, Lake View Lane, Kanpur",67,11,0,0
ORD03937,0,2,2,1160.0,accessories,"Flat 4B, Gandhi Marg, Guwahati, 798674",90,15,0,1
ORD03938,0,2,0,460.0,fashion,"H.No. 8, Sector 12, Opposite SBI Bank, Patna",77,12,0,0
ORD03939,0,2,0,830.0,grocery,"23, MG Road, Patna, 693219",90,10,0,0
ORD03940,0,2,0,740.0,home,"Door No. 5, MG Road, Kanpur, 124944",90,14,1,1
ORD03941,1,2,0,870.0,beauty,"H.No. 8, Nehru Nagar, Near Govt School, Lucknow",77,15,0,0
ORD03942,1,2,0,360.0,electronics,"H.No. 8, Church Street, Jaipur, 662062",90,5,0,0
ORD03943,0,3,0,830.0,beauty,"H.No. 8, Park Street, Lucknow, 561454",90,10,0,1
ORD03944,0,1,2,580.0,fashion,"23, Park Street, Mirzapur, 254670",90,14,0,1
ORD03945,0,2,3,790.0,grocery,"H.No. 8, Ashok Vihar, Patna, 625136",90,4,0,0
ORD03946,0,1,2,430.0,fashion,"23, Sector 12, Jaipur, 770610",90,2,0,0
ORD03947,1,2,0,470.0,electronics,"Model Colony, Pune",40,1,1,0
ORD03948,1,2,0,1350.0,fashion,"MG Road, Behind Central Mall, Jaipur, 465440",73,0,1,0
ORD03949,0,3,0,350.0,grocery,"23, Model Colony, Lucknow",67,14,1,0
ORD03950,0,1,1,370.0,electronics,"H.No. 8, Ashok Vihar, Opposite Petrol Pump, Mirzapur, 231345",100,1,0,0
ORD03951,0,3,5,640.0,electronics,"Plot No. 17, Sector 12, Near Govt School, Jaipur, 695945",100,19,0,1
ORD03952,1,1,0,420.0,electronics,"Door No. 5, Nehru Nagar, Pune, 508996",90,5,1,0
ORD03953,1,2,0,390.0,grocery,"H.No. 8, Sector 12, Near Water Tank, Mirzapur, 693705",100,11,0,0
ORD03954,0,1,1,710.0,electronics,"Church Street, Nagpur",40,20,0,1
ORD03955,0,3,2,270.0,grocery,"Ashok Vihar, Behind Central Mall, Lucknow, 450058",73,15,0,0
ORD03956,1,2,2,360.0,fashion,"MG Road, Pune, 329924",63,13,0,0
ORD03957,1,2,1,2280.0,fashion,"H.No. 8, Sector 12, Bhopal, 688901",90,3,0,0
ORD03958,0,3,4,880.0,home,"Door No. 5, Sector 12, Behind Central Mall, Guwahati, 629755",100,7,1,1
ORD03959,0,1,0,420.0,accessories,"Flat 4B, Model Colony, Opposite SBI Bank, Ranchi",77,11,0,0
ORD03960,0,1,3,850.0,fashion,"Flat 4B, Nehru Nagar, Bhopal, 348741",90,22,0,1
ORD03961,1,3,4,930.0,fashion,"23, Church Street, Ranchi, 153689",90,13,0,0
ORD03962,0,2,2,1210.0,fashion,"Plot No. 17, MG Road, Behind Central Mall, Ranchi",77,19,0,1
ORD03963,0,1,0,620.0,beauty,"Flat 4B, Gandhi Marg, Opposite SBI Bank, Mirzapur, 329342",100,12,0,0
ORD03964,1,2,0,1190.0,electronics,"Station Road, Mirzapur",40,4,0,0
ORD03965,0,2,0,200.0,grocery,"Door No. 5, Model Colony, Patna, 597601",90,11,0,0
ORD03966,1,1,0,350.0,fashion,"Flat 4B, Church Street, Near Govt School, Jaipur, 596169",100,9,0,0
ORD03967,0,1,3,730.0,fashion,"23, Ashok Vihar, Near City Hospital, Lucknow",77,20,0,1
ORD03968,0,1,0,810.0,electronics,"Flat 4B, Nehru Nagar, Near Govt School, Kanpur, 160411",100,18,0,0
ORD03969,1,2,0,380.0,beauty,"23, Ashok Vihar, Bhopal, 421022",90,12,0,0
ORD03970,0,3,2,780.0,beauty,"H.No. 8, Ashok Vihar, Near Water Tank, Patna, 397872",100,8,0,1
ORD03971,1,3,0,460.0,fashion,"H.No. 8, Ashok Vihar, Indore, 436521",90,10,0,0
ORD03972,0,2,0,560.0,accessories,"23, Lake View Lane, Behind Central Mall, Ranchi",77,4,0,1
ORD03973,0,1,0,1230.0,electronics,"Door No. 5, Sector 12, Opposite Petrol Pump, Indore, 549730",100,12,0,1
ORD03974,1,3,1,1150.0,beauty,"Flat 4B, Model Colony, Jaipur",67,9,0,0
ORD03975,0,2,0,370.0,home,"Plot No. 17, Lake View Lane, Opposite SBI Bank, Guwahati, 797219",100,17,0,0
ORD03976,1,1,2,350.0,fashion,"23, Station Road, Guwahati, 365822",90,14,1,0
ORD03977,0,3,0,520.0,grocery,"Plot No. 17, Sector 12, Kanpur, 689169",90,19,0,1
ORD03978,0,3,3,650.0,grocery,"Flat 4B, Sector 12, Nagpur, 419100",90,11,0,0
ORD03979,0,2,0,450.0,electronics,"MG Road, Near City Hospital, Ranchi, 570769",73,3,1,1
ORD03980,0,2,0,1240.0,home,"Station Road, Mirzapur, 355829",63,4,0,0
ORD03981,1,1,0,820.0,fashion,"Door No. 5, Ashok Vihar, Pune, 838520",90,7,0,0
ORD03982,1,1,0,850.0,beauty,"Plot No. 17, Model Colony, Jaipur, 522113",90,4,0,0
ORD03983,0,2,0,310.0,electronics,"Flat 4B, Ashok Vihar, Near Govt School, Guwahati, 434915",100,0,0,0
ORD03984,0,1,0,1340.0,grocery,"Flat 4B, Lake View Lane, Ranchi, 454296",90,17,0,0
ORD03985,1,2,0,200.0,fashion,"Plot No. 17, Lake View Lane, Behind Central Mall, Guwahati",77,18,1,0
ORD03986,1,3,1,1100.0,fashion,"H.No. 8, Gandhi Marg, Opposite SBI Bank, Nagpur, 429433",100,18,0,0
ORD03987,0,3,0,1170.0,fashion,"Flat 4B, Station Road, Guwahati, 746347",90,9,0,0
ORD03988,0,2,0,510.0,fashion,"Door No. 5, Gandhi Marg, Opposite SBI Bank, Mumbai, 823865",100,21,0,0
ORD03989,0,3,2,1430.0,home,"Plot No. 17, Station Road, Bhopal, 773691",90,8,0,0
ORD03990,1,3,4,640.0,fashion,"H.No. 8, Gandhi Marg, Bhopal, 376805",90,0,0,0
ORD03991,0,2,0,690.0,grocery,"Door No. 5, Nehru Nagar, Lucknow",67,21,0,0
ORD03992,0,1,0,820.0,fashion,"Door No. 5, Church Street, Ranchi, 635139",90,19,0,0
ORD03993,1,1,4,4500.0,beauty,"Door No. 5, Church Street, Near Govt School, Jaipur, 701610",100,2,0,0
ORD03994,0,2,0,1490.0,home,"Door No. 5, Model Colony, Near Water Tank, Indore, 602858",100,12,0,0
ORD03995,0,1,4,1010.0,accessories,"23, Lake View Lane, Behind Central Mall, Guwahati",77,5,0,0
ORD03996,0,1,0,380.0,accessories,"Plot No. 17, Model Colony, Opposite Petrol Pump, Indore",77,5,1,0
ORD03997,0,1,3,720.0,accessories,"Gandhi Marg, Lucknow, 429671",63,17,0,0
ORD03998,0,2,0,410.0,grocery,"Flat 4B, Station Road, Indore",67,4,0,0
ORD03999,0,3,3,1090.0,electronics,"Plot No. 17, MG Road, Mumbai, 848983",90,16,1,0
ORD04000,0,1,0,720.0,grocery,"Door No. 5, Ashok Vihar, Behind Central Mall, Ranchi, 625883",100,2,1,0
